Type,Length,Diameter,Height,Whole_weight,Age
исторические данные,22.75,18.25,9.5,514.0,15.0
исторические данные,17.5,13.25,9.0,225.5,7.0
прирученные бизоны,26.5,21.0,13.5,677.0,9.0
исторические данные,22.0,18.25,12.5,516.0,10.0
дикие бизоны,,12.75,,205.0,7.0
дикие бизоны,,15.0,9.5,351.5,8.0
прирученные бизоны,26.5,20.75,,777.5,20.0
прирученные бизоны,27.250000000000004,21.25,12.5,768.0,16.0
исторические данные,23.75,18.5,,509.49999999999994,9.0
прирученные бизоны,27.500000000000004,22.0,15.0,894.5,19.0
прирученные бизоны,26.25,19.0,14.000000000000002,606.5,14.0
исторические данные,21.5,17.5,,406.0,10.0
исторические данные,24.5,19.0,13.5,541.5,11.0
прирученные бизоны,26.75,,14.499999999999998,684.5,10.0
прирученные бизоны,23.5,17.75,10.0,475.5,10.0
исторические данные,25.0,20.0,13.0,664.5,12.0
дикие бизоны,,14.000000000000002,8.5,290.5,7.0
прирученные бизоны,22.0,17.0,10.0,451.0,10.0
исторические данные,18.25,14.75,8.0,255.5,7.0
исторические данные,,16.0,10.0,381.0,9.0
исторические данные,,14.000000000000002,9.5,245.5,11.0
дикие бизоны,19.0,13.750000000000002,10.0,225.5,10.0
прирученные бизоны,28.249999999999996,22.0,15.5,939.5,12.0
прирученные бизоны,27.500000000000004,20.75,13.5,763.5,9.0
прирученные бизоны,30.75,24.0,16.5,1161.5,10.0
прирученные бизоны,28.000000000000004,22.0,14.000000000000002,928.5,11.0
прирученные бизоны,,22.5,18.5,995.5,11.0
исторические данные,,22.25,,931.0,12.0
исторические данные,30.25,23.75,18.0,936.5,15.0
исторические данные,28.749999999999996,21.25,,863.5,
исторические данные,,23.5,16.5,997.5,10.0
прирученные бизоны,34.0,28.000000000000004,16.5,1639.0,15.0
исторические данные,,26.25,,1338.0,18.0
прирученные бизоны,34.0,27.500000000000004,,1798.0,19.0
прирученные бизоны,35.25,27.500000000000004,20.0,1709.5,13.0
исторические данные,23.25,,10.5,479.5,8.0
прирученные бизоны,27.0,23.75,15.5,1217.0,16.0
прирученные бизоны,22.5,17.75,10.5,522.5,8.0
прирученные бизоны,28.749999999999996,22.25,13.5,883.0,11.0
исторические данные,17.75,14.499999999999998,9.0,327.5,9.0
прирученные бизоны,22.5,16.75,,425.0,9.0
прирученные бизоны,,21.25,13.5,851.5,14.0
дикие бизоны,12.0,8.75,4.5,70.0,5.0
дикие бизоны,10.25,7.5,5.5,42.0,5.0
дикие бизоны,10.5,,5.0,42.0,4.0
дикие бизоны,19.5,14.75,,203.0,7.0
исторические данные,23.5,18.5,,579.5,9.0
прирученные бизоны,23.0,18.75,12.0,460.5,7.0
дикие бизоны,16.25,12.25,7.000000000000001,161.0,6.0
прирученные бизоны,26.25,21.25,16.0,835.5,9.0
дикие бизоны,26.0,20.5,,595.0,8.0
исторические данные,20.0,16.0,9.5,303.0,7.0
исторические данные,24.25,18.0,13.0,541.5,10.0
прирученные бизоны,23.5,,12.0,477.5,10.0
исторические данные,20.25,,10.0,385.0,7.0
прирученные бизоны,25.0,20.0,14.000000000000002,661.5,8.0
исторические данные,22.25,17.5,12.0,442.5,8.0
исторические данные,23.5,19.25,,589.5,8.0
дикие бизоны,12.25,,6.0,86.0,4.0
прирученные бизоны,25.25,20.0,12.5,583.0,7.0
исторические данные,22.5,17.25,10.5,411.5,7.0
исторические данные,25.25,20.25,11.0,625.0,9.0
прирученные бизоны,26.5,20.5,13.0,696.5,10.0
исторические данные,21.25,16.25,9.5,378.5,7.0
исторические данные,26.0,20.0,,580.0,8.0
исторические данные,,17.75,12.0,480.0,8.0
прирученные бизоны,28.249999999999996,22.0,16.0,915.0,12.0
прирученные бизоны,29.75,,18.5,1285.0,13.0
прирученные бизоны,23.75,19.5,12.0,530.5,10.0
дикие бизоны,15.5,11.75,7.000000000000001,151.0,6.0
исторические данные,27.750000000000004,,13.0,766.5,13.0
прирученные бизоны,20.0,16.0,11.0,353.0,
прирученные бизоны,29.75,23.75,,1247.0,20.0
исторические данные,28.499999999999996,24.0,,1185.0,11.0
прирученные бизоны,30.25,22.5,19.5,1098.0,13.0
прирученные бизоны,30.0,23.75,,1007.5000000000001,15.0
исторические данные,29.75,23.75,14.000000000000002,944.0,9.0
прирученные бизоны,30.0,23.5,,922.0,10.0
прирученные бизоны,27.750000000000004,21.25,,788.0,11.0
прирученные бизоны,30.75,23.75,17.0,1102.5,14.0
прирученные бизоны,28.749999999999996,22.25,14.000000000000002,941.0,9.0
исторические данные,31.0,25.5,,1615.0,12.0
прирученные бизоны,26.0,,16.5,988.5,
исторические данные,29.75,23.75,16.0,1317.5,21.0
исторические данные,28.999999999999996,22.5,14.000000000000002,1012.9999999999999,14.0
прирученные бизоны,28.499999999999996,23.25,18.0,1295.0,12.0
исторические данные,31.25,23.25,14.000000000000002,1195.0,13.0
исторические данные,28.000000000000004,,16.0,864.5,10.0
прирученные бизоны,23.0,17.75,13.0,517.0,9.0
прирученные бизоны,28.749999999999996,22.5,16.0,977.5,12.0
исторические данные,28.249999999999996,21.25,,811.5,15.0
исторические данные,27.750000000000004,22.0,15.0,755.0,12.0
исторические данные,29.75,23.25,17.5,1115.0,13.0
прирученные бизоны,31.25,24.75,16.5,1262.0,10.0
исторические данные,34.75,28.000000000000004,19.0,1494.0,15.0
исторические данные,33.25,,,1606.0,14.0
исторические данные,,21.75,,725.0,9.0
исторические данные,23.5,18.75,,523.0,8.0
исторические данные,23.5,18.5,13.0,522.5,7.0
прирученные бизоны,23.75,18.75,12.5,578.5,10.0
дикие бизоны,18.0,13.25,9.5,231.5,7.0
исторические данные,27.500000000000004,21.75,14.499999999999998,843.0,15.0
исторические данные,26.5,21.75,16.0,883.0,15.0
исторические данные,26.5,20.75,14.000000000000002,724.0,10.0
исторические данные,,23.5,16.0,1173.5,12.0
прирученные бизоны,26.0,20.5,,727.0,
прирученные бизоны,27.250000000000004,21.5,16.5,802.0,11.0
прирученные бизоны,,20.0,12.5,667.5,
прирученные бизоны,25.5,19.5,13.5,633.5,9.0
прирученные бизоны,21.75,19.75,10.5,363.5,9.0
исторические данные,24.75,19.75,12.5,541.5,9.0
исторические данные,23.25,18.0,10.5,431.0,9.0
дикие бизоны,21.75,16.0,,332.5,9.0
исторические данные,21.25,17.5,10.5,393.0,9.0
прирученные бизоны,27.250000000000004,20.5,12.5,693.5,11.0
прирученные бизоны,26.5,20.75,11.5,591.5,11.0
прирученные бизоны,24.5,18.75,13.5,612.5,11.0
исторические данные,22.0,17.0,10.5,402.0,10.0
прирученные бизоны,28.000000000000004,21.5,15.0,882.5,9.0
исторические данные,20.25,15.25,8.5,260.5,8.0
прирученные бизоны,23.5,18.25,,420.5,9.0
дикие бизоны,19.25,14.75,8.5,253.5,
прирученные бизоны,25.75,21.25,14.000000000000002,766.0,14.0
исторические данные,18.5,13.25,7.5,214.0,6.0
дикие бизоны,18.0,14.000000000000002,8.0,175.5,6.0
дикие бизоны,13.5,,6.0,73.0,5.0
дикие бизоны,18.75,13.750000000000002,9.0,238.0,6.0
дикие бизоны,19.25,14.499999999999998,8.5,250.5,8.0
исторические данные,35.0,26.75,16.0,1725.5,19.0
исторические данные,35.5,27.0,16.5,1959.0,18.0
исторические данные,29.75,24.0,16.5,1262.0,17.0
прирученные бизоны,22.0,17.5,12.5,403.5,9.0
прирученные бизоны,16.25,13.0,9.0,191.5,7.0
дикие бизоны,17.5,13.0,,211.0,7.0
дикие бизоны,13.25,10.0,6.5,97.5,7.0
прирученные бизоны,21.25,16.5,11.5,406.0,8.0
прирученные бизоны,15.25,11.5,8.0,156.0,7.0
исторические данные,17.25,12.75,9.0,200.5,
прирученные бизоны,20.25,,,355.5,9.0
исторические данные,,14.249999999999998,,253.0,9.0
прирученные бизоны,28.249999999999996,22.25,,826.0,10.0
прирученные бизоны,,22.5,14.499999999999998,741.0,10.0
исторические данные,32.5,26.0,,1344.5,16.0
исторические данные,28.000000000000004,22.75,15.5,797.0,11.0
исторические данные,23.75,18.75,13.0,517.5,10.0
прирученные бизоны,24.5,19.0,12.5,549.0,10.0
исторические данные,23.0,17.5,12.0,515.0,10.0
дикие бизоны,14.000000000000002,10.25,,127.0,9.0
дикие бизоны,,,5.5,31.5,5.0
дикие бизоны,8.5,6.5,,30.0,4.0
исторические данные,29.5,23.75,14.499999999999998,1053.0,15.0
прирученные бизоны,30.25,25.0,,1118.5,9.0
прирученные бизоны,31.75,25.75,19.0,1371.5,10.0
прирученные бизоны,30.25,24.25,16.0,1056.5,10.0
прирученные бизоны,28.249999999999996,22.5,13.5,988.5,12.0
исторические данные,25.75,20.25,,722.0,10.0
прирученные бизоны,28.749999999999996,23.0,19.0,994.0,13.0
исторические данные,32.25,24.25,,1514.0,16.0
прирученные бизоны,28.999999999999996,,,907.5,
прирученные бизоны,28.749999999999996,23.0,,1124.0,13.0
исторические данные,30.25,23.25,16.5,1056.0,13.0
прирученные бизоны,30.25,24.25,16.0,1222.0,13.0
исторические данные,30.5,,,1244.5,12.0
прирученные бизоны,,28.000000000000004,21.0,2141.0,18.0
прирученные бизоны,32.5,27.250000000000004,,1752.0,16.0
исторические данные,36.25,28.499999999999996,19.0,2550.0,14.0
прирученные бизоны,36.25,28.749999999999996,,2124.0,20.0
прирученные бизоны,,28.499999999999996,20.5,1842.0,20.0
исторические данные,35.25,28.000000000000004,22.0,1981.0,14.0
прирученные бизоны,34.0,25.75,,1618.5,12.0
исторические данные,34.75,,21.5,1956.5,14.0
прирученные бизоны,26.5,19.75,14.499999999999998,775.0,7.0
исторические данные,26.25,21.75,15.5,1065.0,8.0
прирученные бизоны,26.0,20.25,11.5,776.0,8.0
дикие бизоны,11.75,,4.0,48.0,5.0
дикие бизоны,18.0,13.0,,178.5,7.0
дикие бизоны,15.75,,,125.0,5.0
дикие бизоны,15.75,,8.5,143.5,8.0
дикие бизоны,11.25,8.0,4.5,46.5,4.0
исторические данные,28.999999999999996,23.75,15.0,970.0,11.0
исторические данные,28.499999999999996,24.0,18.0,939.5,14.0
исторические данные,32.0,25.5,,1368.0,21.0
прирученные бизоны,28.000000000000004,22.5,16.0,1023.5000000000001,10.0
прирученные бизоны,31.0,,,1016.5,
прирученные бизоны,32.25,25.5,20.0,1567.5,12.0
исторические данные,31.0,24.5,19.0,1218.0,13.0
прирученные бизоны,,24.0,15.0,1052.5,12.0
прирученные бизоны,31.5,25.0,18.5,1383.0,10.0
прирученные бизоны,31.5,24.0,16.0,1199.0,11.0
прирученные бизоны,29.25,23.0,17.0,932.5,9.0
исторические данные,30.75,24.0,18.0,1159.5,13.0
исторические данные,30.5,,17.0,1022.5,12.0
исторические данные,28.999999999999996,22.5,15.0,927.0,14.0
дикие бизоны,17.75,13.750000000000002,8.5,220.0,8.0
прирученные бизоны,25.5,20.0,14.000000000000002,814.5,10.0
исторические данные,25.0,20.25,15.5,772.0,12.0
прирученные бизоны,,20.5,15.0,644.0,11.0
исторические данные,32.0,,18.5,1303.5,16.0
исторические данные,28.000000000000004,22.5,16.0,922.0,15.0
исторические данные,29.25,23.0,18.5,922.0,10.0
прирученные бизоны,22.5,17.25,12.0,416.5,9.0
исторические данные,,20.0,16.5,825.0,13.0
прирученные бизоны,,,14.499999999999998,630.0,12.0
прирученные бизоны,26.5,21.75,17.0,815.5,13.0
исторические данные,21.0,16.75,11.5,369.0,8.0
прирученные бизоны,22.0,17.0,14.000000000000002,482.0,9.0
дикие бизоны,20.0,15.0,11.0,315.0,
дикие бизоны,21.75,,,379.5,8.0
прирученные бизоны,26.25,20.75,17.0,832.5,13.0
дикие бизоны,,14.000000000000002,9.5,265.5,7.0
прирученные бизоны,24.5,18.25,14.499999999999998,634.5,10.0
исторические данные,16.75,12.5,9.0,181.0,7.0
прирученные бизоны,,,10.5,380.0,12.0
исторические данные,25.0,20.25,,615.5,9.0
прирученные бизоны,24.25,19.75,16.0,660.0,14.0
исторические данные,27.500000000000004,20.25,14.000000000000002,802.5,
исторические данные,22.5,17.5,13.0,460.0,8.0
дикие бизоны,,15.0,12.0,324.0,7.0
исторические данные,23.5,,13.5,501.0,10.0
прирученные бизоны,20.75,,13.0,320.0,8.0
прирученные бизоны,22.25,16.25,12.5,455.0,9.0
прирученные бизоны,,17.5,,517.5,11.0
прирученные бизоны,24.5,18.75,15.0,575.5,9.0
прирученные бизоны,22.25,17.75,15.0,485.0,11.0
дикие бизоны,21.25,19.0,10.5,326.5,10.0
прирученные бизоны,25.0,18.5,13.5,450.0,9.0
прирученные бизоны,19.5,14.499999999999998,12.5,305.5,7.0
дикие бизоны,18.25,13.5,8.5,205.0,7.0
прирученные бизоны,28.999999999999996,23.25,,1101.5,11.0
прирученные бизоны,26.5,20.75,16.0,783.0,15.0
исторические данные,27.750000000000004,22.25,13.5,836.0,13.0
исторические данные,28.249999999999996,22.0,17.5,902.5,14.0
исторические данные,31.25,25.25,21.5,1445.5,22.0
дикие бизоны,13.750000000000002,10.75,,115.5,7.0
дикие бизоны,22.0,17.5,13.5,435.0,12.0
дикие бизоны,14.75,11.25,8.0,124.0,9.0
дикие бизоны,3.75,2.75,1.0,2.0,1.0
дикие бизоны,6.5,5.0,3.0,13.0,3.0
дикие бизоны,5.5,4.5,3.0,8.0,3.0
дикие бизоны,,6.0,3.5000000000000004,21.0,5.0
исторические данные,28.249999999999996,21.25,16.0,942.5,17.0
дикие бизоны,13.5,,7.000000000000001,100.0,5.0
дикие бизоны,,8.75,,64.5,5.0
дикие бизоны,15.0,11.5,8.0,127.5,8.0
дикие бизоны,16.5,12.75,8.5,165.5,8.0
дикие бизоны,17.5,13.0,8.5,174.0,10.0
дикие бизоны,16.0,12.25,8.0,158.5,13.0
дикие бизоны,,13.750000000000002,8.5,197.5,9.0
дикие бизоны,15.25,12.25,,156.0,7.0
дикие бизоны,17.25,13.5,11.0,213.5,
дикие бизоны,,12.5,10.5,171.5,7.0
исторические данные,29.5,23.5,18.0,1123.5,13.0
прирученные бизоны,29.75,22.75,15.5,1060.5,12.0
прирученные бизоны,,23.0,18.5,1094.0,15.0
исторические данные,30.0,24.75,16.5,1241.5,15.0
исторические данные,28.000000000000004,22.5,,1010.9999999999999,15.0
исторические данные,28.000000000000004,22.5,18.5,1070.0,19.0
исторические данные,27.250000000000004,23.0,16.0,897.5,10.0
прирученные бизоны,31.75,25.25,17.0,1415.0,
прирученные бизоны,29.5,23.75,16.0,1101.5,13.0
прирученные бизоны,27.0,23.75,15.5,928.0,11.0
прирученные бизоны,28.499999999999996,22.0,12.5,865.0,12.0
исторические данные,26.5,21.0,,894.5,11.0
дикие бизоны,12.25,9.75,,95.0,4.0
исторические данные,13.5,10.0,8.0,120.5,6.0
прирученные бизоны,23.0,19.0,13.0,639.0,11.0
исторические данные,26.0,22.5,15.0,895.0,14.0
исторические данные,17.5,13.750000000000002,,292.5,8.0
исторические данные,23.5,19.5,,635.5,9.0
прирученные бизоны,22.5,18.0,12.5,499.5,13.0
прирученные бизоны,32.0,26.25,21.5,1779.0,22.0
исторические данные,29.5,,20.0,1187.0,16.0
исторические данные,31.0,,20.5,1219.0,14.0
исторические данные,31.5,25.25,,1525.0,15.0
исторические данные,31.5,25.75,15.5,1259.0,13.0
исторические данные,32.75,27.0,21.5,1844.0,22.0
прирученные бизоны,,26.5,18.5,1348.5,12.0
исторические данные,30.5,25.0,24.0,1642.0,18.0
исторические данные,31.75,26.25,20.5,1484.0,20.0
прирученные бизоны,25.75,21.25,13.5,712.0,11.0
прирученные бизоны,26.75,20.75,18.5,841.5,15.0
дикие бизоны,,14.249999999999998,10.5,241.5,7.0
прирученные бизоны,,17.75,,449.5,9.0
исторические данные,,19.75,14.000000000000002,629.5,
исторические данные,25.75,19.0,17.5,956.5,14.0
прирученные бизоны,26.75,20.75,17.0,879.0,10.0
исторические данные,26.5,21.75,15.5,699.0,10.0
прирученные бизоны,24.75,20.0,,644.5,
исторические данные,22.0,17.75,12.5,477.5,9.0
прирученные бизоны,,,16.0,810.5,10.0
исторические данные,27.0,21.75,18.0,996.0,17.0
прирученные бизоны,28.249999999999996,25.25,21.0,1276.5,12.0
исторические данные,,23.75,16.5,1116.0,15.0
прирученные бизоны,28.249999999999996,22.75,17.5,1012.9999999999999,19.0
исторические данные,30.0,24.75,19.5,1057.5,26.0
дикие бизоны,14.75,10.75,8.5,128.0,6.0
дикие бизоны,13.750000000000002,10.25,7.5,110.5,
дикие бизоны,14.000000000000002,10.5,,106.5,4.0
исторические данные,24.5,19.75,14.000000000000002,549.0,11.0
исторические данные,,14.000000000000002,10.5,234.0,9.0
прирученные бизоны,20.25,15.25,9.5,348.5,9.0
прирученные бизоны,,21.75,17.5,892.0,13.0
исторические данные,,14.000000000000002,10.0,252.0,8.0
исторические данные,18.0,13.5,10.0,217.0,6.0
прирученные бизоны,23.5,18.0,13.0,472.0,10.0
дикие бизоны,10.0,7.249999999999999,6.0,37.0,4.0
дикие бизоны,8.25,6.0,3.0,21.5,3.0
исторические данные,32.25,25.75,24.0,1541.5,13.0
исторические данные,27.500000000000004,,,760.5,14.0
исторические данные,28.499999999999996,21.75,14.499999999999998,905.5,10.0
прирученные бизоны,31.5,24.25,19.0,1243.5,21.0
исторические данные,28.000000000000004,22.0,14.000000000000002,971.0,14.0
исторические данные,29.75,22.75,,1330.5,19.0
прирученные бизоны,31.0,23.5,20.0,1225.5,23.0
исторические данные,31.5,24.25,17.5,1300.0,23.0
дикие бизоны,22.5,17.75,11.0,458.5,8.0
прирученные бизоны,31.75,26.75,19.0,1242.0,14.0
исторические данные,22.5,17.5,,367.5,10.0
прирученные бизоны,28.999999999999996,,15.5,836.5,18.0
дикие бизоны,16.5,12.75,,172.0,6.0
дикие бизоны,13.25,,6.0,96.5,5.0
дикие бизоны,9.5,7.249999999999999,4.0,38.0,4.0
исторические данные,19.25,15.5,10.0,284.5,11.0
дикие бизоны,13.25,10.25,,105.5,5.0
исторические данные,16.75,13.25,10.5,222.0,7.0
дикие бизоны,,13.750000000000002,9.0,251.0,7.0
дикие бизоны,16.0,12.75,10.0,175.5,7.0
исторические данные,,20.0,13.0,643.5,12.0
исторические данные,18.0,14.75,10.5,241.0,
дикие бизоны,,14.000000000000002,9.0,225.5,8.0
исторические данные,25.0,19.0,15.5,595.5,12.0
прирученные бизоны,,16.25,12.0,318.5,8.0
дикие бизоны,15.0,11.0,8.0,121.0,5.0
дикие бизоны,11.75,8.75,,70.5,5.0
прирученные бизоны,37.0,30.0,19.5,1974.0,16.0
исторические данные,31.0,23.25,,1341.5,11.0
исторические данные,30.0,23.75,19.0,1087.5,14.0
исторические данные,29.5,22.5,18.5,1283.0,16.0
исторические данные,31.0,23.75,18.5,1325.0,13.0
прирученные бизоны,28.249999999999996,22.5,19.5,1003.5000000000001,15.0
исторические данные,28.749999999999996,22.75,14.499999999999998,1165.0,14.0
прирученные бизоны,31.0,25.5,20.5,1347.5,14.0
исторические данные,31.0,23.25,18.5,1274.0,12.0
прирученные бизоны,25.25,18.75,18.0,568.0,12.0
прирученные бизоны,,21.25,,746.0,8.0
исторические данные,24.5,,14.000000000000002,707.0,13.0
прирученные бизоны,26.25,21.0,16.0,756.0,9.0
дикие бизоны,17.0,13.0,8.0,200.0,
дикие бизоны,18.75,15.25,11.5,271.5,8.0
исторические данные,30.5,24.0,,1200.0,14.0
прирученные бизоны,30.5,24.75,18.5,1153.0,8.0
прирученные бизоны,29.25,,17.0,868.5,22.0
исторические данные,28.499999999999996,,,953.5,12.0
исторические данные,,22.75,,930.0,9.0
исторические данные,31.75,25.75,17.0,1275.0,16.0
исторические данные,35.0,28.999999999999996,,2130.0,
исторические данные,33.75,26.25,18.5,1587.0,13.0
прирученные бизоны,32.25,26.25,,1808.5,18.0
исторические данные,37.25,29.25,21.5,2499.0,17.0
прирученные бизоны,34.25,27.250000000000004,18.0,1768.0,16.0
исторические данные,30.25,24.5,18.0,1227.0,18.0
прирученные бизоны,29.5,23.25,,997.0,
прирученные бизоны,,26.25,17.5,1422.5,20.0
прирученные бизоны,,,15.0,1029.0,16.0
прирученные бизоны,31.0,25.0,17.5,1186.0,12.0
исторические данные,31.5,25.75,16.0,1016.0,19.0
исторические данные,28.999999999999996,23.25,14.499999999999998,887.0,11.0
прирученные бизоны,28.999999999999996,22.75,12.0,1073.5,10.0
исторические данные,31.5,24.5,18.0,1130.0,12.0
прирученные бизоны,34.5,28.000000000000004,21.5,1719.0,17.0
прирученные бизоны,32.5,27.250000000000004,16.5,1566.0,16.0
прирученные бизоны,33.0,28.249999999999996,19.5,1760.5,16.0
прирученные бизоны,34.0,28.999999999999996,20.0,1787.0,19.0
прирученные бизоны,35.0,28.749999999999996,17.0,1310.0,14.0
исторические данные,,26.0,15.0,1343.0,13.0
прирученные бизоны,33.75,27.250000000000004,,1734.5,20.0
исторические данные,,24.5,,1177.5,11.0
прирученные бизоны,29.25,22.5,16.0,1077.0,10.0
исторические данные,28.249999999999996,,17.5,995.0,15.0
прирученные бизоны,30.5,24.75,18.5,1108.5,12.0
исторические данные,30.25,23.5,18.0,1140.5,15.0
исторические данные,26.75,21.0,14.499999999999998,791.0,10.0
исторические данные,24.25,20.0,13.5,663.0,10.0
исторические данные,23.5,18.75,12.0,556.5,12.0
исторические данные,27.250000000000004,21.25,13.5,844.5,10.0
прирученные бизоны,22.75,18.5,10.5,492.5,9.0
исторические данные,27.0,21.0,15.5,738.5,12.0
исторические данные,23.0,19.0,13.5,482.0,10.0
исторические данные,24.5,21.0,12.5,609.0,14.0
дикие бизоны,23.25,18.75,12.0,471.0,9.0
дикие бизоны,20.75,16.25,10.0,321.5,
исторические данные,23.75,18.75,12.5,593.0,10.0
прирученные бизоны,23.5,18.75,12.5,561.5,10.0
дикие бизоны,18.25,14.75,9.5,250.0,9.0
дикие бизоны,17.25,13.750000000000002,9.5,199.5,6.0
дикие бизоны,19.5,15.5,10.0,302.0,11.0
прирученные бизоны,25.0,19.75,14.000000000000002,715.5,10.0
исторические данные,23.5,19.0,14.499999999999998,586.5,8.0
исторические данные,26.75,22.0,15.0,676.5,12.0
исторические данные,29.25,22.75,15.0,987.0,11.0
прирученные бизоны,24.25,18.25,12.0,588.5,9.0
исторические данные,25.75,22.75,13.5,722.5,9.0
прирученные бизоны,21.75,16.25,11.0,433.5,7.0
прирученные бизоны,25.75,20.75,14.000000000000002,693.5,10.0
дикие бизоны,22.0,17.25,12.0,365.0,7.0
прирученные бизоны,26.25,22.0,15.0,842.5,
исторические данные,22.5,,11.5,479.0,8.0
исторические данные,29.5,24.25,12.0,911.0,16.0
исторические данные,27.750000000000004,22.5,,915.0,11.0
исторические данные,28.499999999999996,22.0,9.5,827.0,8.0
исторические данные,29.5,25.0,16.5,1104.5,15.0
исторические данные,29.25,23.75,12.0,945.0,14.0
прирученные бизоны,28.999999999999996,23.0,12.0,993.5,11.0
исторические данные,27.250000000000004,22.0,12.0,856.5,12.0
прирученные бизоны,30.25,24.75,17.0,1238.5,14.0
прирученные бизоны,31.0,,,1032.5,15.0
прирученные бизоны,31.5,25.0,17.0,1313.5,20.0
исторические данные,31.5,25.75,16.5,1352.0,20.0
прирученные бизоны,31.5,,,1004.9999999999999,16.0
исторические данные,27.250000000000004,20.5,14.000000000000002,625.0,13.0
прирученные бизоны,33.5,27.0,16.5,1501.5,14.0
дикие бизоны,24.5,19.0,,529.0,11.0
прирученные бизоны,24.5,19.5,13.5,578.5,13.0
дикие бизоны,14.499999999999998,11.25,7.000000000000001,101.0,8.0
дикие бизоны,13.0,10.0,7.000000000000001,92.0,6.0
исторические данные,28.999999999999996,22.5,,1068.0,
прирученные бизоны,30.5,24.25,16.5,1091.5,18.0
исторические данные,30.0,25.0,16.0,1014.9999999999999,19.0
прирученные бизоны,28.000000000000004,22.75,12.5,943.0,21.0
прирученные бизоны,28.749999999999996,22.5,17.0,1047.5,18.0
прирученные бизоны,,22.5,,955.5,18.0
исторические данные,30.0,23.5,15.5,1036.0,20.0
исторические данные,28.249999999999996,22.75,17.0,906.5,18.0
исторические данные,,,14.000000000000002,750.5,22.0
дикие бизоны,,17.25,10.0,366.0,13.0
исторические данные,25.0,20.5,15.0,662.0,11.0
дикие бизоны,18.0,13.750000000000002,9.5,217.0,7.0
дикие бизоны,19.25,15.25,9.5,252.0,14.0
исторические данные,19.5,15.0,9.0,305.5,9.0
исторические данные,25.0,20.75,,688.5,13.0
дикие бизоны,18.0,13.750000000000002,11.0,233.5,10.0
дикие бизоны,,13.0,10.0,192.0,8.0
прирученные бизоны,25.25,21.25,,850.0,19.0
дикие бизоны,19.75,14.75,10.0,271.5,10.0
прирученные бизоны,20.5,16.25,10.5,363.5,10.0
прирученные бизоны,28.000000000000004,22.75,19.0,714.0,9.0
исторические данные,28.249999999999996,21.75,,981.5,13.0
исторические данные,28.249999999999996,22.75,18.5,926.5,16.0
исторические данные,,25.0,17.5,1098.0,12.0
прирученные бизоны,,22.75,15.0,820.5,18.0
исторические данные,36.25,28.249999999999996,21.5,1891.0,16.0
прирученные бизоны,33.75,26.75,16.0,1410.0,16.0
прирученные бизоны,33.25,27.750000000000004,,1438.5,17.0
прирученные бизоны,28.249999999999996,24.5,,924.5,11.0
прирученные бизоны,,27.500000000000004,17.5,1291.5,14.0
исторические данные,28.749999999999996,23.5,14.000000000000002,837.5,11.0
прирученные бизоны,,27.0,,1221.0,15.0
дикие бизоны,18.0,14.000000000000002,,199.0,9.0
дикие бизоны,20.75,15.5,11.0,296.5,10.0
прирученные бизоны,26.25,20.5,13.5,708.5,11.0
исторические данные,19.0,14.249999999999998,10.0,266.5,11.0
прирученные бизоны,29.25,23.25,,991.5,12.0
дикие бизоны,12.0,9.25,,71.5,6.0
дикие бизоны,11.0,,5.5,54.5,5.0
дикие бизоны,12.75,9.75,,73.5,6.0
дикие бизоны,8.75,6.25,5.0,23.5,5.0
прирученные бизоны,33.5,,19.0,1390.5,12.0
исторические данные,32.75,26.5,19.5,1388.0,
прирученные бизоны,34.0,27.500000000000004,21.0,1744.5,17.0
исторические данные,33.75,27.750000000000004,,1438.5,21.0
прирученные бизоны,26.5,22.0,13.5,783.5,9.0
прирученные бизоны,25.75,20.25,12.0,646.0,10.0
дикие бизоны,21.5,17.0,12.0,357.5,9.0
прирученные бизоны,26.0,20.25,12.0,627.0,11.0
прирученные бизоны,27.250000000000004,20.75,16.0,771.5,10.0
исторические данные,,20.75,17.5,739.5,17.0
прирученные бизоны,23.25,17.5,,421.0,9.0
исторические данные,33.25,27.0,17.5,1347.0,17.0
исторические данные,36.75,29.5,,1756.0,21.0
исторические данные,33.0,27.250000000000004,18.5,1320.0,16.0
прирученные бизоны,35.0,29.25,18.5,1807.5,29.0
исторические данные,28.749999999999996,20.0,,932.5,17.0
исторические данные,28.499999999999996,23.25,12.5,849.0,15.0
прирученные бизоны,28.999999999999996,23.0,15.0,995.5,19.0
исторические данные,31.5,24.0,,1011.5000000000001,12.0
прирученные бизоны,29.25,23.25,14.000000000000002,908.0,13.0
исторические данные,27.500000000000004,22.5,,920.0,11.0
прирученные бизоны,31.25,25.75,15.0,1241.5,15.0
исторические данные,27.0,21.0,13.5,807.5,11.0
прирученные бизоны,28.499999999999996,22.75,,1059.5,14.0
исторические данные,29.5,22.75,14.499999999999998,1073.0,14.0
исторические данные,,23.0,13.0,921.0,13.0
прирученные бизоны,32.75,25.5,15.5,1289.5,
исторические данные,32.75,26.5,17.5,1263.5,15.0
исторические данные,31.25,25.0,19.5,1369.0,17.0
прирученные бизоны,31.25,25.0,15.0,953.0,15.0
прирученные бизоны,32.0,26.0,17.5,1248.0,12.0
прирученные бизоны,30.25,24.25,16.5,1010.5,19.0
прирученные бизоны,30.75,26.25,15.5,1038.5,11.0
исторические данные,27.750000000000004,,17.5,874.0,10.0
прирученные бизоны,28.999999999999996,22.0,18.0,854.0,12.0
прирученные бизоны,31.0,26.0,22.5,1183.5,23.0
прирученные бизоны,,23.5,22.5,1115.0,15.0
прирученные бизоны,30.0,25.25,19.0,1129.0,13.0
прирученные бизоны,31.25,24.25,19.0,1174.5,17.0
исторические данные,30.0,23.5,17.5,1105.0,15.0
исторические данные,28.000000000000004,23.0,23.5,839.5,12.0
исторические данные,29.25,22.75,22.5,1055.0,15.0
исторические данные,28.000000000000004,21.75,18.0,889.0,11.0
дикие бизоны,,22.25,15.5,873.5,16.0
дикие бизоны,34.0,26.5,,1109.5,10.0
прирученные бизоны,22.75,,14.000000000000002,518.5,10.0
прирученные бизоны,24.5,19.0,14.499999999999998,672.5,10.0
исторические данные,15.5,11.0,8.5,146.0,6.0
прирученные бизоны,,9.75,7.000000000000001,80.0,5.0
исторические данные,13.5,9.75,8.0,100.0,6.0
исторические данные,20.0,14.499999999999998,11.5,279.5,9.0
исторические данные,14.000000000000002,10.0,8.0,91.5,5.0
исторические данные,16.25,11.5,9.0,147.0,4.0
прирученные бизоны,17.25,,9.0,203.0,6.0
исторические данные,10.5,7.5,5.0,38.5,3.0
прирученные бизоны,18.0,13.5,9.0,188.5,5.0
дикие бизоны,18.25,13.0,11.5,218.0,9.0
исторические данные,10.0,7.000000000000001,5.5,35.0,5.0
исторические данные,11.75,8.0,6.0,54.5,4.0
исторические данные,8.75,6.25,4.0,24.0,4.0
исторические данные,7.75,5.5,4.0,15.5,3.0
прирученные бизоны,,22.25,15.5,733.0,14.0
прирученные бизоны,28.499999999999996,,16.0,971.5,12.0
исторические данные,19.25,15.0,9.5,240.0,9.0
дикие бизоны,26.5,21.0,18.5,752.0,20.0
прирученные бизоны,23.0,17.75,13.0,458.0,13.0
дикие бизоны,23.5,18.5,,470.5,12.0
прирученные бизоны,,16.75,11.0,380.0,9.0
дикие бизоны,23.5,18.5,14.000000000000002,498.5,10.0
дикие бизоны,23.25,19.0,13.0,454.0,11.0
дикие бизоны,26.0,20.25,14.000000000000002,577.5,11.0
исторические данные,14.499999999999998,11.5,7.5,116.5,7.0
исторические данные,13.750000000000002,10.25,,94.0,5.0
прирученные бизоны,18.75,14.499999999999998,,270.5,10.0
прирученные бизоны,,18.75,14.000000000000002,604.0,
прирученные бизоны,22.0,17.75,11.5,415.0,11.0
исторические данные,21.0,16.25,11.5,288.5,15.0
исторические данные,22.25,17.5,,361.5,8.0
прирученные бизоны,,14.499999999999998,10.5,257.0,10.0
исторические данные,16.0,12.25,7.5,155.5,11.0
исторические данные,12.75,9.75,6.5,80.0,8.0
исторические данные,10.25,,,42.5,7.0
прирученные бизоны,,22.5,16.0,795.0,12.0
дикие бизоны,27.750000000000004,21.25,18.0,875.0,11.0
дикие бизоны,32.5,25.75,16.0,1162.5,17.0
дикие бизоны,,24.5,15.5,988.5,13.0
дикие бизоны,28.000000000000004,22.0,16.5,800.0,12.0
дикие бизоны,,,12.0,514.0,13.0
дикие бизоны,24.25,19.5,12.5,591.0,9.0
дикие бизоны,25.0,19.25,15.0,626.5,10.0
дикие бизоны,26.25,20.25,15.0,795.0,14.0
прирученные бизоны,33.0,,16.5,1190.5,12.0
прирученные бизоны,,26.5,17.0,1326.0,13.0
дикие бизоны,26.0,20.0,14.499999999999998,660.0,13.0
прирученные бизоны,22.0,17.0,10.5,364.0,8.0
дикие бизоны,25.75,20.0,12.0,659.0,13.0
прирученные бизоны,23.75,17.5,11.5,452.0,11.0
прирученные бизоны,27.250000000000004,20.75,15.0,733.5,11.0
прирученные бизоны,23.5,17.75,13.0,546.5,14.0
исторические данные,17.5,12.75,6.5,179.0,10.0
дикие бизоны,24.25,17.75,,581.0,12.0
дикие бизоны,21.75,,12.5,406.0,12.0
исторические данные,,10.5,8.0,108.5,7.0
прирученные бизоны,,,11.5,387.0,11.0
дикие бизоны,,17.5,14.000000000000002,474.0,16.0
дикие бизоны,22.5,17.25,13.5,443.0,14.0
прирученные бизоны,29.5,22.75,15.5,1066.0,20.0
прирученные бизоны,28.499999999999996,,,953.5,17.0
дикие бизоны,,23.75,15.0,966.5,10.0
прирученные бизоны,,23.75,14.000000000000002,1133.0,11.0
дикие бизоны,28.000000000000004,,14.000000000000002,917.5,10.0
прирученные бизоны,29.25,21.75,17.5,982.0,10.0
дикие бизоны,28.999999999999996,22.25,15.0,886.5,11.0
прирученные бизоны,31.5,24.0,17.5,1367.5,17.0
прирученные бизоны,31.25,24.5,17.5,1233.0,11.0
дикие бизоны,27.500000000000004,21.25,15.0,806.0,
прирученные бизоны,32.25,26.25,19.0,1463.5,19.0
дикие бизоны,,17.75,14.000000000000002,493.5,13.0
прирученные бизоны,20.5,15.25,10.0,363.0,11.0
дикие бизоны,24.75,19.5,,665.5,11.0
дикие бизоны,26.0,21.25,,680.5,10.0
прирученные бизоны,27.500000000000004,20.5,14.499999999999998,828.5,13.0
исторические данные,22.5,16.75,14.000000000000002,462.5,14.0
прирученные бизоны,20.25,15.5,12.0,309.5,13.0
дикие бизоны,,20.0,15.0,745.0,13.0
прирученные бизоны,18.5,14.499999999999998,,250.0,9.0
дикие бизоны,26.25,20.5,17.5,874.0,18.0
прирученные бизоны,33.0,,18.0,1514.0,19.0
исторические данные,26.75,21.0,15.0,699.5,12.0
дикие бизоны,28.749999999999996,22.75,18.0,852.5,13.0
прирученные бизоны,27.500000000000004,21.5,,713.5,9.0
дикие бизоны,30.25,23.5,14.000000000000002,939.0,13.0
дикие бизоны,30.25,24.75,14.499999999999998,1054.0,
прирученные бизоны,,22.25,19.5,981.0,
дикие бизоны,26.75,21.0,14.499999999999998,926.0,17.0
прирученные бизоны,19.25,15.75,11.0,286.0,10.0
прирученные бизоны,19.5,15.0,10.0,265.0,
дикие бизоны,23.5,,11.5,488.5,11.0
дикие бизоны,25.75,19.5,14.000000000000002,555.5,12.0
дикие бизоны,21.25,,12.5,425.0,
исторические данные,17.25,13.5,9.0,195.0,9.0
дикие бизоны,24.25,18.5,13.0,458.0,10.0
исторические данные,18.5,14.249999999999998,10.0,228.0,10.0
исторические данные,17.5,,,177.5,12.0
прирученные бизоны,22.0,17.25,17.0,408.5,12.0
исторические данные,,7.249999999999999,5.0,32.0,
исторические данные,16.25,12.0,7.5,155.0,
дикие бизоны,,,12.5,477.5,18.0
дикие бизоны,22.5,,14.499999999999998,525.0,15.0
исторические данные,20.75,17.25,13.5,386.5,13.0
прирученные бизоны,23.5,17.75,,433.0,12.0
исторические данные,,12.0,,170.0,7.0
исторические данные,15.5,11.25,7.5,129.5,9.0
исторические данные,11.75,8.5,5.5,51.5,7.0
исторические данные,17.25,12.75,8.0,169.0,10.0
дикие бизоны,24.25,19.0,14.000000000000002,673.0,18.0
прирученные бизоны,25.0,19.25,11.5,678.5,12.0
прирученные бизоны,,19.25,10.5,498.0,17.0
дикие бизоны,23.25,18.0,,498.0,15.0
прирученные бизоны,26.25,20.25,16.0,658.0,12.0
прирученные бизоны,21.25,16.75,9.5,322.0,10.0
прирученные бизоны,19.0,15.25,9.5,281.5,8.0
дикие бизоны,26.5,20.75,14.499999999999998,944.0,21.0
исторические данные,17.0,,8.5,183.5,10.0
дикие бизоны,23.75,18.25,11.5,490.0,9.0
прирученные бизоны,21.5,17.0,12.0,391.0,7.0
исторические данные,23.0,18.25,12.5,467.0,10.0
дикие бизоны,23.5,18.0,13.0,522.5,9.0
исторические данные,18.0,14.75,,210.5,
исторические данные,17.75,13.25,9.0,168.0,8.0
исторические данные,19.0,11.75,10.0,258.0,7.0
исторические данные,17.75,13.0,8.5,190.5,6.0
дикие бизоны,,17.25,12.0,487.0,14.0
прирученные бизоны,25.5,20.0,13.0,573.5,13.0
исторические данные,16.25,,8.5,173.0,7.0
дикие бизоны,31.0,24.25,18.0,1178.5,13.0
прирученные бизоны,,22.5,16.0,900.0,19.0
исторические данные,16.5,12.75,9.5,187.5,7.0
исторические данные,22.5,17.0,13.0,371.5,9.0
дикие бизоны,22.25,16.5,12.0,347.0,11.0
исторические данные,16.5,10.75,,114.5,6.0
исторические данные,24.0,18.75,14.499999999999998,777.0,9.0
дикие бизоны,,17.5,12.0,488.5,11.0
прирученные бизоны,23.75,18.0,12.5,447.0,9.0
исторические данные,12.75,,6.5,79.0,5.0
дикие бизоны,16.75,12.25,9.0,166.5,6.0
дикие бизоны,,17.5,13.0,466.0,11.0
исторические данные,15.5,11.25,8.0,134.5,7.0
прирученные бизоны,18.5,14.000000000000002,11.0,230.5,10.0
исторические данные,14.75,10.75,7.5,129.0,
прирученные бизоны,,21.75,16.5,970.0,17.0
прирученные бизоны,30.75,25.75,17.0,1140.0,16.0
дикие бизоны,28.999999999999996,24.5,19.5,1316.5,18.0
прирученные бизоны,29.25,23.75,,958.5,11.0
дикие бизоны,32.5,26.25,18.0,1626.0,18.0
дикие бизоны,26.75,22.5,17.0,781.0,11.0
прирученные бизоны,20.75,17.0,13.0,367.5,10.0
прирученные бизоны,19.0,15.25,10.5,281.0,
дикие бизоны,,17.75,12.0,412.0,19.0
прирученные бизоны,19.75,14.75,,224.5,10.0
исторические данные,22.75,17.5,12.0,483.5,11.0
прирученные бизоны,24.25,,,605.0,15.0
исторические данные,27.500000000000004,21.25,15.5,917.5,13.0
прирученные бизоны,22.5,17.5,14.499999999999998,542.5,13.0
исторические данные,23.75,19.25,,617.5,14.0
прирученные бизоны,25.0,19.0,15.5,655.0,17.0
прирученные бизоны,26.5,,,811.5,
исторические данные,24.5,19.5,15.0,573.0,21.0
прирученные бизоны,24.5,19.25,,786.5,23.0
прирученные бизоны,26.0,19.75,18.0,640.0,22.0
исторические данные,27.0,20.75,14.499999999999998,740.0,12.0
прирученные бизоны,25.0,18.75,,594.5,11.0
прирученные бизоны,22.5,19.0,16.5,816.5,23.0
прирученные бизоны,18.5,13.750000000000002,10.0,222.5,8.0
дикие бизоны,18.5,13.750000000000002,10.0,229.5,7.0
исторические данные,24.25,,14.000000000000002,572.5,10.0
прирученные бизоны,21.75,16.25,11.5,391.5,
исторические данные,26.75,20.25,,834.5,16.0
исторические данные,25.5,20.0,14.000000000000002,651.5,10.0
исторические данные,,22.0,,909.0,15.0
прирученные бизоны,26.75,20.0,15.0,804.5,13.0
прирученные бизоны,26.75,20.25,,927.0,16.0
исторические данные,26.25,20.0,17.0,730.5,11.0
исторические данные,29.5,22.0,15.0,955.5,11.0
исторические данные,25.0,18.75,,636.0,10.0
дикие бизоны,12.75,9.5,7.5,86.5,5.0
прирученные бизоны,,16.25,11.5,386.5,11.0
исторические данные,19.0,14.499999999999998,12.0,283.0,9.0
дикие бизоны,8.25,5.5,2.0,19.0,4.0
дикие бизоны,15.75,11.5,9.0,128.5,
дикие бизоны,7.75,5.25,5.0,17.5,4.0
исторические данные,14.000000000000002,10.25,10.0,116.5,5.0
прирученные бизоны,,16.75,12.0,444.0,13.0
прирученные бизоны,19.75,15.75,10.5,351.5,16.0
исторические данные,19.25,14.249999999999998,,290.5,12.0
прирученные бизоны,24.0,19.25,13.5,536.0,14.0
прирученные бизоны,,16.5,,452.5,9.0
исторические данные,,14.75,,316.0,12.0
исторические данные,20.0,15.0,,417.0,9.0
исторические данные,20.75,16.25,14.000000000000002,417.0,10.0
исторические данные,15.75,12.5,9.0,203.0,11.0
прирученные бизоны,17.25,13.0,9.0,207.0,10.0
исторические данные,18.0,14.75,,276.5,10.0
дикие бизоны,14.75,,9.0,110.5,7.0
дикие бизоны,16.25,12.5,8.0,176.0,7.0
исторические данные,18.75,15.0,10.0,246.5,11.0
дикие бизоны,14.000000000000002,10.25,5.5,113.5,7.0
исторические данные,17.75,13.25,8.5,201.0,8.0
исторические данные,17.5,12.75,8.0,191.5,9.0
дикие бизоны,13.750000000000002,10.0,6.5,103.5,7.0
дикие бизоны,14.499999999999998,10.25,7.000000000000001,97.5,8.0
дикие бизоны,12.5,9.5,6.0,76.5,6.0
дикие бизоны,,6.25,3.5000000000000004,26.5,4.0
дикие бизоны,7.5,5.0,2.5,15.0,2.0
дикие бизоны,,5.5,2.5,18.0,
исторические данные,27.750000000000004,22.75,16.0,1057.5,13.0
исторические данные,27.750000000000004,22.0,15.0,1092.0,15.0
исторические данные,26.25,20.5,13.0,990.0,15.0
исторические данные,,18.0,8.0,488.0,11.0
прирученные бизоны,24.5,18.0,,500.49999999999994,17.0
исторические данные,20.0,15.25,,297.0,10.0
прирученные бизоны,24.0,18.75,,525.0,12.0
исторические данные,25.25,20.0,12.5,770.0,13.0
прирученные бизоны,26.0,20.0,12.0,651.5,15.0
исторические данные,26.25,20.0,13.0,829.5,11.0
исторические данные,27.250000000000004,21.0,13.0,879.0,
исторические данные,26.0,20.0,12.0,823.0,15.0
исторические данные,25.25,19.0,,656.0,13.0
исторические данные,26.25,,12.0,866.5,18.0
исторические данные,25.5,19.5,12.5,656.5,10.0
исторические данные,26.0,19.25,11.5,669.0,12.0
прирученные бизоны,,20.25,12.5,643.5,12.0
исторические данные,26.75,20.5,13.5,862.0,14.0
исторические данные,22.25,17.25,9.0,379.5,10.0
исторические данные,26.5,22.0,20.5,835.0,14.0
прирученные бизоны,18.0,13.25,9.0,206.5,8.0
прирученные бизоны,,21.0,15.0,736.5,14.0
прирученные бизоны,26.0,20.25,14.000000000000002,817.5,17.0
исторические данные,26.5,20.75,13.0,842.5,20.0
прирученные бизоны,26.5,21.0,13.0,1000.9999999999999,17.0
прирученные бизоны,33.0,26.0,20.0,1676.0,17.0
исторические данные,26.0,19.25,,659.5,9.0
исторические данные,26.75,21.0,13.0,805.5,14.0
исторические данные,34.75,25.75,17.5,1516.5,15.0
прирученные бизоны,25.5,19.5,10.5,612.0,13.0
исторические данные,24.25,17.75,,547.0,10.0
прирученные бизоны,30.25,23.0,17.0,1122.0,13.0
прирученные бизоны,28.999999999999996,22.75,16.5,1136.5,13.0
исторические данные,32.5,25.75,17.5,1480.5,20.0
исторические данные,31.0,25.25,18.5,1527.5,13.0
исторические данные,30.75,26.25,15.5,1137.5,20.0
прирученные бизоны,30.25,24.75,19.0,1437.0,15.0
исторические данные,28.499999999999996,22.0,15.5,1116.0,13.0
исторические данные,28.499999999999996,21.5,12.0,1061.5,15.0
исторические данные,29.25,20.25,15.0,1256.5,15.0
прирученные бизоны,27.500000000000004,22.0,15.5,946.0,16.0
прирученные бизоны,,22.0,,959.0,17.0
исторические данные,32.0,25.5,19.0,1613.0,14.0
прирученные бизоны,30.5,23.5,,1153.0,14.0
исторические данные,27.250000000000004,22.5,15.0,978.0,11.0
прирученные бизоны,29.5,22.25,13.0,1132.5,13.0
исторические данные,17.25,13.5,9.5,197.0,9.0
прирученные бизоны,27.500000000000004,21.5,15.5,785.0,11.0
прирученные бизоны,26.5,21.25,,949.0,17.0
прирученные бизоны,,22.75,16.5,980.5,11.0
дикие бизоны,24.25,18.75,14.000000000000002,521.0,8.0
исторические данные,19.25,13.750000000000002,11.5,268.5,
исторические данные,22.75,17.0,13.5,462.0,
исторические данные,,19.0,14.000000000000002,760.5,10.0
исторические данные,26.5,,16.5,732.0,11.0
исторические данные,25.25,19.25,14.499999999999998,677.5,15.0
исторические данные,24.5,19.0,14.000000000000002,638.5,13.0
исторические данные,23.25,17.5,,575.5,15.0
прирученные бизоны,23.5,,,537.0,15.0
исторические данные,28.000000000000004,20.5,16.5,930.0,13.0
исторические данные,,19.25,,641.5,
исторические данные,25.75,21.75,14.499999999999998,881.5,10.0
дикие бизоны,19.25,14.000000000000002,12.5,244.0,6.0
дикие бизоны,10.75,7.75,,52.5,
исторические данные,27.500000000000004,,17.5,1042.0,15.0
прирученные бизоны,25.75,19.5,13.0,575.5,9.0
исторические данные,24.75,19.25,,709.0,12.0
прирученные бизоны,25.25,19.5,16.0,644.0,9.0
прирученные бизоны,30.0,23.25,16.5,887.5,12.0
прирученные бизоны,,23.25,16.0,893.5,10.0
прирученные бизоны,24.25,18.75,13.5,556.0,10.0
исторические данные,23.5,18.5,18.0,510.0,9.0
исторические данные,28.749999999999996,22.5,16.5,921.5,12.0
исторические данные,28.999999999999996,23.25,16.0,1034.5,12.0
исторические данные,25.75,20.25,14.499999999999998,695.0,
исторические данные,26.5,20.5,15.5,715.5,11.0
исторические данные,,,11.0,394.0,9.0
исторические данные,26.0,21.0,,745.0,11.0
прирученные бизоны,21.25,17.25,11.0,366.5,11.0
исторические данные,23.0,17.0,,495.0,
исторические данные,22.5,16.75,12.5,349.0,10.0
исторические данные,21.25,16.5,13.0,440.5,9.0
дикие бизоны,18.5,13.750000000000002,10.0,220.0,7.0
исторические данные,,19.0,13.5,661.5,10.0
исторические данные,20.25,15.25,12.0,318.5,7.0
дикие бизоны,14.000000000000002,10.25,7.000000000000001,101.5,6.0
прирученные бизоны,24.0,20.0,12.5,759.0,15.0
прирученные бизоны,22.0,,13.0,419.5,
прирученные бизоны,26.0,20.5,11.5,807.0,12.0
исторические данные,25.25,20.25,14.000000000000002,875.0,12.0
прирученные бизоны,24.5,,13.0,683.5,21.0
дикие бизоны,11.75,8.75,5.5,67.0,6.0
дикие бизоны,,9.25,6.0,88.0,5.0
дикие бизоны,15.75,12.0,8.5,171.5,7.0
дикие бизоны,16.25,12.5,,173.5,7.0
дикие бизоны,16.75,12.5,,183.0,6.0
дикие бизоны,17.5,13.5,9.0,205.5,6.0
дикие бизоны,17.5,12.5,,180.0,
дикие бизоны,18.0,15.0,8.5,270.0,7.0
дикие бизоны,,13.750000000000002,13.5,240.0,
дикие бизоны,18.5,13.750000000000002,14.000000000000002,221.5,6.0
дикие бизоны,19.0,13.750000000000002,9.5,137.5,7.0
дикие бизоны,19.25,14.499999999999998,,312.0,6.0
дикие бизоны,19.25,15.0,,289.5,7.0
дикие бизоны,19.75,14.499999999999998,9.5,319.0,7.0
дикие бизоны,19.75,14.499999999999998,9.5,304.0,6.0
дикие бизоны,,15.5,,306.0,6.0
дикие бизоны,,16.25,10.0,394.0,6.0
дикие бизоны,20.75,16.0,11.0,373.5,7.0
исторические данные,20.75,15.25,,325.0,6.0
дикие бизоны,21.25,16.25,10.0,398.0,6.0
дикие бизоны,22.0,18.25,11.5,501.0,9.0
дикие бизоны,22.25,16.75,10.0,489.5,7.0
дикие бизоны,22.25,16.25,,378.0,7.0
дикие бизоны,22.5,17.5,,547.0,8.0
исторические данные,23.5,18.75,12.0,580.5,8.0
дикие бизоны,23.75,18.25,,546.5,9.0
прирученные бизоны,24.0,18.25,13.5,639.5,8.0
дикие бизоны,24.25,17.75,10.5,498.0,9.0
исторические данные,24.5,,12.5,609.0,8.0
прирученные бизоны,24.75,20.5,,755.5,9.0
исторические данные,25.0,20.0,12.5,597.5,9.0
исторические данные,25.25,22.0,14.000000000000002,827.5,8.0
исторические данные,26.25,19.75,13.0,763.5,8.0
исторические данные,27.0,20.25,12.5,891.0,9.0
прирученные бизоны,27.0,21.0,14.000000000000002,805.0,11.0
прирученные бизоны,27.250000000000004,22.0,,918.5,10.0
прирученные бизоны,27.500000000000004,21.5,12.5,923.0,8.0
исторические данные,27.500000000000004,22.5,15.0,1014.5,10.0
прирученные бизоны,27.500000000000004,22.5,,875.0,10.0
исторические данные,27.750000000000004,21.75,14.499999999999998,968.5,9.0
исторические данные,28.249999999999996,22.5,15.5,1059.5,10.0
исторические данные,28.499999999999996,,15.0,952.0,9.0
исторические данные,28.499999999999996,21.75,13.0,753.5,10.0
прирученные бизоны,,23.25,14.000000000000002,958.0,9.0
исторические данные,29.5,23.75,16.5,1077.0,9.0
исторические данные,29.5,23.0,13.0,1102.0,12.0
прирученные бизоны,29.75,24.0,15.0,1110.0,10.0
прирученные бизоны,29.75,24.0,16.0,1209.5,8.0
прирученные бизоны,29.75,23.75,16.0,1140.5,
прирученные бизоны,29.75,23.25,14.000000000000002,1113.0,12.0
исторические данные,30.0,23.75,17.5,1344.5,
прирученные бизоны,30.0,,,1210.0,10.0
исторические данные,30.0,24.75,17.5,1290.0,11.0
прирученные бизоны,30.25,23.75,17.5,1382.0,10.0
исторические данные,,22.75,16.0,1103.5,9.0
прирученные бизоны,,25.0,17.5,1377.0,12.0
прирученные бизоны,30.75,26.0,15.0,1343.5,10.0
исторические данные,30.75,25.5,15.0,1296.0,9.0
исторические данные,30.75,25.25,16.5,1340.0,12.0
прирученные бизоны,,25.25,16.0,1372.5,11.0
исторические данные,31.0,25.0,16.5,1307.0,9.0
прирученные бизоны,31.25,24.5,15.5,1208.5,11.0
прирученные бизоны,31.25,24.5,20.0,1382.5,11.0
исторические данные,31.5,25.25,16.5,1260.0,14.0
исторические данные,31.75,25.5,,1355.5,9.0
прирученные бизоны,31.75,25.0,15.0,1376.0,10.0
прирученные бизоны,31.75,24.25,16.5,1294.5,9.0
прирученные бизоны,32.0,25.5,16.5,1486.0,8.0
исторические данные,,26.25,17.5,1471.5,11.0
исторические данные,32.75,26.0,16.5,1409.5,9.0
исторические данные,32.75,28.999999999999996,20.5,2080.5,17.0
исторические данные,33.0,26.5,17.0,1390.5,
исторические данные,33.0,26.0,19.0,1558.0,10.0
прирученные бизоны,33.5,29.25,16.0,1309.0,10.0
прирученные бизоны,33.75,26.25,17.0,1809.5,12.0
прирученные бизоны,33.75,26.25,15.5,1478.5,9.0
прирученные бизоны,34.0,28.000000000000004,,1777.5,11.0
прирученные бизоны,34.25,27.0,16.0,1667.5,11.0
прирученные бизоны,,28.000000000000004,,1834.0,11.0
исторические данные,36.5,29.75,23.0,2825.5,17.0
дикие бизоны,10.25,7.000000000000001,5.0,46.0,6.0
дикие бизоны,12.0,8.75,,70.5,5.0
дикие бизоны,12.0,8.75,,66.5,3.0
дикие бизоны,12.75,,5.0,83.0,6.0
дикие бизоны,,9.0,,83.0,4.0
дикие бизоны,13.25,9.75,6.0,92.0,6.0
дикие бизоны,14.000000000000002,6.0,7.5,117.0,4.0
дикие бизоны,,11.5,8.0,162.5,5.0
дикие бизоны,,11.75,8.0,131.0,4.0
дикие бизоны,15.0,11.5,,138.5,6.0
дикие бизоны,15.25,11.0,7.000000000000001,141.0,5.0
дикие бизоны,,11.75,7.5,148.5,6.0
дикие бизоны,15.75,11.5,7.000000000000001,144.0,8.0
дикие бизоны,,12.0,9.0,157.5,5.0
дикие бизоны,16.25,12.0,7.5,187.0,
дикие бизоны,16.5,13.25,8.5,196.0,6.0
дикие бизоны,16.75,12.5,7.5,182.5,7.0
дикие бизоны,16.75,12.5,7.5,186.0,7.0
дикие бизоны,17.0,12.5,7.5,178.5,5.0
дикие бизоны,,12.5,7.000000000000001,222.5,7.0
дикие бизоны,,13.25,10.0,245.5,7.0
дикие бизоны,18.5,14.499999999999998,9.5,249.0,6.0
дикие бизоны,18.5,14.000000000000002,9.5,286.5,7.0
дикие бизоны,18.75,14.000000000000002,9.0,215.0,6.0
дикие бизоны,19.25,13.25,,251.0,6.0
дикие бизоны,,15.5,,339.0,7.0
дикие бизоны,20.5,15.25,9.0,353.5,7.0
дикие бизоны,20.5,15.5,9.0,333.5,6.0
дикие бизоны,20.75,16.5,9.0,359.5,6.0
дикие бизоны,21.0,16.0,11.5,376.0,5.0
дикие бизоны,21.0,15.75,,343.5,6.0
дикие бизоны,21.25,17.0,,382.0,6.0
дикие бизоны,21.25,15.75,10.0,377.0,6.0
дикие бизоны,21.5,16.25,10.0,364.5,7.0
дикие бизоны,21.5,16.25,9.0,425.0,7.0
дикие бизоны,21.75,16.25,12.0,399.5,8.0
дикие бизоны,21.75,17.0,11.5,392.5,6.0
дикие бизоны,22.0,17.25,13.0,449.5,6.0
дикие бизоны,22.0,16.25,9.0,350.0,7.0
прирученные бизоны,22.25,16.75,11.0,435.5,6.0
дикие бизоны,22.25,17.5,13.0,419.5,7.0
дикие бизоны,22.5,,13.0,478.0,7.0
дикие бизоны,22.5,17.75,10.5,444.5,8.0
дикие бизоны,22.5,17.25,11.0,470.0,7.0
дикие бизоны,22.5,16.75,10.5,447.0,7.0
дикие бизоны,,17.75,,532.5,7.0
дикие бизоны,22.75,18.75,12.0,497.0,6.0
дикие бизоны,23.0,18.0,10.0,463.5,7.0
дикие бизоны,23.0,17.25,,449.0,7.0
дикие бизоны,23.25,18.25,11.5,467.0,7.0
дикие бизоны,23.25,,11.5,534.0,7.0
дикие бизоны,23.25,17.25,11.0,441.5,7.0
прирученные бизоны,23.25,17.5,12.5,482.0,6.0
исторические данные,23.5,18.25,12.0,612.0,8.0
прирученные бизоны,23.5,18.25,12.0,582.0,8.0
исторические данные,23.75,18.5,12.5,537.0,9.0
прирученные бизоны,23.75,18.0,12.0,591.5,
исторические данные,24.0,18.75,11.5,676.5,6.0
исторические данные,24.0,19.25,14.499999999999998,640.0,6.0
исторические данные,24.0,,10.0,439.0,8.0
исторические данные,24.0,18.25,,601.5,7.0
прирученные бизоны,24.25,,11.5,478.5,7.0
исторические данные,,19.25,12.5,649.0,8.0
исторические данные,24.75,19.75,,633.5,8.0
исторические данные,24.75,20.0,13.5,610.0,7.0
исторические данные,25.0,19.5,,659.5,6.0
дикие бизоны,25.0,19.25,12.0,560.0,8.0
исторические данные,25.0,19.25,13.5,642.5,7.0
исторические данные,25.0,20.0,12.5,672.5,7.0
прирученные бизоны,25.25,19.5,13.0,674.0,9.0
дикие бизоны,25.25,19.5,15.0,685.0,
исторические данные,25.25,20.5,,642.0,
дикие бизоны,25.25,,12.5,601.0,8.0
исторические данные,25.5,,13.5,769.0,8.0
дикие бизоны,25.5,18.75,10.0,578.5,7.0
дикие бизоны,25.5,20.25,13.5,769.0,7.0
исторические данные,25.5,20.25,15.0,703.5,8.0
исторические данные,25.5,20.5,14.499999999999998,796.0,8.0
прирученные бизоны,25.75,21.5,14.000000000000002,834.0,
исторические данные,25.75,19.5,15.5,712.5,7.0
прирученные бизоны,26.25,20.75,14.000000000000002,724.0,8.0
исторические данные,,20.0,14.000000000000002,732.5,11.0
прирученные бизоны,,21.25,13.0,758.5,8.0
прирученные бизоны,,21.25,15.0,849.5,8.0
исторические данные,26.5,20.25,,651.5,7.0
прирученные бизоны,26.75,20.0,13.5,821.5,8.0
исторические данные,,21.5,14.000000000000002,716.5,8.0
исторические данные,26.75,21.75,14.000000000000002,874.0,8.0
прирученные бизоны,27.500000000000004,22.25,15.5,990.5,9.0
прирученные бизоны,27.500000000000004,21.5,,810.5,9.0
прирученные бизоны,28.000000000000004,,16.0,967.0,9.0
прирученные бизоны,28.249999999999996,20.0,13.0,697.5,8.0
исторические данные,,22.5,15.5,1195.0,10.0
исторические данные,28.499999999999996,22.5,15.5,1193.5,10.0
прирученные бизоны,,22.75,15.0,1107.0,8.0
исторические данные,,22.25,14.000000000000002,1063.5,8.0
исторические данные,28.499999999999996,23.0,17.0,903.5,7.0
исторические данные,28.749999999999996,23.75,16.0,1114.0,9.0
прирученные бизоны,28.749999999999996,23.0,16.0,1103.0,9.0
прирученные бизоны,28.999999999999996,,15.0,1115.5,7.0
прирученные бизоны,28.999999999999996,23.0,18.0,1051.5,8.0
исторические данные,28.999999999999996,22.75,15.0,1012.0,10.0
прирученные бизоны,28.999999999999996,22.5,14.499999999999998,1137.0,8.0
исторические данные,28.999999999999996,24.5,13.0,1133.5,9.0
исторические данные,29.5,23.25,,1136.0,11.0
исторические данные,,,16.0,1206.0,8.0
прирученные бизоны,29.5,22.75,14.499999999999998,1063.0,8.0
прирученные бизоны,29.75,23.5,,1121.0,11.0
прирученные бизоны,,22.5,15.0,1114.0,11.0
исторические данные,29.75,,16.5,1213.0,9.0
прирученные бизоны,29.75,23.0,14.000000000000002,1004.5,9.0
исторические данные,29.75,22.75,15.0,1044.0,9.0
прирученные бизоны,30.25,24.5,15.0,1134.5,9.0
исторические данные,30.25,23.75,15.5,1161.0,9.0
исторические данные,30.25,23.5,16.5,1231.5,11.0
исторические данные,30.5,23.5,15.0,1162.5,11.0
исторические данные,30.5,23.75,15.5,1168.0,10.0
прирученные бизоны,30.75,24.0,16.0,1252.5,8.0
прирученные бизоны,31.0,25.5,18.0,1331.5,11.0
прирученные бизоны,31.25,24.0,17.0,1352.5,10.0
исторические данные,31.25,24.5,17.5,1332.5,10.0
прирученные бизоны,31.25,23.75,17.5,1143.5,10.0
прирученные бизоны,31.25,25.0,16.5,1288.0,9.0
прирученные бизоны,,24.25,20.0,1380.0,9.0
исторические данные,31.5,24.25,15.5,1278.0,8.0
прирученные бизоны,31.5,24.75,16.5,1307.5,11.0
исторические данные,31.5,24.0,15.0,1178.5,8.0
исторические данные,,24.5,17.5,1375.0,11.0
исторические данные,31.75,26.25,18.5,1406.5,10.0
исторические данные,32.0,25.25,15.5,1402.5,10.0
прирученные бизоны,,25.0,17.0,1517.5,11.0
прирученные бизоны,32.0,25.0,17.5,1394.0,10.0
прирученные бизоны,32.25,25.0,,1220.5,10.0
исторические данные,32.25,26.0,17.5,1636.0,11.0
исторические данные,32.25,26.0,17.5,1561.0,8.0
прирученные бизоны,32.25,25.25,16.5,1432.5,8.0
исторические данные,32.25,25.0,,1338.5,11.0
прирученные бизоны,,25.0,,1246.5,10.0
прирученные бизоны,32.25,25.75,15.0,1212.0,
исторические данные,32.5,24.75,16.0,1304.0,9.0
исторические данные,32.5,26.0,21.0,1678.5,11.0
исторические данные,32.5,26.25,18.5,1622.0,10.0
прирученные бизоны,32.75,23.0,16.0,1494.0,9.0
прирученные бизоны,32.75,25.5,17.5,1652.5,10.0
прирученные бизоны,33.0,25.25,18.5,1528.0,11.0
исторические данные,33.0,,19.0,1590.5,9.0
исторические данные,33.0,24.75,19.5,1627.5,10.0
прирученные бизоны,,23.75,,1369.5,6.0
исторические данные,33.5,26.25,16.5,1608.5,11.0
прирученные бизоны,,28.499999999999996,22.5,1587.0,10.0
прирученные бизоны,33.75,28.249999999999996,19.5,1837.5,12.0
исторические данные,34.0,26.75,18.5,1607.0,12.0
исторические данные,34.5,26.25,17.5,1700.5,8.0
исторические данные,34.5,25.25,20.0,1872.0,10.0
прирученные бизоны,34.75,,,1838.5,10.0
прирученные бизоны,35.25,26.75,,1685.0,12.0
исторические данные,35.5,28.249999999999996,20.5,2198.0,11.0
исторические данные,35.75,28.249999999999996,17.5,1952.5,10.0
прирученные бизоны,35.75,26.25,18.5,1560.0,11.0
прирученные бизоны,36.75,30.0,22.0,2555.0,11.0
исторические данные,38.25,30.0,22.0,2302.0,12.0
дикие бизоны,9.25,6.5,,29.0,4.0
дикие бизоны,,7.5,4.5,37.5,3.0
дикие бизоны,9.75,6.75,4.0,32.5,4.0
дикие бизоны,10.0,7.75,4.0,43.5,4.0
дикие бизоны,11.25,8.25,5.5,59.0,4.0
дикие бизоны,,9.0,6.5,71.0,4.0
дикие бизоны,,9.0,6.5,68.5,5.0
дикие бизоны,13.25,9.75,5.5,84.0,7.0
дикие бизоны,13.750000000000002,9.75,6.5,106.0,6.0
дикие бизоны,14.000000000000002,10.5,8.5,107.5,5.0
дикие бизоны,14.249999999999998,11.0,,96.0,5.0
дикие бизоны,15.0,11.0,8.0,125.5,6.0
дикие бизоны,,11.75,,151.0,6.0
дикие бизоны,16.0,11.25,,141.5,6.0
дикие бизоны,17.0,13.25,8.0,201.5,5.0
дикие бизоны,18.5,14.000000000000002,,221.0,6.0
дикие бизоны,18.75,14.000000000000002,,234.5,6.0
дикие бизоны,18.75,13.750000000000002,10.0,232.5,6.0
дикие бизоны,19.25,14.499999999999998,8.0,248.5,7.0
дикие бизоны,20.0,16.0,9.5,348.0,6.0
дикие бизоны,20.25,15.0,11.0,320.0,7.0
дикие бизоны,20.5,15.0,10.0,282.0,7.0
дикие бизоны,20.5,16.25,,324.5,6.0
дикие бизоны,21.0,15.0,10.5,316.0,7.0
дикие бизоны,21.0,16.0,,362.5,7.0
дикие бизоны,21.0,15.5,9.5,279.0,6.0
дикие бизоны,,16.25,,368.5,7.0
исторические данные,,16.75,,397.0,7.0
дикие бизоны,21.75,16.5,11.0,413.0,6.0
дикие бизоны,21.75,,11.5,418.0,7.0
дикие бизоны,22.0,16.5,11.0,370.5,7.0
дикие бизоны,,17.25,,409.0,7.0
дикие бизоны,22.25,17.0,14.499999999999998,434.0,7.0
дикие бизоны,,16.75,11.0,411.0,
дикие бизоны,22.5,18.25,12.5,462.0,8.0
дикие бизоны,22.5,17.0,12.0,492.5,6.0
дикие бизоны,22.5,16.5,10.5,371.5,7.0
дикие бизоны,22.5,16.5,10.0,411.0,6.0
дикие бизоны,22.5,16.5,11.0,368.5,6.0
дикие бизоны,,17.5,11.5,415.5,7.0
исторические данные,23.5,18.0,10.5,544.0,7.0
дикие бизоны,23.5,,12.5,484.5,6.0
дикие бизоны,23.75,17.5,11.0,456.5,6.0
дикие бизоны,23.75,17.5,10.0,454.5,7.0
дикие бизоны,24.0,19.0,12.5,624.5,8.0
исторические данные,24.5,23.25,12.5,522.5,7.0
дикие бизоны,25.0,,14.000000000000002,549.5,7.0
дикие бизоны,25.0,18.75,12.0,542.0,9.0
дикие бизоны,25.0,19.0,12.5,519.0,8.0
исторические данные,25.0,19.5,12.5,521.5,6.0
прирученные бизоны,25.25,19.5,12.5,544.5,7.0
дикие бизоны,25.5,20.25,12.5,679.5,8.0
прирученные бизоны,25.5,20.0,,545.0,6.0
дикие бизоны,25.5,,,557.5,9.0
дикие бизоны,25.5,19.0,11.5,515.5,8.0
дикие бизоны,25.75,19.25,,611.5,8.0
исторические данные,26.0,20.0,,776.5,9.0
дикие бизоны,26.0,19.0,13.5,539.5,8.0
дикие бизоны,26.0,19.0,,554.5,8.0
прирученные бизоны,26.0,23.0,15.0,1018.9999999999999,7.0
дикие бизоны,26.25,20.0,,645.5,8.0
дикие бизоны,,20.0,14.000000000000002,601.0,
исторические данные,26.25,20.25,12.0,755.5,9.0
дикие бизоны,26.25,19.75,12.0,608.0,8.0
дикие бизоны,26.5,20.0,,617.0,8.0
дикие бизоны,26.75,19.5,12.5,599.0,9.0
дикие бизоны,27.0,21.0,,666.5,
исторические данные,27.250000000000004,19.5,13.5,783.5,7.0
исторические данные,27.250000000000004,,12.0,793.0,9.0
исторические данные,27.250000000000004,20.75,14.000000000000002,820.0,
прирученные бизоны,,20.75,13.5,814.5,8.0
прирученные бизоны,27.500000000000004,21.5,15.0,840.0,8.0
исторические данные,27.500000000000004,21.25,15.0,831.5,10.0
исторические данные,28.000000000000004,21.5,14.499999999999998,899.5,9.0
исторические данные,,22.25,16.0,896.5,8.0
прирученные бизоны,28.000000000000004,22.0,,640.5,8.0
исторические данные,28.000000000000004,,14.499999999999998,852.0,8.0
исторические данные,28.249999999999996,22.75,,959.5,
исторические данные,28.249999999999996,21.75,15.0,990.0,8.0
прирученные бизоны,28.249999999999996,,17.5,1009.5000000000001,
исторические данные,,23.0,15.0,1037.5,9.0
прирученные бизоны,28.499999999999996,22.25,14.499999999999998,877.5,8.0
дикие бизоны,28.499999999999996,22.0,15.0,755.0,8.0
прирученные бизоны,28.749999999999996,23.0,14.499999999999998,994.5,7.0
прирученные бизоны,28.749999999999996,22.5,16.0,1068.0,10.0
исторические данные,28.749999999999996,21.75,14.000000000000002,845.5,9.0
прирученные бизоны,28.749999999999996,23.5,,869.0,9.0
исторические данные,28.749999999999996,22.75,,907.0,9.0
дикие бизоны,28.749999999999996,21.75,13.0,805.0,10.0
исторические данные,28.749999999999996,22.25,17.0,1022.5,9.0
исторические данные,,22.25,14.499999999999998,847.0,9.0
исторические данные,28.999999999999996,,,1114.0,8.0
исторические данные,28.999999999999996,,19.5,1859.0,9.0
исторические данные,28.999999999999996,22.25,13.5,814.0,9.0
исторические данные,28.999999999999996,22.5,14.000000000000002,961.5,9.0
исторические данные,28.999999999999996,22.5,14.499999999999998,1002.5,8.0
прирученные бизоны,28.999999999999996,22.5,,930.0,9.0
исторические данные,,23.0,14.499999999999998,933.5,9.0
исторические данные,29.25,23.25,16.0,955.5,7.0
исторические данные,29.5,23.5,15.0,995.5,8.0
прирученные бизоны,,23.75,16.0,1026.5,9.0
исторические данные,30.0,22.75,,1191.5,8.0
прирученные бизоны,30.0,23.25,15.0,1102.5,8.0
исторические данные,30.0,23.25,15.5,1016.5,10.0
прирученные бизоны,30.25,23.5,16.5,1177.5,9.0
исторические данные,30.25,23.75,14.000000000000002,1117.5,9.0
исторические данные,30.25,24.0,,1183.5,10.0
прирученные бизоны,30.25,,,1056.0,9.0
исторические данные,,24.25,16.0,1014.5,8.0
исторические данные,30.5,24.25,14.499999999999998,1330.5,9.0
исторические данные,30.5,23.5,16.5,1052.0,9.0
исторические данные,30.75,23.0,,1056.5,10.0
прирученные бизоны,,23.25,,923.0,9.0
прирученные бизоны,30.75,23.75,15.5,1027.0,9.0
исторические данные,31.0,23.5,13.5,1019.5000000000001,8.0
исторические данные,31.0,22.5,20.0,858.0,8.0
прирученные бизоны,31.0,24.0,16.0,1112.5,8.0
прирученные бизоны,31.25,,17.5,1374.5,9.0
исторические данные,31.25,24.0,18.5,1206.5,8.0
исторические данные,31.5,23.5,15.5,1132.5,8.0
исторические данные,,25.0,17.5,1264.5,10.0
прирученные бизоны,31.75,24.75,1.5,1156.5,9.0
исторические данные,32.0,25.75,16.5,1369.0,10.0
исторические данные,32.25,26.5,19.5,1390.0,
прирученные бизоны,32.25,24.0,17.0,1134.5,10.0
прирученные бизоны,32.5,25.0,19.0,1464.0,9.0
исторические данные,32.5,25.0,15.5,1202.0,11.0
исторические данные,32.75,,16.0,1310.0,
прирученные бизоны,32.75,25.5,17.5,1415.0,10.0
прирученные бизоны,33.0,26.5,,1346.0,11.0
исторические данные,33.25,26.25,16.0,1363.0,8.0
дикие бизоны,,25.0,17.0,1297.5,9.0
прирученные бизоны,33.5,25.25,20.5,1364.5,9.0
прирученные бизоны,34.25,27.0,21.5,1702.5,14.0
исторические данные,34.25,26.0,16.5,1519.0,10.0
прирученные бизоны,34.5,27.0,15.5,1454.0,9.0
исторические данные,,26.5,,1583.0,12.0
прирученные бизоны,34.5,26.5,17.0,1553.5,9.0
исторические данные,34.75,28.000000000000004,18.5,1740.0,10.0
исторические данные,35.0,28.249999999999996,18.0,1751.0,9.0
исторические данные,35.0,28.749999999999996,,2273.0,12.0
прирученные бизоны,,26.25,,1646.5,9.0
прирученные бизоны,35.25,27.500000000000004,17.0,1219.0,9.0
прирученные бизоны,35.5,28.000000000000004,18.0,1652.0,11.0
исторические данные,,27.500000000000004,19.0,2004.5000000000002,12.0
исторические данные,35.75,26.75,19.0,1675.5,10.0
прирученные бизоны,36.0,28.999999999999996,19.5,2103.0,10.0
прирученные бизоны,36.0,27.500000000000004,20.0,1996.5,10.0
исторические данные,36.0,28.249999999999996,14.499999999999998,1187.0,8.0
исторические данные,36.25,25.25,18.5,1978.0,12.0
прирученные бизоны,36.5,28.749999999999996,18.5,1879.5,12.0
исторические данные,36.75,29.25,18.5,2124.0,11.0
исторические данные,37.25,28.249999999999996,,1931.0,11.0
прирученные бизоны,37.5,28.499999999999996,21.0,2236.0,11.0
прирученные бизоны,37.75,31.25,21.0,2505.0,11.0
исторические данные,,28.999999999999996,,2006.5,10.0
прирученные бизоны,39.0,31.5,21.5,2657.0,11.0
дикие бизоны,9.25,18.75,,464.5,6.0
дикие бизоны,12.25,10.25,,76.5,4.0
дикие бизоны,12.5,9.25,6.5,68.5,5.0
дикие бизоны,12.5,,,83.5,5.0
дикие бизоны,13.750000000000002,9.75,9.0,112.5,6.0
дикие бизоны,15.25,10.75,6.5,107.5,5.0
дикие бизоны,15.5,11.25,7.000000000000001,105.5,5.0
дикие бизоны,15.75,11.5,8.0,137.5,
дикие бизоны,15.75,11.5,7.000000000000001,114.5,5.0
дикие бизоны,16.25,,7.5,139.0,6.0
дикие бизоны,16.5,12.5,9.5,208.5,7.0
дикие бизоны,16.5,10.25,9.5,159.5,5.0
дикие бизоны,16.75,12.25,,201.5,7.0
дикие бизоны,17.0,12.5,9.0,179.0,6.0
дикие бизоны,17.25,12.75,,194.5,6.0
дикие бизоны,17.25,12.75,8.5,200.5,5.0
дикие бизоны,17.5,13.5,7.5,215.0,6.0
дикие бизоны,17.5,12.75,,178.5,8.0
дикие бизоны,18.0,13.5,,196.0,4.0
дикие бизоны,18.25,13.5,8.5,187.5,6.0
дикие бизоны,18.25,13.5,,196.0,7.0
дикие бизоны,18.25,13.25,8.5,213.0,7.0
дикие бизоны,18.5,14.499999999999998,9.0,244.5,7.0
дикие бизоны,18.5,14.000000000000002,8.5,217.0,6.0
дикие бизоны,18.75,14.499999999999998,9.5,213.0,5.0
дикие бизоны,18.75,14.499999999999998,8.5,238.5,7.0
дикие бизоны,,13.750000000000002,9.0,218.0,6.0
дикие бизоны,18.75,13.750000000000002,9.5,246.5,6.0
дикие бизоны,18.75,14.000000000000002,8.0,202.5,8.0
дикие бизоны,18.75,,8.5,218.0,7.0
дикие бизоны,19.0,13.750000000000002,11.0,256.0,6.0
дикие бизоны,19.0,13.5,8.0,210.5,8.0
дикие бизоны,19.25,14.499999999999998,9.0,261.5,9.0
дикие бизоны,19.25,14.000000000000002,8.5,217.5,8.0
дикие бизоны,19.25,15.0,9.5,302.0,7.0
дикие бизоны,19.25,14.000000000000002,9.0,228.0,5.0
дикие бизоны,19.5,15.0,9.5,326.5,7.0
дикие бизоны,19.75,15.25,10.5,284.0,8.0
дикие бизоны,19.75,14.75,9.5,272.5,8.0
дикие бизоны,19.75,13.5,10.0,298.5,5.0
дикие бизоны,,14.499999999999998,,267.5,5.0
дикие бизоны,,14.249999999999998,9.0,264.5,6.0
дикие бизоны,20.5,16.75,11.0,330.0,7.0
дикие бизоны,21.0,15.25,9.0,328.0,6.0
дикие бизоны,21.25,16.25,11.0,333.5,
дикие бизоны,21.25,16.0,10.0,305.5,
дикие бизоны,21.25,15.5,9.0,301.0,7.0
дикие бизоны,21.5,17.0,0.0,428.0,8.0
дикие бизоны,21.5,15.75,9.5,378.0,8.0
дикие бизоны,21.75,15.75,11.0,368.5,7.0
дикие бизоны,22.0,17.0,12.0,438.0,9.0
дикие бизоны,22.5,16.5,10.5,448.0,9.0
дикие бизоны,22.75,17.25,10.5,400.5,8.0
прирученные бизоны,22.75,,11.5,430.5,8.0
дикие бизоны,22.75,16.5,,372.0,8.0
дикие бизоны,,18.0,10.5,466.0,7.0
дикие бизоны,23.0,17.5,10.5,370.5,
прирученные бизоны,23.0,18.25,,478.5,8.0
дикие бизоны,23.25,17.0,11.0,346.0,11.0
дикие бизоны,23.5,18.25,10.0,411.0,8.0
дикие бизоны,23.5,17.75,18.0,480.0,8.0
дикие бизоны,,17.75,12.0,393.0,8.0
дикие бизоны,23.75,17.75,10.0,503.49999999999994,8.0
дикие бизоны,23.75,19.0,12.0,441.0,8.0
дикие бизоны,23.75,18.0,11.0,492.0,8.0
дикие бизоны,24.0,18.5,,543.5,9.0
дикие бизоны,24.0,17.75,11.5,472.5,
дикие бизоны,24.0,18.25,10.0,461.0,8.0
дикие бизоны,24.75,17.75,12.0,496.5,8.0
дикие бизоны,24.75,,13.0,512.5,7.0
исторические данные,24.75,19.75,12.0,553.0,8.0
дикие бизоны,25.0,19.0,,594.0,9.0
исторические данные,,21.0,,676.5,9.0
дикие бизоны,25.0,18.75,14.499999999999998,579.5,9.0
дикие бизоны,,20.5,14.000000000000002,661.5,9.0
дикие бизоны,25.0,18.75,12.5,569.5,7.0
дикие бизоны,25.0,19.75,14.000000000000002,621.5,9.0
дикие бизоны,25.25,20.25,13.0,601.5,8.0
дикие бизоны,25.25,19.0,12.0,594.0,7.0
дикие бизоны,25.25,19.75,10.5,551.0,8.0
дикие бизоны,25.75,19.0,12.0,625.0,7.0
дикие бизоны,25.75,21.0,13.5,711.0,13.0
дикие бизоны,,20.0,13.5,696.5,9.0
дикие бизоны,26.0,,13.0,582.5,10.0
дикие бизоны,,,12.5,663.0,9.0
дикие бизоны,,20.0,12.5,696.5,9.0
исторические данные,26.25,21.0,15.5,842.0,9.0
дикие бизоны,26.5,20.75,,694.0,9.0
дикие бизоны,26.5,21.0,15.5,810.0,10.0
дикие бизоны,26.5,20.75,11.0,574.5,9.0
дикие бизоны,,21.25,13.0,767.5,9.0
дикие бизоны,26.75,20.0,13.5,602.5,9.0
дикие бизоны,26.75,20.75,15.0,576.5,8.0
прирученные бизоны,26.75,20.5,13.0,714.5,9.0
исторические данные,26.75,21.75,15.0,717.0,9.0
прирученные бизоны,27.0,21.0,14.499999999999998,865.5,10.0
дикие бизоны,27.0,21.0,14.000000000000002,726.5,9.0
дикие бизоны,27.250000000000004,,13.5,771.5,8.0
прирученные бизоны,27.250000000000004,,15.0,800.0,9.0
дикие бизоны,27.250000000000004,21.5,15.0,728.5,10.0
дикие бизоны,27.250000000000004,20.25,13.5,594.5,8.0
дикие бизоны,27.500000000000004,21.5,,789.5,11.0
прирученные бизоны,27.500000000000004,,12.5,651.0,9.0
исторические данные,27.500000000000004,21.5,15.0,874.5,9.0
дикие бизоны,27.500000000000004,21.75,14.000000000000002,753.5,10.0
дикие бизоны,27.500000000000004,21.25,13.5,730.5,9.0
исторические данные,27.750000000000004,22.0,14.000000000000002,870.5,9.0
дикие бизоны,,21.5,,739.5,10.0
дикие бизоны,27.750000000000004,21.5,14.000000000000002,766.5,9.0
дикие бизоны,27.750000000000004,21.25,14.499999999999998,790.5,9.0
дикие бизоны,28.000000000000004,21.25,13.5,820.5,9.0
дикие бизоны,28.000000000000004,21.25,14.499999999999998,688.0,9.0
прирученные бизоны,28.000000000000004,22.25,,1224.0,10.0
дикие бизоны,28.000000000000004,22.75,14.499999999999998,974.0,9.0
дикие бизоны,28.249999999999996,22.0,17.5,873.5,11.0
прирученные бизоны,28.249999999999996,22.5,14.499999999999998,849.5,8.0
исторические данные,28.249999999999996,22.25,15.0,796.0,8.0
исторические данные,28.249999999999996,19.5,12.5,744.0,11.0
дикие бизоны,28.499999999999996,22.5,,751.0,10.0
дикие бизоны,28.499999999999996,22.5,13.5,794.0,8.0
прирученные бизоны,28.499999999999996,23.0,13.5,979.5,9.0
исторические данные,28.499999999999996,21.75,,873.0,10.0
дикие бизоны,,22.0,13.0,766.5,10.0
исторические данные,28.499999999999996,,12.5,896.5,9.0
прирученные бизоны,28.749999999999996,,13.5,857.0,10.0
прирученные бизоны,28.749999999999996,24.0,16.5,1078.0,9.0
исторические данные,28.749999999999996,23.0,15.5,892.0,10.0
исторические данные,28.999999999999996,23.0,,1439.5,10.0
исторические данные,28.999999999999996,22.75,13.5,795.5,10.0
прирученные бизоны,28.999999999999996,22.25,15.0,858.0,8.0
исторические данные,29.25,23.25,15.5,914.5,
исторические данные,29.25,,18.5,1171.0,10.0
дикие бизоны,29.25,,16.0,1050.5,10.0
исторические данные,29.25,23.0,16.5,1113.5,10.0
исторические данные,29.25,23.5,,1409.0,10.0
исторические данные,29.25,23.75,15.0,1065.0,10.0
исторические данные,29.25,22.5,,799.5,8.0
дикие бизоны,,22.25,13.5,771.5,9.0
исторические данные,29.5,23.5,18.0,1187.0,9.0
исторические данные,29.5,,15.5,885.5,10.0
прирученные бизоны,,,15.0,980.0,10.0
прирученные бизоны,29.75,23.25,15.5,1026.0,12.0
исторические данные,30.0,,17.0,1131.5,10.0
исторические данные,30.0,24.0,15.5,1014.0,11.0
дикие бизоны,,23.75,15.0,1120.0,10.0
прирученные бизоны,30.0,23.25,,1040.0,11.0
прирученные бизоны,30.0,22.75,14.499999999999998,889.5,10.0
исторические данные,30.0,23.0,15.5,959.5,11.0
дикие бизоны,30.25,,15.0,1238.0,11.0
исторические данные,30.25,24.5,14.000000000000002,975.5,10.0
дикие бизоны,,21.75,13.0,902.5,11.0
прирученные бизоны,30.25,23.75,,1076.0,9.0
прирученные бизоны,30.25,,,1083.5,12.0
исторические данные,30.5,22.5,15.0,871.0,10.0
исторические данные,30.5,24.0,16.5,1244.0,12.0
исторические данные,30.5,23.75,17.0,1026.5,10.0
дикие бизоны,,23.25,15.0,960.5,9.0
исторические данные,30.5,,17.0,1137.0,10.0
исторические данные,30.5,23.0,16.0,1000.0,10.0
прирученные бизоны,30.75,23.75,15.5,1004.0,10.0
исторические данные,30.75,,16.5,1128.0,10.0
исторические данные,30.75,,17.0,1054.0,10.0
прирученные бизоны,30.75,23.75,16.5,1022.9999999999999,12.0
исторические данные,30.75,,17.0,1129.0,10.0
исторические данные,30.75,24.0,17.5,1118.0,9.0
прирученные бизоны,,23.75,15.5,1115.0,10.0
исторические данные,31.0,25.5,17.5,1281.5,10.0
исторические данные,31.0,24.75,18.0,1255.5,12.0
прирученные бизоны,31.0,25.0,15.0,1293.0,10.0
прирученные бизоны,31.0,23.75,16.0,1129.5,10.0
исторические данные,31.25,22.75,17.0,1082.0,9.0
прирученные бизоны,31.25,25.25,17.5,1150.0,11.0
прирученные бизоны,31.25,25.75,16.0,1264.0,9.0
прирученные бизоны,31.25,24.0,,1203.5,12.0
прирученные бизоны,31.5,24.25,17.0,1320.5,9.0
дикие бизоны,31.5,25.25,18.0,1272.0,11.0
исторические данные,31.5,24.25,14.499999999999998,1062.0,12.0
дикие бизоны,31.5,,14.499999999999998,1060.5,10.0
исторические данные,31.5,24.75,16.0,1093.0,12.0
исторические данные,,24.5,16.0,1101.0,10.0
прирученные бизоны,31.75,25.0,16.5,1459.5,9.0
прирученные бизоны,31.75,24.75,,1211.0,
исторические данные,,23.75,17.0,1193.5,10.0
исторические данные,,25.5,15.5,986.0,10.0
исторические данные,,28.249999999999996,23.0,1521.0,15.0
исторические данные,32.0,26.25,18.0,1313.5,10.0
исторические данные,32.25,25.5,16.0,1183.5,11.0
исторические данные,32.25,25.0,19.5,1401.0,10.0
исторические данные,,,,1507.5,11.0
прирученные бизоны,,25.25,16.5,1160.0,11.0
прирученные бизоны,32.5,29.5,22.0,1662.0,11.0
исторические данные,32.5,26.25,17.5,1536.5,11.0
исторические данные,32.5,,19.0,1542.0,9.0
прирученные бизоны,32.5,25.5,17.0,1567.0,
прирученные бизоны,32.75,26.25,19.0,1359.5,10.0
исторические данные,32.75,26.75,20.5,1644.5,13.0
прирученные бизоны,32.75,26.0,19.0,1454.5,10.0
исторические данные,32.75,24.5,,1358.5,10.0
прирученные бизоны,33.0,24.75,21.0,1548.0,10.0
прирученные бизоны,33.0,25.75,17.0,1337.0,10.0
прирученные бизоны,33.25,26.5,18.0,1491.0,10.0
прирученные бизоны,,26.5,22.5,1561.5,11.0
прирученные бизоны,33.5,25.25,17.5,1014.5,10.0
исторические данные,33.75,27.250000000000004,18.5,1737.5,13.0
исторические данные,34.25,27.250000000000004,,1792.5,9.0
прирученные бизоны,,28.249999999999996,19.0,1763.5,11.0
прирученные бизоны,35.0,27.250000000000004,13.0,1556.0,12.0
исторические данные,35.25,28.249999999999996,51.5,2210.0,10.0
исторические данные,35.25,27.750000000000004,,2141.0,11.0
прирученные бизоны,35.25,28.499999999999996,18.0,1534.5,12.0
прирученные бизоны,35.5,27.500000000000004,,1614.0,11.0
прирученные бизоны,36.0,28.749999999999996,17.0,1933.5,13.0
исторические данные,36.0,28.749999999999996,21.5,2173.0,12.0
прирученные бизоны,36.25,30.0,20.0,1737.0,11.0
прирученные бизоны,36.5,28.999999999999996,,1737.5,11.0
прирученные бизоны,36.75,,20.5,2127.5,12.0
прирученные бизоны,37.25,,21.5,2250.0,9.0
прирученные бизоны,37.5,30.5,23.5,2508.5,
прирученные бизоны,40.75,32.5,25.0,2255.0,14.0
дикие бизоны,7.000000000000001,5.25,3.5000000000000004,14.0,3.0
дикие бизоны,11.5,8.25,6.0,51.5,4.0
дикие бизоны,18.25,13.25,13.5,221.5,7.0
дикие бизоны,18.25,,8.0,198.5,5.0
дикие бизоны,18.5,13.5,9.5,232.0,6.0
дикие бизоны,18.75,14.000000000000002,8.5,315.5,7.0
дикие бизоны,19.25,15.0,,247.0,5.0
дикие бизоны,19.75,14.75,9.0,302.5,5.0
дикие бизоны,20.0,14.499999999999998,11.0,329.0,6.0
дикие бизоны,20.0,15.0,9.0,281.5,7.0
дикие бизоны,20.25,15.5,9.5,342.5,8.0
дикие бизоны,20.25,14.499999999999998,9.0,282.5,7.0
дикие бизоны,20.25,15.0,10.5,304.0,6.0
дикие бизоны,20.5,,9.5,290.5,5.0
исторические данные,20.75,15.75,11.5,389.5,9.0
дикие бизоны,21.25,17.0,10.5,389.0,6.0
дикие бизоны,21.5,17.0,10.5,440.5,6.0
дикие бизоны,22.0,17.0,10.5,369.0,5.0
исторические данные,22.0,16.0,12.0,456.5,8.0
дикие бизоны,22.0,18.25,11.0,446.5,9.0
исторические данные,22.5,,12.5,447.5,6.0
дикие бизоны,22.75,16.75,13.5,501.0,7.0
дикие бизоны,23.0,17.75,11.0,436.0,8.0
дикие бизоны,23.5,17.25,14.000000000000002,461.5,9.0
дикие бизоны,23.5,17.5,12.5,431.5,6.0
дикие бизоны,23.5,17.75,12.0,368.5,6.0
исторические данные,23.75,18.5,12.5,649.0,8.0
дикие бизоны,23.75,18.25,11.5,459.0,7.0
прирученные бизоны,23.75,18.25,11.5,566.0,7.0
дикие бизоны,24.0,18.0,12.5,542.0,7.0
дикие бизоны,24.25,19.0,12.0,472.5,6.0
исторические данные,24.25,19.5,8.5,643.5,8.0
исторические данные,24.25,18.5,,526.0,6.0
прирученные бизоны,24.75,19.0,12.0,573.0,7.0
исторические данные,25.25,19.25,10.5,552.5,9.0
прирученные бизоны,,19.0,13.5,685.5,9.0
дикие бизоны,25.75,19.75,12.5,556.0,8.0
исторические данные,25.75,21.25,,936.5,8.0
дикие бизоны,25.75,20.0,12.5,562.5,7.0
исторические данные,26.0,20.0,,559.0,8.0
исторические данные,,20.0,14.000000000000002,720.5,8.0
дикие бизоны,26.5,,13.0,704.5,9.0
исторические данные,26.5,20.0,,757.5,8.0
прирученные бизоны,,20.5,,740.5,9.0
прирученные бизоны,27.500000000000004,21.5,14.000000000000002,840.0,
исторические данные,27.500000000000004,21.25,16.0,793.0,9.0
прирученные бизоны,28.000000000000004,21.5,,874.5,8.0
прирученные бизоны,28.000000000000004,21.75,15.0,871.5,9.0
исторические данные,28.499999999999996,,15.0,987.5,8.0
исторические данные,28.749999999999996,23.25,15.0,1080.0,9.0
исторические данные,28.749999999999996,,16.5,915.5,8.0
прирученные бизоны,28.999999999999996,23.0,,1165.0,9.0
прирученные бизоны,28.999999999999996,21.75,14.000000000000002,953.0,9.0
исторические данные,29.25,22.75,15.0,906.0,8.0
исторические данные,29.5,22.0,15.0,872.5,8.0
прирученные бизоны,29.5,23.25,15.0,1151.0,9.0
прирученные бизоны,,23.0,14.499999999999998,990.5,8.0
прирученные бизоны,29.75,22.75,16.0,1040.0,9.0
исторические данные,30.0,22.75,15.5,945.0,
исторические данные,30.0,23.25,20.0,1259.0,9.0
прирученные бизоны,30.25,,16.5,951.5,11.0
прирученные бизоны,30.25,24.25,16.0,1201.0,9.0
прирученные бизоны,30.25,25.75,17.0,1289.0,9.0
прирученные бизоны,,24.25,17.0,1100.5,11.0
дикие бизоны,30.75,23.75,13.0,842.5,8.0
исторические данные,31.0,24.25,15.5,1049.0,10.0
прирученные бизоны,31.0,21.75,15.5,1012.0,8.0
исторические данные,31.0,24.0,16.5,1072.5,9.0
исторические данные,31.25,26.0,17.5,1410.5,10.0
исторические данные,31.25,23.5,,1136.0,11.0
исторические данные,31.5,23.5,14.499999999999998,1100.5,9.0
прирученные бизоны,31.5,25.0,,1110.5,10.0
исторические данные,31.5,22.75,15.0,1131.5,9.0
исторические данные,31.5,24.0,15.0,1271.0,11.0
прирученные бизоны,,24.5,22.5,1336.0,10.0
прирученные бизоны,31.75,,14.499999999999998,1134.5,10.0
исторические данные,31.75,25.5,18.5,1308.0,8.0
прирученные бизоны,32.0,25.75,,1533.5,9.0
прирученные бизоны,32.25,25.75,17.5,1546.0,10.0
исторические данные,32.25,25.5,15.5,1539.0,11.0
прирученные бизоны,32.25,25.25,16.5,1318.0,11.0
прирученные бизоны,,27.250000000000004,17.5,1524.5,10.0
исторические данные,,25.75,17.5,1466.0,10.0
прирученные бизоны,32.5,25.0,16.0,1382.5,9.0
исторические данные,32.5,24.25,14.000000000000002,1175.0,8.0
прирученные бизоны,,27.0,,1555.5,11.0
исторические данные,32.75,25.5,21.5,1783.5,11.0
исторические данные,,25.25,16.5,1374.0,10.0
прирученные бизоны,33.25,25.75,18.0,1389.0,10.0
исторические данные,,27.250000000000004,20.0,1702.5,11.0
исторические данные,33.5,25.5,17.5,1526.5,10.0
исторические данные,,25.0,19.0,1519.0,10.0
прирученные бизоны,,25.0,,1741.0,12.0
исторические данные,34.0,25.75,,1611.5,11.0
исторические данные,,26.25,20.0,1782.5,12.0
прирученные бизоны,35.0,27.500000000000004,17.0,1684.0,11.0
исторические данные,35.0,27.750000000000004,20.0,1858.0,11.0
исторические данные,35.25,,,1675.0,10.0
исторические данные,36.0,28.249999999999996,20.0,2105.5,12.0
исторические данные,36.25,28.749999999999996,24.0,2210.0,13.0
исторические данные,37.0,28.499999999999996,18.0,1872.5,10.0
исторические данные,37.5,27.500000000000004,18.0,1893.0,11.0
дикие бизоны,10.5,8.5,,47.5,5.0
дикие бизоны,14.249999999999998,10.5,5.5,101.0,5.0
дикие бизоны,14.75,10.75,7.000000000000001,121.0,6.0
дикие бизоны,15.0,11.5,,117.0,6.0
дикие бизоны,15.25,,9.0,146.5,6.0
дикие бизоны,,12.75,8.0,168.0,5.0
дикие бизоны,17.5,13.0,7.5,180.0,5.0
дикие бизоны,17.75,13.5,7.5,177.5,6.0
дикие бизоны,17.75,13.0,9.0,198.5,7.0
дикие бизоны,18.0,13.5,9.5,200.0,8.0
дикие бизоны,18.0,13.750000000000002,,220.5,7.0
дикие бизоны,,13.25,,184.5,7.0
дикие бизоны,18.25,13.5,8.5,222.5,7.0
дикие бизоны,18.5,13.5,9.5,217.5,6.0
дикие бизоны,18.75,14.000000000000002,8.0,216.5,7.0
дикие бизоны,19.0,14.249999999999998,,243.0,7.0
дикие бизоны,,14.499999999999998,10.0,237.0,6.0
дикие бизоны,19.25,14.499999999999998,,236.5,8.0
дикие бизоны,19.25,14.000000000000002,9.5,257.0,7.0
дикие бизоны,19.25,15.0,9.0,308.0,
дикие бизоны,19.5,15.0,9.0,252.0,7.0
дикие бизоны,19.5,14.249999999999998,10.0,281.0,7.0
дикие бизоны,19.5,14.499999999999998,10.0,222.5,7.0
дикие бизоны,20.5,15.0,9.0,304.0,8.0
дикие бизоны,20.5,15.0,9.0,280.0,
дикие бизоны,20.75,16.25,10.0,313.0,7.0
дикие бизоны,,16.25,11.0,317.0,8.0
дикие бизоны,21.25,15.75,8.0,303.0,7.0
дикие бизоны,21.75,16.75,10.0,329.5,7.0
дикие бизоны,21.75,,11.0,367.0,6.0
дикие бизоны,22.5,17.0,9.5,324.5,8.0
дикие бизоны,22.5,16.75,11.0,419.5,7.0
дикие бизоны,22.75,18.0,11.5,457.0,10.0
дикие бизоны,23.0,17.5,11.0,400.0,7.0
дикие бизоны,23.0,17.75,11.0,425.5,7.0
дикие бизоны,23.25,18.5,12.0,436.5,9.0
дикие бизоны,23.25,17.25,11.0,393.0,8.0
дикие бизоны,23.5,17.75,12.5,499.0,8.0
дикие бизоны,23.75,18.0,14.499999999999998,632.5,8.0
исторические данные,23.75,18.0,,428.5,7.0
дикие бизоны,23.75,,12.5,490.5,8.0
дикие бизоны,24.0,18.5,,474.0,9.0
дикие бизоны,24.0,18.5,12.0,536.0,8.0
исторические данные,24.0,17.75,16.0,464.0,8.0
дикие бизоны,24.25,18.75,13.0,602.5,7.0
дикие бизоны,24.5,18.75,11.5,461.5,8.0
дикие бизоны,24.5,20.0,13.5,624.0,8.0
дикие бизоны,24.75,18.5,12.5,471.5,8.0
дикие бизоны,24.75,20.0,10.5,602.0,8.0
дикие бизоны,,20.0,12.0,616.0,8.0
дикие бизоны,25.0,19.5,,595.5,8.0
дикие бизоны,25.0,,14.000000000000002,559.0,9.0
дикие бизоны,25.5,19.75,13.0,602.5,7.0
прирученные бизоны,25.75,18.75,11.0,606.5,6.0
дикие бизоны,25.75,18.0,12.5,472.5,9.0
дикие бизоны,25.75,17.5,,474.5,10.0
дикие бизоны,25.75,19.75,12.5,663.5,8.0
дикие бизоны,25.75,,12.5,570.5,8.0
дикие бизоны,26.0,20.5,14.499999999999998,646.0,9.0
дикие бизоны,,19.5,13.0,554.5,7.0
исторические данные,26.25,20.75,14.499999999999998,845.0,8.0
дикие бизоны,26.25,19.5,12.0,664.0,9.0
дикие бизоны,26.25,19.0,13.5,615.0,8.0
дикие бизоны,26.25,20.0,14.000000000000002,654.0,7.0
исторические данные,,20.0,15.5,707.0,9.0
дикие бизоны,,21.0,12.0,596.5,7.0
дикие бизоны,26.5,21.5,13.5,625.5,10.0
дикие бизоны,26.5,20.0,14.499999999999998,555.0,9.0
дикие бизоны,26.5,,13.0,836.5,11.0
дикие бизоны,26.75,20.0,13.0,657.0,7.0
дикие бизоны,27.0,21.5,17.0,836.0,9.0
дикие бизоны,27.0,21.25,14.000000000000002,742.0,9.0
дикие бизоны,27.0,21.5,14.000000000000002,819.5,9.0
исторические данные,27.0,,,972.0,10.0
дикие бизоны,27.0,21.0,14.000000000000002,627.5,9.0
дикие бизоны,27.0,21.25,13.0,720.5,10.0
дикие бизоны,27.0,21.25,13.5,686.0,8.0
дикие бизоны,27.250000000000004,20.0,13.0,686.0,9.0
дикие бизоны,27.250000000000004,18.75,,543.0,
дикие бизоны,27.250000000000004,21.0,12.5,717.0,8.0
исторические данные,27.500000000000004,21.75,14.000000000000002,762.5,10.0
дикие бизоны,27.500000000000004,21.25,15.0,639.0,9.0
дикие бизоны,27.500000000000004,21.0,13.5,816.0,12.0
дикие бизоны,27.500000000000004,,14.499999999999998,781.5,8.0
дикие бизоны,,21.25,15.0,766.5,8.0
дикие бизоны,27.750000000000004,19.75,13.0,558.5,9.0
дикие бизоны,27.750000000000004,21.75,14.000000000000002,765.0,8.0
дикие бизоны,27.750000000000004,23.0,14.499999999999998,900.5,11.0
дикие бизоны,28.000000000000004,22.25,15.0,822.5,10.0
дикие бизоны,28.000000000000004,22.0,13.0,723.5,8.0
исторические данные,28.000000000000004,21.25,13.5,849.0,10.0
дикие бизоны,28.249999999999996,21.0,,743.0,9.0
прирученные бизоны,28.249999999999996,22.0,15.0,863.0,9.0
исторические данные,,22.0,12.5,802.0,9.0
исторические данные,28.249999999999996,,15.0,831.0,10.0
прирученные бизоны,28.499999999999996,22.5,,780.5,8.0
исторические данные,28.499999999999996,22.5,14.000000000000002,795.0,9.0
дикие бизоны,28.499999999999996,21.75,17.0,848.0,9.0
дикие бизоны,28.499999999999996,21.5,14.499999999999998,833.0,10.0
дикие бизоны,28.499999999999996,22.25,,867.0,9.0
дикие бизоны,28.499999999999996,22.25,14.499999999999998,740.5,12.0
исторические данные,28.749999999999996,22.75,16.5,867.0,8.0
дикие бизоны,28.749999999999996,21.25,13.5,796.5,10.0
прирученные бизоны,28.749999999999996,23.5,15.5,1116.0,10.0
дикие бизоны,,22.5,12.5,780.0,9.0
исторические данные,28.749999999999996,,18.5,985.0,10.0
прирученные бизоны,28.749999999999996,23.25,19.5,996.5,8.0
дикие бизоны,28.749999999999996,22.25,17.0,801.5,9.0
дикие бизоны,28.749999999999996,22.5,13.5,807.0,10.0
прирученные бизоны,28.749999999999996,21.75,15.0,1030.5,8.0
исторические данные,,22.25,16.0,839.0,9.0
исторические данные,,22.0,16.0,961.5,13.0
прирученные бизоны,28.999999999999996,,,834.0,8.0
исторические данные,28.999999999999996,23.0,15.5,1033.5,10.0
исторические данные,28.999999999999996,21.5,13.0,798.0,10.0
дикие бизоны,,22.25,12.5,709.5,9.0
прирученные бизоны,29.25,22.25,14.000000000000002,913.0,10.0
исторические данные,29.5,24.5,16.5,1207.0,10.0
дикие бизоны,29.5,22.5,14.499999999999998,1022.0,10.0
дикие бизоны,29.5,23.0,14.499999999999998,901.5,11.0
прирученные бизоны,29.75,,15.0,900.0,8.0
исторические данные,29.75,22.5,14.000000000000002,838.0,10.0
исторические данные,29.75,22.5,14.499999999999998,959.0,10.0
дикие бизоны,,23.0,15.0,833.5,8.0
прирученные бизоны,30.0,23.0,15.5,973.5,8.0
прирученные бизоны,30.0,23.75,15.0,1130.0,9.0
исторические данные,30.0,,16.5,916.5,9.0
дикие бизоны,30.0,24.0,17.0,917.5,8.0
прирученные бизоны,30.0,,18.0,1064.5,10.0
исторические данные,,23.5,16.5,1059.0,9.0
исторические данные,30.0,,16.0,1194.0,10.0
прирученные бизоны,30.25,22.75,14.499999999999998,977.5,9.0
исторические данные,30.25,23.75,14.499999999999998,884.0,8.0
дикие бизоны,30.25,23.5,14.499999999999998,802.5,9.0
прирученные бизоны,30.25,24.0,14.000000000000002,991.0,8.0
прирученные бизоны,30.25,23.5,,974.0,9.0
прирученные бизоны,,,18.0,1434.0,11.0
исторические данные,30.5,23.75,15.5,983.0,10.0
прирученные бизоны,30.5,23.25,16.0,1072.5,10.0
прирученные бизоны,30.5,24.25,,1240.5,12.0
исторические данные,30.5,,16.0,1022.0,9.0
прирученные бизоны,30.5,23.75,16.0,1115.5,10.0
дикие бизоны,30.5,23.25,12.5,922.5,9.0
исторические данные,30.5,23.5,17.0,1118.5,9.0
прирученные бизоны,30.5,24.25,18.0,1279.5,7.0
исторические данные,30.75,23.5,16.0,1017.5000000000001,10.0
исторические данные,30.75,23.75,17.5,1224.0,9.0
дикие бизоны,31.0,24.25,18.0,1154.0,12.0
прирученные бизоны,31.0,25.75,15.5,1325.5,12.0
исторические данные,,25.75,17.5,1221.0,13.0
прирученные бизоны,31.0,27.0,16.5,1139.0,11.0
дикие бизоны,31.0,24.5,16.0,1066.0,11.0
прирученные бизоны,31.0,24.0,18.0,1221.5,
дикие бизоны,31.0,23.5,14.000000000000002,856.5,9.0
дикие бизоны,31.0,22.5,13.5,924.0,10.0
исторические данные,31.0,24.0,15.0,1266.0,12.0
прирученные бизоны,31.0,,17.5,1040.5,9.0
исторические данные,31.25,24.5,,1116.5,
исторические данные,31.25,23.75,16.0,1084.5,10.0
исторические данные,31.25,25.0,17.0,1098.5,9.0
дикие бизоны,31.25,23.5,15.5,1195.5,12.0
прирученные бизоны,31.25,24.25,17.5,1362.0,10.0
дикие бизоны,31.25,24.25,,1044.0,9.0
исторические данные,31.5,25.25,17.0,1091.5,9.0
прирученные бизоны,31.5,25.0,18.0,1196.5,8.0
исторические данные,31.5,24.5,17.0,1174.5,11.0
исторические данные,31.5,24.25,16.5,1233.0,10.0
исторические данные,31.5,24.75,17.5,1269.5,11.0
дикие бизоны,31.75,25.0,16.5,1489.0,13.0
исторические данные,31.75,25.0,,1434.5,12.0
прирученные бизоны,31.75,24.5,17.5,1243.5,10.0
прирученные бизоны,31.75,24.5,,1261.5,9.0
прирученные бизоны,32.0,25.25,16.5,1223.5,10.0
исторические данные,32.0,25.75,18.0,1247.0,10.0
исторические данные,32.0,26.25,18.5,1707.0,11.0
исторические данные,32.25,25.25,15.0,1160.5,10.0
исторические данные,,25.0,17.5,1286.0,12.0
исторические данные,32.25,,19.0,1559.5,14.0
исторические данные,32.25,25.5,19.0,1474.5,9.0
исторические данные,32.25,25.5,,1226.0,10.0
исторические данные,32.25,25.5,,1330.0,9.0
прирученные бизоны,32.25,25.5,16.0,1241.5,9.0
исторические данные,32.25,25.0,17.5,1337.5,10.0
прирученные бизоны,,25.5,19.0,1363.0,10.0
исторические данные,32.25,,15.0,1221.5,9.0
прирученные бизоны,32.25,24.0,19.0,1371.0,12.0
прирученные бизоны,32.5,24.75,15.5,1337.0,9.0
исторические данные,32.5,25.25,,1274.0,11.0
исторические данные,32.5,26.25,18.5,1488.0,11.0
исторические данные,32.5,25.5,16.0,1383.5,9.0
исторические данные,32.75,,,1274.0,10.0
прирученные бизоны,32.75,25.5,,1043.0,9.0
прирученные бизоны,,25.25,19.0,1348.5,12.0
прирученные бизоны,32.75,25.25,19.5,1440.5,11.0
исторические данные,33.0,25.0,16.5,1319.5,9.0
прирученные бизоны,33.0,26.75,,1517.5,12.0
исторические данные,33.0,26.5,19.5,1550.5,10.0
исторические данные,33.0,25.5,16.5,1637.5,14.0
исторические данные,,26.25,17.5,1443.0,11.0
исторические данные,33.25,25.25,16.0,1289.0,11.0
прирученные бизоны,33.25,,16.0,1291.5,11.0
исторические данные,33.25,26.0,17.5,1372.5,12.0
исторические данные,33.25,25.0,,1297.5,9.0
исторические данные,33.5,25.25,16.0,1258.5,12.0
исторические данные,33.5,26.0,,1390.0,11.0
прирученные бизоны,33.5,26.0,,1320.0,13.0
прирученные бизоны,33.5,27.500000000000004,15.5,1566.0,10.0
прирученные бизоны,33.5,27.0,19.5,1619.0,11.0
исторические данные,33.75,26.25,16.0,1283.5,13.0
прирученные бизоны,33.75,25.5,19.5,1382.0,10.0
исторические данные,34.0,26.0,19.5,1453.5,
прирученные бизоны,34.0,25.5,,1607.5,11.0
исторические данные,34.25,26.0,,1373.5,11.0
прирученные бизоны,34.25,28.249999999999996,17.5,1638.0,11.0
прирученные бизоны,34.5,27.500000000000004,20.0,1569.0,12.0
исторические данные,35.0,28.249999999999996,17.5,1856.5,10.0
прирученные бизоны,,26.75,17.5,1773.0,15.0
прирученные бизоны,35.25,27.250000000000004,17.0,1580.0,11.0
исторические данные,35.5,28.749999999999996,21.5,2009.0,11.0
прирученные бизоны,35.5,28.499999999999996,19.5,1980.5,12.0
прирученные бизоны,35.5,27.0,20.5,1580.5,10.0
исторические данные,,28.000000000000004,,2015.0000000000002,11.0
исторические данные,36.0,28.499999999999996,20.0,1827.5,10.0
исторические данные,,27.500000000000004,20.5,2125.0,13.0
прирученные бизоны,36.0,,18.0,1445.0,7.0
прирученные бизоны,36.25,28.249999999999996,,2142.5,14.0
прирученные бизоны,36.5,28.000000000000004,19.0,1942.5,11.0
исторические данные,36.75,29.5,21.5,1747.0,11.0
прирученные бизоны,37.0,28.249999999999996,20.5,2119.0,12.0
прирученные бизоны,37.5,28.249999999999996,21.5,1938.0,11.0
исторические данные,37.5,29.75,20.5,2220.5,12.0
исторические данные,38.5,,,2515.5,12.0
исторические данные,,31.5,25.0,2779.5,12.0
дикие бизоны,13.750000000000002,8.75,9.0,231.5,5.0
дикие бизоны,,12.25,10.0,394.0,6.0
прирученные бизоны,18.75,13.5,13.5,597.0,7.0
исторические данные,19.5,14.000000000000002,12.5,564.0,7.0
дикие бизоны,21.75,15.0,12.0,596.5,8.0
исторические данные,,16.0,12.0,414.0,7.0
дикие бизоны,22.75,16.75,10.5,422.0,6.0
дикие бизоны,22.75,16.25,13.5,820.0,8.0
дикие бизоны,,17.25,11.0,434.0,8.0
дикие бизоны,,16.25,14.000000000000002,761.5,10.0
исторические данные,23.25,18.0,11.5,579.5,7.0
дикие бизоны,24.25,18.25,10.5,520.5,8.0
исторические данные,24.25,18.5,15.5,968.0,9.0
дикие бизоны,24.25,17.25,16.0,869.0,9.0
прирученные бизоны,24.5,17.75,16.0,879.5,8.0
исторические данные,25.0,18.5,15.0,1061.5,9.0
исторические данные,25.75,17.5,,922.5,9.0
исторические данные,25.75,,13.5,1006.9999999999999,8.0
исторические данные,26.25,18.25,17.0,960.5,10.0
исторические данные,,19.0,12.5,650.0,7.0
исторические данные,26.5,20.5,14.000000000000002,754.5,8.0
прирученные бизоны,26.75,,13.5,771.0,
дикие бизоны,26.75,19.25,18.0,1083.5,8.0
дикие бизоны,27.250000000000004,21.0,16.5,893.5,
прирученные бизоны,27.250000000000004,20.75,20.0,1358.0,10.0
прирученные бизоны,27.250000000000004,,,1118.5,9.0
прирученные бизоны,,19.0,16.5,1205.0,10.0
исторические данные,27.500000000000004,,16.0,1340.5,10.0
исторические данные,28.499999999999996,22.75,17.5,1020.0,9.0
исторические данные,28.749999999999996,22.0,18.5,1025.0,10.0
дикие бизоны,28.749999999999996,22.5,13.0,814.5,10.0
прирученные бизоны,28.999999999999996,21.5,17.0,1480.0,10.0
исторические данные,29.25,22.75,14.499999999999998,953.0,
дикие бизоны,29.25,,15.0,891.5,8.0
исторические данные,30.0,24.75,17.5,1300.5,11.0
исторические данные,30.0,,16.5,1038.0,9.0
исторические данные,30.25,23.75,17.5,1252.5,9.0
исторические данные,,23.75,15.0,1150.0,10.0
прирученные бизоны,30.5,23.75,15.0,1113.5,11.0
прирученные бизоны,30.75,22.75,14.499999999999998,1115.5,10.0
исторические данные,31.0,23.5,14.499999999999998,1086.5,10.0
исторические данные,31.25,24.75,17.5,1254.0,9.0
исторические данные,31.25,24.5,,1169.0,11.0
исторические данные,31.75,24.75,19.5,1172.0,11.0
прирученные бизоны,31.75,23.75,,1184.5,10.0
прирученные бизоны,32.0,23.75,14.000000000000002,1072.5,8.0
исторические данные,32.25,25.0,,1381.5,9.0
исторические данные,32.5,26.25,,1612.5,11.0
исторические данные,32.5,24.25,16.0,1739.5,10.0
прирученные бизоны,32.75,26.0,20.0,1547.5,9.0
исторические данные,32.75,27.250000000000004,19.0,1424.5,10.0
прирученные бизоны,33.25,25.75,,1340.5,11.0
прирученные бизоны,33.75,26.5,17.5,1446.5,10.0
прирученные бизоны,34.25,26.75,17.5,1584.5,9.0
прирученные бизоны,34.75,27.500000000000004,18.5,1679.0,10.0
исторические данные,34.75,26.5,19.0,1726.0,11.0
прирученные бизоны,35.25,27.250000000000004,,1539.5,13.0
прирученные бизоны,36.0,27.500000000000004,19.5,2073.0,9.0
исторические данные,36.0,,18.0,1586.5,11.0
исторические данные,,28.749999999999996,,2069.0,11.0
дикие бизоны,9.25,,4.0,27.0,5.0
дикие бизоны,12.0,9.0,5.5,55.5,4.0
дикие бизоны,15.5,,7.5,127.5,7.0
дикие бизоны,17.0,13.0,8.5,188.5,6.0
дикие бизоны,17.5,13.25,8.0,200.0,7.0
дикие бизоны,18.25,13.5,8.5,197.0,6.0
дикие бизоны,,13.750000000000002,,223.0,7.0
дикие бизоны,18.25,13.5,7.5,221.5,6.0
дикие бизоны,,15.5,10.5,266.5,8.0
дикие бизоны,20.25,15.0,9.0,269.0,6.0
дикие бизоны,20.5,15.75,9.5,280.5,7.0
дикие бизоны,20.5,16.75,10.5,330.5,7.0
дикие бизоны,20.75,15.5,9.0,281.5,6.0
дикие бизоны,20.75,15.5,10.0,280.5,6.0
дикие бизоны,20.75,15.5,9.5,311.0,8.0
дикие бизоны,21.0,16.25,10.0,368.0,11.0
дикие бизоны,21.5,17.0,,340.5,8.0
дикие бизоны,21.75,16.75,10.0,324.5,7.0
дикие бизоны,,16.5,11.0,380.0,7.0
дикие бизоны,21.75,16.5,10.5,335.0,8.0
дикие бизоны,,17.25,12.0,321.5,7.0
дикие бизоны,,16.5,11.0,358.0,8.0
дикие бизоны,23.25,18.5,11.0,445.0,7.0
дикие бизоны,23.5,18.75,12.0,487.0,8.0
дикие бизоны,,17.0,10.5,453.5,9.0
дикие бизоны,24.25,19.25,13.0,568.0,7.0
дикие бизоны,24.25,18.0,12.0,515.5,8.0
дикие бизоны,24.25,18.5,11.5,457.0,9.0
дикие бизоны,24.75,19.0,13.5,509.49999999999994,8.0
дикие бизоны,24.75,19.0,14.499999999999998,500.0,8.0
дикие бизоны,24.75,18.75,14.000000000000002,494.0,8.0
дикие бизоны,25.0,19.0,11.0,560.5,
дикие бизоны,25.25,20.25,13.0,599.0,11.0
дикие бизоны,25.25,20.0,14.499999999999998,704.5,8.0
прирученные бизоны,25.5,20.0,12.0,700.5,10.0
дикие бизоны,25.75,20.75,13.5,712.5,10.0
дикие бизоны,25.75,21.0,15.0,672.5,10.0
исторические данные,,19.25,11.0,578.5,8.0
дикие бизоны,26.0,20.5,11.0,518.5,8.0
дикие бизоны,26.0,20.75,14.000000000000002,637.5,9.0
дикие бизоны,26.0,19.75,12.5,580.5,9.0
дикие бизоны,26.0,19.0,11.5,664.5,7.0
дикие бизоны,,19.25,11.5,581.0,10.0
дикие бизоны,,20.75,12.0,596.0,9.0
дикие бизоны,,20.25,14.499999999999998,696.5,8.0
дикие бизоны,26.25,20.0,14.499999999999998,609.5,9.0
дикие бизоны,26.5,,14.000000000000002,677.0,8.0
дикие бизоны,26.5,21.5,16.0,724.5,9.0
дикие бизоны,26.5,19.75,13.0,575.0,9.0
дикие бизоны,26.5,20.25,12.0,632.0,9.0
дикие бизоны,,22.75,14.000000000000002,1001.5,9.0
прирученные бизоны,27.0,21.25,16.0,945.5,9.0
дикие бизоны,27.0,19.75,13.5,655.5,9.0
дикие бизоны,27.0,19.5,12.5,625.5,8.0
дикие бизоны,27.250000000000004,,14.000000000000002,814.5,10.0
дикие бизоны,27.250000000000004,21.5,14.000000000000002,687.0,9.0
дикие бизоны,27.500000000000004,21.75,14.000000000000002,799.5,
дикие бизоны,27.500000000000004,22.5,13.0,804.0,6.0
исторические данные,27.750000000000004,21.75,14.000000000000002,749.5,8.0
исторические данные,27.750000000000004,20.5,12.5,599.0,8.0
исторические данные,27.750000000000004,20.0,,707.5,
дикие бизоны,27.750000000000004,22.5,17.5,738.0,9.0
исторические данные,27.750000000000004,22.75,13.5,837.0,
дикие бизоны,28.000000000000004,,16.5,832.0,9.0
прирученные бизоны,28.249999999999996,22.25,12.5,830.5,11.0
исторические данные,28.249999999999996,20.75,12.5,667.0,
исторические данные,28.249999999999996,22.75,15.5,935.5,11.0
дикие бизоны,,21.75,14.499999999999998,844.5,9.0
исторические данные,28.249999999999996,22.5,16.0,895.0,9.0
дикие бизоны,28.249999999999996,,15.5,871.5,10.0
исторические данные,28.499999999999996,23.0,15.5,1000.5,11.0
исторические данные,28.499999999999996,22.75,15.5,832.0,11.0
исторические данные,28.499999999999996,22.0,17.5,941.5,9.0
исторические данные,28.499999999999996,20.75,13.0,880.0,13.0
прирученные бизоны,28.499999999999996,,12.0,803.0,9.0
исторические данные,28.749999999999996,,13.0,785.0,9.0
исторические данные,28.749999999999996,22.5,15.5,976.5,9.0
исторические данные,28.749999999999996,21.75,13.5,992.0,10.0
исторические данные,28.749999999999996,22.75,15.5,1012.9999999999999,11.0
исторические данные,28.749999999999996,22.25,,876.0,10.0
прирученные бизоны,28.749999999999996,23.25,17.5,1099.0,9.0
дикие бизоны,28.749999999999996,22.5,13.5,871.5,10.0
дикие бизоны,28.749999999999996,22.5,13.5,824.5,11.0
прирученные бизоны,28.749999999999996,21.5,15.5,795.5,9.0
исторические данные,28.749999999999996,23.75,14.499999999999998,857.0,9.0
прирученные бизоны,28.999999999999996,22.5,19.5,826.5,
прирученные бизоны,28.999999999999996,25.0,16.5,925.0,10.0
исторические данные,28.999999999999996,22.0,15.0,1046.5,10.0
дикие бизоны,28.999999999999996,22.0,14.499999999999998,790.5,10.0
исторические данные,28.999999999999996,22.0,16.0,829.5,9.0
исторические данные,29.75,22.75,,886.0,
прирученные бизоны,30.0,23.5,13.5,970.0,11.0
исторические данные,30.0,23.0,17.0,1180.5,11.0
исторические данные,30.0,,15.0,990.0,10.0
прирученные бизоны,30.0,23.25,16.0,1133.0,11.0
дикие бизоны,30.25,24.5,16.5,1071.0,10.0
прирученные бизоны,30.25,22.75,14.499999999999998,862.0,9.0
исторические данные,30.25,23.5,18.0,1115.5,10.0
исторические данные,30.5,24.0,14.000000000000002,1031.0,8.0
прирученные бизоны,30.5,23.0,14.499999999999998,1118.5,
прирученные бизоны,30.5,23.0,15.5,957.0,8.0
прирученные бизоны,,23.5,16.5,1178.5,11.0
исторические данные,30.75,23.5,,1028.5,11.0
исторические данные,30.75,23.5,15.0,1087.5,9.0
прирученные бизоны,30.75,,16.0,1255.0,12.0
исторические данные,30.75,24.75,,1219.0,10.0
исторические данные,31.0,24.5,16.0,1035.0,11.0
исторические данные,,24.5,15.0,1195.0,9.0
прирученные бизоны,31.0,24.75,17.0,1062.0,
исторические данные,31.0,24.75,19.5,1514.5,15.0
исторические данные,31.0,23.5,,1309.0,9.0
исторические данные,,,15.5,1029.5,12.0
исторические данные,31.25,24.75,15.5,1048.5,11.0
исторические данные,31.25,25.75,17.0,1331.0,9.0
исторические данные,,25.25,18.5,1156.5,10.0
прирученные бизоны,,,,1090.0,11.0
прирученные бизоны,31.25,26.0,18.0,1354.0,11.0
прирученные бизоны,31.25,23.5,14.499999999999998,984.0,11.0
исторические данные,31.5,24.5,15.5,1252.5,9.0
прирученные бизоны,31.75,24.25,16.5,1269.5,11.0
прирученные бизоны,31.75,26.0,16.5,1340.5,11.0
прирученные бизоны,31.75,25.25,15.5,1289.5,11.0
исторические данные,31.75,26.25,16.0,1195.0,12.0
исторические данные,31.75,25.0,,1273.0,12.0
исторические данные,31.75,25.75,16.5,1229.0,10.0
исторические данные,32.0,26.5,16.5,1189.5,11.0
прирученные бизоны,32.0,,14.499999999999998,1114.5,10.0
прирученные бизоны,32.0,25.75,16.5,1311.5,10.0
дикие бизоны,32.0,24.5,13.5,1100.0,10.0
исторические данные,,24.5,15.5,1128.5,9.0
прирученные бизоны,32.0,,18.5,1419.5,11.0
прирученные бизоны,32.25,,18.0,1619.5,12.0
исторические данные,32.25,24.5,17.5,1320.0,11.0
прирученные бизоны,32.25,26.0,21.0,1553.5,16.0
дикие бизоны,32.5,26.0,,1238.0,10.0
прирученные бизоны,32.5,25.5,15.5,1189.0,
прирученные бизоны,,25.5,,1375.0,10.0
прирученные бизоны,32.75,25.75,18.0,1412.0,11.0
прирученные бизоны,32.75,26.25,,1348.0,10.0
исторические данные,32.75,26.0,17.0,1144.5,9.0
прирученные бизоны,33.0,26.75,20.5,1441.5,10.0
исторические данные,33.0,25.5,17.5,1218.0,11.0
прирученные бизоны,33.25,25.0,15.0,1247.5,10.0
исторические данные,,25.75,20.0,1269.5,
исторические данные,33.25,26.25,18.0,1429.0,12.0
прирученные бизоны,33.5,26.5,20.5,1401.5,12.0
исторические данные,,25.75,15.0,1312.0,11.0
прирученные бизоны,33.75,25.5,18.5,1473.0,11.0
исторические данные,34.0,27.0,,1623.0,12.0
исторические данные,34.0,27.0,15.5,1534.0,10.0
исторические данные,34.25,,,1384.5,10.0
исторические данные,34.5,,18.0,1691.5,11.0
исторические данные,,27.250000000000004,18.5,1571.5,13.0
прирученные бизоны,35.0,28.749999999999996,20.5,1773.0,13.0
исторические данные,35.0,27.500000000000004,17.5,1440.5,12.0
исторические данные,35.0,27.500000000000004,,1624.5,13.0
прирученные бизоны,35.25,26.75,22.0,1866.0,10.0
прирученные бизоны,36.0,28.749999999999996,18.0,1670.5,12.0
исторические данные,36.0,28.249999999999996,19.0,2081.0,11.0
прирученные бизоны,36.25,28.499999999999996,,1619.5,11.0
прирученные бизоны,37.5,27.500000000000004,,1832.5,
исторические данные,38.0,30.25,21.5,2173.0,13.0
дикие бизоны,6.75,6.5,4.0,29.0,4.0
дикие бизоны,8.0,5.5,,19.5,4.0
дикие бизоны,10.5,,5.5,46.5,5.0
дикие бизоны,14.000000000000002,,7.5,119.5,6.0
дикие бизоны,,10.0,6.5,89.5,7.0
дикие бизоны,14.249999999999998,10.75,6.0,93.5,6.0
дикие бизоны,14.499999999999998,10.5,7.000000000000001,111.5,5.0
дикие бизоны,14.499999999999998,,6.0,119.5,6.0
дикие бизоны,14.499999999999998,10.5,6.5,97.0,6.0
дикие бизоны,16.0,12.0,,133.0,6.0
дикие бизоны,16.25,12.5,7.000000000000001,174.5,7.0
дикие бизоны,16.75,12.5,,169.5,6.0
дикие бизоны,17.5,,8.0,170.0,7.0
дикие бизоны,17.5,12.5,7.000000000000001,160.5,6.0
дикие бизоны,17.75,13.5,,271.0,9.0
дикие бизоны,18.0,,8.5,218.5,6.0
дикие бизоны,,13.5,8.5,196.0,7.0
дикие бизоны,18.75,14.000000000000002,8.0,226.0,6.0
дикие бизоны,,13.750000000000002,8.5,220.0,7.0
дикие бизоны,19.75,14.499999999999998,9.5,300.0,7.0
дикие бизоны,,12.5,,287.5,7.0
дикие бизоны,20.75,,11.0,316.0,8.0
дикие бизоны,21.25,15.75,9.5,367.5,7.0
дикие бизоны,21.5,16.0,11.0,367.5,8.0
дикие бизоны,,16.25,12.0,346.0,7.0
исторические данные,22.5,,10.5,495.5,8.0
дикие бизоны,23.0,17.5,11.0,467.5,7.0
исторические данные,23.5,,13.5,522.0,10.0
дикие бизоны,23.5,,10.5,441.0,10.0
дикие бизоны,23.75,18.25,,518.5,8.0
исторические данные,,19.5,12.0,653.0,9.0
исторические данные,25.25,19.75,13.5,591.5,12.0
исторические данные,25.25,19.25,11.5,482.5,10.0
дикие бизоны,25.5,,13.5,685.5,9.0
исторические данные,25.75,20.0,14.000000000000002,633.5,9.0
исторические данные,26.25,20.5,13.0,687.5,9.0
прирученные бизоны,26.5,21.5,15.0,741.0,9.0
прирученные бизоны,26.5,20.25,13.0,635.5,9.0
исторические данные,27.250000000000004,,,839.5,11.0
прирученные бизоны,27.500000000000004,23.5,,920.5,10.0
прирученные бизоны,,,,821.5,9.0
исторические данные,28.249999999999996,,14.499999999999998,925.5,9.0
прирученные бизоны,28.499999999999996,21.75,15.0,829.5,
исторические данные,28.999999999999996,23.0,16.0,1063.0,9.0
исторические данные,29.5,23.25,16.5,1115.0,10.0
прирученные бизоны,30.0,22.5,14.000000000000002,837.0,10.0
исторические данные,30.25,22.25,14.000000000000002,982.0,12.0
исторические данные,,24.5,,1112.0,10.0
прирученные бизоны,31.25,25.75,18.0,1348.5,14.0
исторические данные,33.0,25.75,19.5,1565.5,9.0
дикие бизоны,12.75,9.5,,86.0,
дикие бизоны,13.5,9.75,6.5,106.5,5.0
дикие бизоны,,10.75,,132.0,5.0
дикие бизоны,14.249999999999998,10.75,7.000000000000001,107.5,6.0
дикие бизоны,16.0,12.75,8.5,174.5,8.0
дикие бизоны,16.25,12.0,7.000000000000001,152.0,8.0
дикие бизоны,19.25,14.000000000000002,10.0,275.5,8.0
дикие бизоны,19.75,14.75,10.0,293.0,7.0
прирученные бизоны,20.0,15.25,16.0,368.0,7.0
дикие бизоны,20.25,15.5,9.0,312.0,8.0
дикие бизоны,20.75,15.25,12.0,336.0,7.0
дикие бизоны,21.0,15.75,11.5,355.0,6.0
дикие бизоны,22.0,15.25,11.5,379.0,9.0
дикие бизоны,22.25,16.0,,378.0,8.0
исторические данные,22.5,17.5,,465.5,8.0
прирученные бизоны,22.75,,112.99999999999999,594.0,8.0
исторические данные,23.0,17.25,12.0,493.5,8.0
исторические данные,23.0,17.25,11.0,459.5,7.0
исторические данные,23.25,18.0,11.0,495.5,7.0
дикие бизоны,23.25,17.75,9.0,432.5,9.0
прирученные бизоны,23.75,19.0,14.000000000000002,689.0,7.0
дикие бизоны,24.0,17.5,13.5,546.5,8.0
исторические данные,24.25,19.5,,617.0,8.0
дикие бизоны,24.5,18.5,11.0,538.0,8.0
исторические данные,25.0,19.5,13.5,781.5,9.0
прирученные бизоны,25.0,19.0,14.000000000000002,635.5,8.0
исторические данные,25.25,19.25,13.0,643.5,7.0
исторические данные,26.25,19.25,10.0,511.49999999999994,8.0
исторические данные,26.75,21.0,12.5,738.0,8.0
прирученные бизоны,26.75,,13.0,699.0,8.0
прирученные бизоны,27.0,19.25,14.000000000000002,765.5,10.0
прирученные бизоны,27.0,21.0,13.0,750.5,9.0
прирученные бизоны,27.250000000000004,21.5,16.0,844.0,9.0
исторические данные,27.500000000000004,20.5,13.0,870.5,9.0
дикие бизоны,27.500000000000004,21.0,11.5,668.0,11.0
прирученные бизоны,28.249999999999996,22.0,,830.0,9.0
исторические данные,28.999999999999996,22.5,12.0,868.5,8.0
прирученные бизоны,28.999999999999996,21.75,15.0,839.0,7.0
прирученные бизоны,29.25,24.25,,1079.0,11.0
исторические данные,,,,919.0,9.0
прирученные бизоны,,23.5,19.0,1134.5,10.0
прирученные бизоны,30.5,21.5,14.000000000000002,909.0,8.0
исторические данные,30.5,24.0,16.5,1243.5,8.0
прирученные бизоны,31.0,24.5,16.0,1056.0,9.0
исторические данные,32.25,,15.0,1209.5,9.0
исторические данные,,25.0,14.000000000000002,1238.0,8.0
прирученные бизоны,33.25,,,1644.0,10.0
исторические данные,34.25,,20.0,1772.5,11.0
прирученные бизоны,34.5,27.0,19.5,1252.5,12.0
прирученные бизоны,35.25,28.499999999999996,,1761.0,
прирученные бизоны,35.5,25.0,15.0,1316.5,10.0
исторические данные,36.0,29.25,22.0,1914.0,11.0
прирученные бизоны,36.0,,21.5,2100.0,12.0
прирученные бизоны,36.5,27.750000000000004,18.0,1689.5,10.0
исторические данные,,28.499999999999996,22.0,2032.0,17.0
прирученные бизоны,,19.5,,660.0,8.0
исторические данные,26.5,,13.0,745.5,10.0
прирученные бизоны,25.25,19.25,11.5,616.0,11.0
дикие бизоны,20.25,15.25,,282.5,7.0
исторические данные,20.75,15.0,10.0,335.5,7.0
исторические данные,25.0,19.5,14.499999999999998,651.0,11.0
исторические данные,21.25,,8.0,361.0,7.0
исторические данные,23.5,17.5,10.0,477.5,8.0
прирученные бизоны,,15.5,11.5,346.5,10.0
дикие бизоны,18.5,14.499999999999998,10.0,250.0,10.0
исторические данные,25.0,19.0,15.5,660.0,19.0
дикие бизоны,20.5,15.5,11.0,315.0,9.0
исторические данные,18.75,,,276.0,9.0
прирученные бизоны,24.5,19.25,12.5,539.5,11.0
исторические данные,29.25,24.0,18.5,1040.0,10.0
исторические данные,,22.75,15.5,1041.0,14.0
прирученные бизоны,33.75,27.500000000000004,18.0,1688.5,15.0
исторические данные,33.25,26.75,22.5,2183.5,27.0
исторические данные,31.0,24.5,17.0,1210.5,13.0
дикие бизоны,16.25,12.5,,166.0,5.0
дикие бизоны,,17.75,8.0,452.0,9.0
исторические данные,26.25,20.25,13.0,718.5,8.0
дикие бизоны,19.25,14.499999999999998,9.0,232.0,7.0
дикие бизоны,6.5,4.75,3.5000000000000004,10.5,4.0
дикие бизоны,9.0,6.5,,27.5,3.0
дикие бизоны,15.5,11.25,5.0,144.5,6.0
прирученные бизоны,18.75,,8.0,282.0,7.0
прирученные бизоны,24.0,19.0,12.0,608.0,8.0
дикие бизоны,,18.5,12.5,433.0,9.0
исторические данные,21.25,16.25,,329.5,7.0
дикие бизоны,23.75,18.0,11.0,455.5,9.0
прирученные бизоны,21.75,17.5,,458.5,11.0
прирученные бизоны,14.499999999999998,10.5,7.5,275.0,6.0
исторические данные,19.25,14.75,9.5,335.0,7.0
исторические данные,23.5,18.75,11.5,426.5,8.0
прирученные бизоны,25.0,20.0,12.5,576.5,10.0
дикие бизоны,20.0,15.5,10.0,127.0,7.0
исторические данные,31.0,25.5,17.5,1150.5,12.0
исторические данные,29.75,,15.0,891.5,
исторические данные,29.25,22.75,14.000000000000002,970.0,9.0
исторические данные,16.0,12.0,8.0,180.0,6.0
прирученные бизоны,26.0,20.5,12.5,698.5,10.0
исторические данные,22.0,17.5,11.0,458.5,
прирученные бизоны,22.0,16.5,11.5,400.5,
исторические данные,28.249999999999996,21.25,10.0,714.5,12.0
прирученные бизоны,28.000000000000004,21.25,12.5,932.0,9.0
прирученные бизоны,29.5,,,966.0,10.0
прирученные бизоны,28.499999999999996,23.25,18.0,999.5,16.0
исторические данные,34.0,26.5,20.5,1496.0,14.0
прирученные бизоны,22.5,,12.5,506.49999999999994,10.0
дикие бизоны,16.0,12.0,7.5,173.5,7.0
дикие бизоны,23.0,17.5,11.0,394.5,9.0
исторические данные,23.5,18.5,,466.5,10.0
исторические данные,22.75,17.5,10.5,401.0,9.0
прирученные бизоны,,,11.5,345.5,9.0
исторические данные,23.25,,12.0,520.5,11.0
исторические данные,,18.75,13.5,493.5,12.0
исторические данные,20.75,15.5,9.0,324.5,8.0
исторические данные,13.5,9.75,7.000000000000001,106.0,7.0
исторические данные,,17.75,11.0,441.5,10.0
прирученные бизоны,37.25,29.25,19.0,1966.0,18.0
прирученные бизоны,20.0,15.0,11.5,302.5,8.0
дикие бизоны,14.000000000000002,10.0,,122.5,5.0
исторические данные,27.500000000000004,,13.5,879.0,10.0
исторические данные,28.999999999999996,,16.5,1227.5,16.0
исторические данные,30.5,25.0,16.5,1271.5,12.0
исторические данные,31.0,24.75,17.5,1806.0,17.0
исторические данные,28.000000000000004,21.0,19.5,808.5,14.0
прирученные бизоны,32.0,25.5,20.0,1390.5,12.0
исторические данные,34.5,,20.0,1846.5,19.0
прирученные бизоны,35.75,28.249999999999996,24.0,2199.5,17.0
прирученные бизоны,35.5,28.249999999999996,19.5,1817.0,11.0
прирученные бизоны,27.500000000000004,23.5,15.0,897.0,9.0
исторические данные,18.75,15.25,,324.5,
прирученные бизоны,30.5,22.5,16.0,1136.0,9.0
дикие бизоны,19.0,,8.5,273.5,6.0
прирученные бизоны,18.5,13.750000000000002,8.5,240.5,5.0
исторические данные,16.75,11.75,8.5,154.5,6.0
дикие бизоны,8.25,5.75,,14.5,4.0
исторические данные,,10.5,7.5,118.5,7.0
дикие бизоны,,6.5,3.0,29.5,6.0
дикие бизоны,10.75,7.5,3.0,38.5,5.0
исторические данные,29.75,23.25,,799.0,10.0
прирученные бизоны,,25.0,17.0,1184.5,13.0
исторические данные,28.749999999999996,22.5,18.5,925.0,12.0
прирученные бизоны,28.499999999999996,22.5,17.0,1098.0,20.0
прирученные бизоны,28.999999999999996,22.5,23.5,1071.0,14.0
прирученные бизоны,29.75,24.0,20.0,975.0,15.0
прирученные бизоны,,,25.0,1283.0,14.0
прирученные бизоны,31.25,,,1059.5,21.0
исторические данные,26.75,21.0,,919.5,16.0
исторические данные,,21.5,16.0,929.5,13.0
исторические данные,24.75,20.0,15.5,808.5,6.0
дикие бизоны,16.0,11.75,8.0,148.5,6.0
исторические данные,22.25,17.0,12.0,447.5,9.0
прирученные бизоны,26.0,20.0,12.5,686.5,9.0
исторические данные,24.75,,13.5,633.5,14.0
исторические данные,,18.5,13.5,547.0,12.0
прирученные бизоны,24.5,18.5,,585.0,10.0
исторические данные,28.999999999999996,23.5,16.5,927.0,11.0
исторические данные,32.25,24.75,18.5,1493.5,15.0
прирученные бизоны,28.749999999999996,,,1040.5,14.0
дикие бизоны,10.75,8.5,5.5,60.5,6.0
дикие бизоны,21.5,16.25,11.0,367.5,13.0
дикие бизоны,13.0,10.75,8.0,99.0,5.0
дикие бизоны,18.5,14.000000000000002,9.0,233.0,11.0
дикие бизоны,20.25,15.25,10.5,362.5,10.0
дикие бизоны,,9.5,8.0,81.0,6.0
прирученные бизоны,34.0,27.500000000000004,20.0,1596.0,21.0
прирученные бизоны,32.5,25.75,19.5,1400.5,13.0
прирученные бизоны,,24.5,21.5,1406.0,25.0
исторические данные,28.499999999999996,20.25,16.0,924.5,19.0
исторические данные,30.75,24.0,19.0,1360.0,18.0
исторические данные,21.0,17.25,10.5,430.0,7.0
дикие бизоны,13.750000000000002,11.0,,136.5,6.0
прирученные бизоны,14.499999999999998,11.25,7.5,140.0,5.0
исторические данные,21.0,,11.5,421.5,8.0
прирученные бизоны,31.25,26.25,21.5,1576.5,16.0
прирученные бизоны,,23.25,18.0,1212.5,27.0
исторические данные,33.0,25.25,20.0,1630.5,18.0
исторические данные,28.249999999999996,23.5,19.5,1142.0,17.0
прирученные бизоны,29.75,24.75,23.5,1366.0,13.0
исторические данные,31.5,25.5,23.0,1539.0,17.0
прирученные бизоны,,16.25,12.0,445.0,8.0
прирученные бизоны,,,14.000000000000002,572.5,10.0
дикие бизоны,16.5,,,190.0,7.0
прирученные бизоны,,20.75,13.0,764.0,13.0
исторические данные,24.75,19.5,15.0,853.0,14.0
прирученные бизоны,,,14.499999999999998,588.5,
прирученные бизоны,26.75,23.0,14.499999999999998,787.5,8.0
исторические данные,,23.25,17.5,1035.0,17.0
прирученные бизоны,,26.25,19.5,1352.0,13.0
прирученные бизоны,27.750000000000004,22.75,18.0,958.0,14.0
прирученные бизоны,27.500000000000004,21.25,14.499999999999998,797.0,9.0
исторические данные,29.5,23.75,15.5,857.0,13.0
дикие бизоны,,14.000000000000002,11.0,223.5,7.0
дикие бизоны,,10.0,7.5,86.0,7.0
прирученные бизоны,,19.5,17.5,692.0,12.0
исторические данные,18.5,14.000000000000002,9.5,222.5,7.0
исторические данные,27.750000000000004,,16.5,757.5,13.0
прирученные бизоны,25.25,20.0,16.5,729.0,9.0
прирученные бизоны,28.000000000000004,22.25,18.0,903.0,9.0
исторические данные,29.75,23.75,17.0,1096.5,17.0
прирученные бизоны,28.499999999999996,22.5,16.5,903.0,14.0
исторические данные,30.0,24.0,17.5,1229.0,13.0
прирученные бизоны,28.000000000000004,21.75,18.5,1106.0,15.0
исторические данные,29.25,23.25,,1171.0,
дикие бизоны,23.0,16.75,11.0,444.0,8.0
прирученные бизоны,,18.0,,475.5,
исторические данные,20.75,15.75,12.5,388.0,12.0
прирученные бизоны,21.75,16.0,12.0,378.5,11.0
прирученные бизоны,23.75,19.0,13.5,486.0,7.0
исторические данные,23.25,18.0,13.0,526.5,10.0
дикие бизоны,,14.000000000000002,,227.5,
исторические данные,23.0,18.75,14.000000000000002,510.49999999999994,
прирученные бизоны,19.0,16.25,11.0,310.5,10.0
прирученные бизоны,23.5,18.25,,543.0,9.0
исторические данные,18.0,,9.0,222.5,
прирученные бизоны,29.25,22.75,16.5,998.0,
исторические данные,32.75,29.5,20.0,1545.5,11.0
исторические данные,30.0,24.25,17.5,1267.5,13.0
прирученные бизоны,28.499999999999996,23.0,17.0,1100.0,14.0
прирученные бизоны,32.25,,20.0,1428.5,11.0
исторические данные,32.5,24.75,18.0,1793.0,14.0
исторические данные,25.5,19.75,14.499999999999998,618.5,12.0
исторические данные,26.0,19.0,13.5,582.5,8.0
исторические данные,24.75,,16.5,748.5,13.0
исторические данные,21.5,16.75,11.5,406.0,8.0
прирученные бизоны,29.5,23.25,16.0,1100.5,13.0
исторические данные,,23.0,17.5,869.0,10.0
исторические данные,29.25,21.5,16.0,955.0,11.0
прирученные бизоны,28.999999999999996,22.75,,921.5,17.0
прирученные бизоны,31.0,25.5,15.0,1456.0,13.0
дикие бизоны,,22.5,16.0,893.0,14.0
прирученные бизоны,36.0,28.749999999999996,21.5,2226.0,13.0
прирученные бизоны,31.75,,17.5,1212.5,14.0
прирученные бизоны,30.5,24.0,17.5,1067.5,15.0
прирученные бизоны,27.250000000000004,22.25,,852.5,
исторические данные,,22.5,16.0,861.5,12.0
прирученные бизоны,30.0,,18.0,1162.0,18.0
прирученные бизоны,,20.5,17.0,870.5,14.0
исторические данные,31.75,25.5,21.0,1598.0,15.0
прирученные бизоны,,26.0,15.0,1406.0,13.0
исторические данные,34.75,,,2033.0,15.0
исторические данные,32.75,26.25,,1259.0,20.0
прирученные бизоны,31.0,24.0,23.0,1093.5,14.0
прирученные бизоны,,23.75,,1180.5,19.0
исторические данные,25.5,20.25,13.0,717.5,9.0
исторические данные,26.25,20.25,13.5,757.5,10.0
исторические данные,22.0,18.75,,487.0,
дикие бизоны,24.25,20.75,,570.5,8.0
прирученные бизоны,24.75,19.25,13.0,690.5,10.0
дикие бизоны,21.75,17.25,,447.5,7.0
дикие бизоны,20.25,15.75,10.5,347.0,9.0
дикие бизоны,21.0,16.5,,352.0,9.0
прирученные бизоны,25.0,19.75,15.0,714.5,9.0
прирученные бизоны,19.25,15.25,10.5,331.5,7.0
дикие бизоны,16.5,13.25,9.0,180.0,6.0
прирученные бизоны,28.999999999999996,,15.5,974.0,10.0
дикие бизоны,16.25,13.5,10.0,185.0,6.0
исторические данные,23.75,18.75,12.0,563.0,10.0
прирученные бизоны,19.0,15.0,9.0,321.5,9.0
дикие бизоны,17.0,13.0,9.0,179.0,6.0
исторические данные,26.25,21.25,12.0,702.0,12.0
прирученные бизоны,26.0,20.75,,804.5,10.0
прирученные бизоны,26.75,22.5,13.5,807.5,13.0
исторические данные,23.75,18.0,,578.0,
дикие бизоны,20.75,16.25,10.0,385.0,7.0
дикие бизоны,24.75,19.25,12.5,585.0,8.0
прирученные бизоны,24.0,20.25,13.0,637.5,10.0
прирученные бизоны,,21.25,15.0,813.0,10.0
исторические данные,,18.75,13.0,573.5,9.0
прирученные бизоны,28.999999999999996,22.75,12.0,940.0,11.0
исторические данные,29.5,,13.5,1008.0,11.0
прирученные бизоны,27.500000000000004,20.75,13.5,775.0,23.0
прирученные бизоны,32.5,25.0,,1144.5,12.0
прирученные бизоны,23.25,18.75,13.5,600.0,16.0
исторические данные,22.75,17.75,,515.0,11.0
исторические данные,23.5,18.75,13.0,579.5,13.0
прирученные бизоны,21.75,17.5,11.0,384.0,13.0
исторические данные,17.5,13.25,11.0,296.5,7.0
дикие бизоны,15.75,12.0,7.000000000000001,137.0,8.0
исторические данные,29.75,23.5,14.499999999999998,991.0,16.0
прирученные бизоны,,,13.5,925.0,14.0
исторические данные,28.749999999999996,21.75,15.0,805.0,
исторические данные,26.75,21.75,15.5,891.5,13.0
исторические данные,25.75,21.0,14.000000000000002,769.0,13.0
прирученные бизоны,25.25,19.25,13.5,618.5,12.0
прирученные бизоны,,19.75,14.499999999999998,651.5,15.0
дикие бизоны,20.0,15.5,10.0,287.5,10.0
исторические данные,,19.75,13.5,554.5,14.0
исторические данные,26.5,21.75,13.5,736.5,12.0
дикие бизоны,19.75,16.25,,306.0,8.0
прирученные бизоны,33.25,26.75,19.0,1496.0,17.0
прирученные бизоны,20.75,15.25,10.5,360.5,10.0
исторические данные,,17.25,11.5,304.5,11.0
исторические данные,23.75,19.75,,592.0,13.0
прирученные бизоны,26.25,21.25,14.499999999999998,799.5,15.0
дикие бизоны,,19.5,14.499999999999998,582.5,15.0
дикие бизоны,21.0,17.25,11.5,343.5,9.0
исторические данные,29.5,23.0,15.5,906.0,15.0
прирученные бизоны,25.75,21.0,13.5,629.5,9.0
исторические данные,34.75,27.500000000000004,22.0,1551.5,13.0
прирученные бизоны,40.0,31.5,,2526.0,23.0
исторические данные,30.5,24.5,15.0,1103.0,23.0
прирученные бизоны,28.249999999999996,24.0,17.5,957.0,18.0
исторические данные,28.000000000000004,22.75,,860.0,11.0
исторические данные,32.75,24.25,19.5,1620.0,17.0
исторические данные,32.0,26.0,20.0,1407.0,17.0
прирученные бизоны,29.5,23.5,17.0,900.0,11.0
дикие бизоны,15.5,,9.0,145.5,7.0
дикие бизоны,12.75,9.25,7.000000000000001,75.0,6.0
дикие бизоны,8.5,6.25,5.5,23.5,6.0
исторические данные,33.5,27.500000000000004,17.0,1247.0,21.0
прирученные бизоны,35.5,28.249999999999996,19.5,1726.5,17.0
прирученные бизоны,28.000000000000004,21.5,12.5,802.5,13.0
исторические данные,25.25,20.0,13.0,764.0,11.0
исторические данные,26.25,21.5,16.5,864.5,16.0
прирученные бизоны,22.5,18.0,10.5,471.5,9.0
прирученные бизоны,25.75,21.75,17.0,631.0,12.0
исторические данные,,23.75,,945.5,19.0
исторические данные,35.0,,19.0,1318.5,18.0
прирученные бизоны,36.0,28.000000000000004,17.5,1726.5,17.0
исторические данные,31.75,24.75,15.0,1081.0,11.0
исторические данные,27.750000000000004,22.0,13.5,902.5,13.0
исторические данные,28.749999999999996,23.5,15.0,1141.5,13.0
исторические данные,29.25,22.75,12.5,1027.0,17.0
прирученные бизоны,30.5,24.25,21.0,1344.5,20.0
прирученные бизоны,,26.25,20.0,1449.0,13.0
прирученные бизоны,27.250000000000004,22.0,17.5,774.5,11.0
исторические данные,27.500000000000004,22.5,,789.5,12.0
прирученные бизоны,33.0,26.25,20.5,1366.5,18.0
исторические данные,28.499999999999996,23.75,19.5,1029.5,18.0
прирученные бизоны,30.0,23.5,20.0,1031.0,15.0
прирученные бизоны,31.5,25.25,16.5,1065.0,12.0
исторические данные,34.75,,23.0,1885.0,19.0
исторические данные,32.5,27.250000000000004,16.0,1242.5,15.0
прирученные бизоны,36.0,29.75,22.5,1969.0,16.0
дикие бизоны,,22.0,17.0,944.5,12.0
дикие бизоны,21.0,16.25,11.5,354.0,8.0
исторические данные,9.0,6.25,5.0,23.0,3.0
прирученные бизоны,20.25,16.25,11.0,357.5,12.0
прирученные бизоны,,20.25,15.0,596.5,12.0
дикие бизоны,21.75,16.75,11.0,383.0,12.0
исторические данные,17.0,13.750000000000002,9.0,206.5,10.0
прирученные бизоны,21.5,17.0,11.0,382.0,8.0
дикие бизоны,26.75,20.5,15.5,631.5,12.0
дикие бизоны,20.75,16.25,,328.5,12.0
прирученные бизоны,18.0,13.25,9.0,216.5,10.0
исторические данные,8.75,6.75,4.0,30.5,5.0
исторические данные,7.75,5.75,2.5,24.0,
дикие бизоны,26.25,,,736.5,11.0
прирученные бизоны,26.25,19.5,,600.5,16.0
прирученные бизоны,22.0,17.25,10.5,428.5,11.0
прирученные бизоны,22.5,17.25,,496.0,12.0
прирученные бизоны,24.25,18.25,14.000000000000002,619.5,14.0
дикие бизоны,23.5,17.5,13.5,567.0,11.0
дикие бизоны,25.75,,14.000000000000002,650.5,10.0
исторические данные,21.0,17.0,,449.5,11.0
прирученные бизоны,22.75,17.5,,448.5,16.0
исторические данные,18.5,14.499999999999998,9.0,241.0,10.0
исторические данные,16.5,12.5,,197.0,10.0
дикие бизоны,15.0,11.0,9.0,142.5,7.0
дикие бизоны,31.25,23.0,16.0,1239.5,14.0
дикие бизоны,30.5,23.75,17.0,1038.5,14.0
дикие бизоны,31.25,23.25,15.5,972.0,14.0
дикие бизоны,31.75,25.25,19.0,1331.5,
дикие бизоны,25.0,19.25,15.5,762.0,14.0
прирученные бизоны,26.5,21.5,17.0,775.0,17.0
дикие бизоны,22.25,16.5,10.0,437.0,13.0
прирученные бизоны,29.25,20.75,15.5,698.5,12.0
дикие бизоны,22.0,17.75,16.5,435.0,16.0
исторические данные,,11.25,,129.5,10.0
дикие бизоны,,22.75,,843.5,15.0
дикие бизоны,32.75,,14.499999999999998,1250.0,15.0
прирученные бизоны,28.999999999999996,23.0,18.5,1016.9999999999999,10.0
дикие бизоны,31.25,21.5,17.5,1411.0,12.0
дикие бизоны,,24.25,17.0,1208.0,15.0
прирученные бизоны,32.0,,15.0,1070.5,8.0
прирученные бизоны,25.25,,11.5,589.5,10.0
дикие бизоны,25.0,,12.0,537.0,9.0
исторические данные,15.5,,9.5,150.0,7.0
прирученные бизоны,25.25,19.0,14.499999999999998,651.0,12.0
дикие бизоны,21.0,15.25,11.0,280.0,9.0
исторические данные,20.0,15.75,10.5,287.0,10.0
исторические данные,21.25,15.75,12.5,352.5,18.0
исторические данные,15.5,11.75,6.0,120.0,11.0
прирученные бизоны,23.25,17.5,13.0,494.0,18.0
прирученные бизоны,23.25,,12.0,476.5,10.0
исторические данные,17.5,12.75,8.5,214.5,13.0
дикие бизоны,26.0,,16.0,595.0,15.0
прирученные бизоны,23.75,18.25,13.0,480.5,12.0
прирученные бизоны,20.5,15.75,,321.0,10.0
исторические данные,13.0,,6.5,96.0,6.0
дикие бизоны,28.749999999999996,22.5,17.0,931.5,13.0
дикие бизоны,,21.75,15.5,782.0,14.0
исторические данные,13.0,9.5,7.5,94.5,6.0
прирученные бизоны,26.5,19.25,12.5,669.5,10.0
исторические данные,17.0,12.75,9.5,213.0,9.0
дикие бизоны,26.0,19.0,14.000000000000002,525.0,11.0
прирученные бизоны,31.75,25.0,18.0,1312.0,18.0
прирученные бизоны,30.5,24.25,,1087.0,11.0
прирученные бизоны,33.0,25.75,18.0,1523.0,16.0
дикие бизоны,31.75,25.0,18.0,1319.0,16.0
прирученные бизоны,23.25,19.0,13.5,579.0,14.0
исторические данные,25.75,20.0,,817.5,23.0
дикие бизоны,16.75,12.0,9.5,170.0,9.0
прирученные бизоны,25.75,20.0,17.0,796.0,16.0
прирученные бизоны,17.25,12.75,10.0,197.0,9.0
исторические данные,23.25,17.75,12.5,525.5,13.0
исторические данные,27.0,20.75,17.0,879.0,10.0
исторические данные,23.75,17.75,12.5,462.5,9.0
прирученные бизоны,22.25,16.75,14.000000000000002,456.5,11.0
исторические данные,,17.75,14.000000000000002,528.0,9.0
исторические данные,25.0,19.0,13.5,583.5,12.0
прирученные бизоны,27.500000000000004,21.75,,884.0,
дикие бизоны,13.750000000000002,,,96.0,6.0
прирученные бизоны,17.5,13.25,9.0,185.5,7.0
прирученные бизоны,18.5,14.249999999999998,10.5,270.0,9.0
прирученные бизоны,21.0,,,463.0,10.0
исторические данные,17.5,13.0,9.0,198.0,10.0
исторические данные,19.75,15.25,10.5,282.0,9.0
дикие бизоны,16.25,10.0,8.0,99.5,8.0
дикие бизоны,13.750000000000002,10.0,6.5,92.0,5.0
дикие бизоны,11.75,8.5,6.5,62.5,6.0
дикие бизоны,12.5,9.0,6.0,73.0,5.0
дикие бизоны,12.5,9.25,6.5,71.0,5.0
дикие бизоны,10.0,7.249999999999999,5.0,36.0,4.0
прирученные бизоны,29.25,23.5,17.0,1099.0,20.0
исторические данные,22.25,,,590.5,14.0
прирученные бизоны,25.0,19.25,13.0,768.0,13.0
исторические данные,,16.25,8.0,413.0,8.0
исторические данные,25.75,20.25,14.000000000000002,850.5,17.0
прирученные бизоны,26.0,20.25,14.000000000000002,691.5,11.0
исторические данные,,19.5,13.0,709.0,11.0
исторические данные,21.25,16.25,,375.5,9.0
исторические данные,25.5,20.75,14.000000000000002,818.5,16.0
прирученные бизоны,18.5,13.750000000000002,8.0,227.0,8.0
исторические данные,27.0,20.75,13.0,824.5,13.0
исторические данные,,,17.0,1182.5,11.0
исторические данные,28.249999999999996,,17.5,1122.0,20.0
исторические данные,32.25,25.75,17.5,1611.5,14.0
прирученные бизоны,30.75,23.5,17.5,1298.5,14.0
исторические данные,30.25,24.5,14.499999999999998,1300.0,14.0
прирученные бизоны,29.5,,16.5,1161.0,12.0
исторические данные,32.25,24.25,15.5,1489.0,18.0
исторические данные,28.499999999999996,21.0,15.5,1008.0,13.0
прирученные бизоны,23.5,17.75,18.0,441.0,8.0
прирученные бизоны,25.0,22.0,15.5,742.0,
прирученные бизоны,26.0,21.25,14.499999999999998,700.0,13.0
исторические данные,19.5,14.249999999999998,9.5,271.0,8.0
исторические данные,26.0,,,856.5,12.0
прирученные бизоны,27.0,20.75,17.5,897.5,14.0
исторические данные,23.0,18.0,13.5,610.5,14.0
дикие бизоны,17.75,13.0,9.0,192.5,
прирученные бизоны,24.5,20.0,14.499999999999998,663.5,13.0
прирученные бизоны,31.5,25.5,18.5,1235.0,11.0
исторические данные,25.0,19.25,14.499999999999998,761.5,14.0
исторические данные,24.5,19.5,13.5,592.0,15.0
исторические данные,22.0,16.25,11.5,390.0,7.0
прирученные бизоны,,19.75,16.5,756.5,10.0
прирученные бизоны,23.75,19.0,14.499999999999998,570.0,11.0
дикие бизоны,21.0,15.5,10.0,286.5,8.0
исторические данные,20.0,15.25,13.0,293.5,9.0
исторические данные,22.5,,16.0,567.0,12.0
прирученные бизоны,26.0,20.0,13.0,624.5,15.0
исторические данные,25.25,20.0,,841.5,12.0
исторические данные,24.75,20.0,14.000000000000002,777.5,15.0
исторические данные,27.0,20.5,14.499999999999998,989.0,19.0
прирученные бизоны,24.0,19.5,,690.5,12.0
прирученные бизоны,16.5,13.0,8.0,200.0,9.0
дикие бизоны,14.249999999999998,10.5,7.000000000000001,109.0,5.0
дикие бизоны,,11.5,7.5,127.0,6.0
дикие бизоны,15.5,12.0,10.5,288.5,6.0
дикие бизоны,17.0,12.75,,180.0,6.0
дикие бизоны,18.75,15.0,7.5,144.0,7.0
дикие бизоны,20.75,16.25,,466.5,7.0
дикие бизоны,20.75,15.75,10.5,330.0,6.0
дикие бизоны,20.75,15.75,9.0,362.5,6.0
дикие бизоны,21.0,16.0,10.0,340.0,8.0
дикие бизоны,21.25,15.5,10.5,365.0,6.0
исторические данные,23.25,18.75,11.0,500.0,8.0
прирученные бизоны,23.25,17.5,13.5,626.5,8.0
дикие бизоны,23.5,18.5,11.0,555.5,8.0
прирученные бизоны,23.5,18.75,12.0,601.5,8.0
дикие бизоны,23.75,18.25,12.0,530.0,10.0
исторические данные,24.0,,13.5,631.5,7.0
исторические данные,25.0,,13.0,771.5,8.0
дикие бизоны,25.25,19.5,18.5,612.5,7.0
исторические данные,26.25,21.25,19.0,872.0,9.0
исторические данные,27.0,,12.0,811.5,9.0
исторические данные,27.250000000000004,22.5,,879.5,11.0
прирученные бизоны,28.249999999999996,22.0,15.0,983.0,9.0
исторические данные,28.999999999999996,23.0,18.0,1145.0,11.0
исторические данные,29.5,22.75,16.0,1090.0,9.0
исторические данные,,24.0,16.0,1262.0,9.0
исторические данные,29.75,24.5,18.5,1185.0,10.0
прирученные бизоны,30.0,23.75,13.5,1440.5,9.0
прирученные бизоны,,25.0,15.5,1332.0,8.0
прирученные бизоны,30.0,24.25,,1140.5,9.0
исторические данные,30.25,23.75,17.5,1201.0,
прирученные бизоны,31.25,24.5,15.5,1330.0,10.0
исторические данные,31.5,25.0,18.5,1362.0,10.0
исторические данные,32.0,,,1647.0,12.0
прирученные бизоны,32.0,25.0,18.0,1499.5,11.0
прирученные бизоны,32.75,27.250000000000004,,1622.5,12.0
дикие бизоны,33.0,26.25,21.5,1786.0,11.0
исторические данные,33.0,26.75,20.0,1791.0,
прирученные бизоны,33.75,27.750000000000004,,1925.0,13.0
прирученные бизоны,,27.500000000000004,17.5,1689.0,13.0
прирученные бизоны,34.5,27.500000000000004,18.0,1659.0,9.0
прирученные бизоны,,26.5,,2047.4999999999998,14.0
прирученные бизоны,35.0,26.25,19.0,1601.5,
прирученные бизоны,36.5,28.499999999999996,16.5,2016.5000000000002,10.0
дикие бизоны,10.25,7.5,6.5,40.0,4.0
дикие бизоны,,8.5,7.000000000000001,56.5,4.0
дикие бизоны,11.5,9.0,5.0,64.0,5.0
дикие бизоны,13.750000000000002,9.75,7.000000000000001,87.5,4.0
дикие бизоны,14.000000000000002,10.5,5.5,106.0,
дикие бизоны,14.000000000000002,11.0,8.0,131.5,5.0
дикие бизоны,14.75,11.0,7.000000000000001,126.0,6.0
дикие бизоны,15.5,11.25,7.5,155.0,6.0
дикие бизоны,15.75,11.75,7.000000000000001,149.0,7.0
дикие бизоны,17.0,,7.000000000000001,185.0,7.0
дикие бизоны,18.5,14.499999999999998,8.0,254.5,6.0
дикие бизоны,19.0,,8.5,237.0,6.0
дикие бизоны,,14.75,10.0,279.0,7.0
дикие бизоны,20.25,15.5,6.5,320.5,6.0
дикие бизоны,20.75,16.25,10.0,333.5,7.0
дикие бизоны,22.0,16.75,11.0,388.5,7.0
дикие бизоны,,17.25,11.5,545.0,6.0
дикие бизоны,,16.25,10.0,416.5,6.0
дикие бизоны,22.0,17.75,12.0,495.0,7.0
дикие бизоны,22.5,17.5,12.5,477.5,6.0
дикие бизоны,22.5,,12.0,468.0,8.0
прирученные бизоны,22.75,17.5,12.0,455.5,7.0
прирученные бизоны,23.0,17.5,11.5,460.0,6.0
дикие бизоны,23.0,17.25,,415.5,7.0
дикие бизоны,23.0,17.25,,421.5,6.0
дикие бизоны,23.25,17.75,11.0,474.0,7.0
исторические данные,23.25,17.0,10.5,486.0,9.0
дикие бизоны,23.75,19.25,11.0,573.5,7.0
дикие бизоны,23.75,17.75,,468.0,8.0
исторические данные,24.0,18.5,10.0,513.5,8.0
исторические данные,25.0,18.75,14.499999999999998,621.5,7.0
дикие бизоны,25.0,19.0,11.0,494.0,7.0
дикие бизоны,25.25,19.25,12.0,600.5,7.0
исторические данные,25.75,19.75,12.0,646.0,9.0
исторические данные,26.25,20.75,13.5,794.5,7.0
исторические данные,26.25,21.25,,812.0,8.0
прирученные бизоны,26.5,21.0,17.0,828.0,
исторические данные,26.5,20.5,14.000000000000002,681.0,6.0
прирученные бизоны,26.5,20.25,15.0,889.0,8.0
исторические данные,27.0,21.75,14.000000000000002,734.5,9.0
прирученные бизоны,27.500000000000004,21.25,12.5,964.0,8.0
прирученные бизоны,27.750000000000004,21.25,,963.0,7.0
прирученные бизоны,28.499999999999996,22.25,,995.0,9.0
прирученные бизоны,28.499999999999996,21.75,14.000000000000002,858.5,8.0
исторические данные,28.749999999999996,,15.5,948.0,7.0
прирученные бизоны,28.999999999999996,22.25,14.499999999999998,888.0,8.0
прирученные бизоны,29.25,,16.0,904.5,8.0
исторические данные,29.5,23.25,14.000000000000002,1046.0,7.0
прирученные бизоны,29.75,23.5,15.5,1177.5,9.0
прирученные бизоны,29.75,23.25,15.0,1076.5,9.0
прирученные бизоны,29.75,23.25,15.0,1025.5,11.0
прирученные бизоны,30.0,23.0,14.499999999999998,932.5,8.0
прирученные бизоны,30.0,23.0,15.0,1235.0,8.0
исторические данные,30.0,23.0,15.0,1247.0,9.0
исторические данные,,24.0,15.0,1149.5,8.0
прирученные бизоны,30.75,24.25,16.0,1157.5,10.0
прирученные бизоны,30.75,,16.5,1327.0,10.0
исторические данные,30.75,,15.5,1200.0,8.0
прирученные бизоны,31.0,25.5,17.5,1270.5,9.0
прирученные бизоны,31.0,24.25,17.5,1215.5,10.0
прирученные бизоны,31.0,23.75,16.0,1324.5,9.0
исторические данные,31.25,24.0,17.0,1355.5,10.0
прирученные бизоны,,24.5,16.5,1127.0,9.0
прирученные бизоны,31.25,24.5,,1107.5,8.0
прирученные бизоны,31.5,24.75,20.0,1425.5,11.0
прирученные бизоны,31.5,24.75,14.499999999999998,1147.0,9.0
исторические данные,,24.0,16.5,1286.0,8.0
прирученные бизоны,31.75,24.75,18.0,1596.0,11.0
прирученные бизоны,31.75,24.75,19.5,1297.0,11.0
исторические данные,32.25,24.5,,1251.0,9.0
исторические данные,,25.0,17.5,1510.5,12.0
прирученные бизоны,32.5,,18.5,1441.5,9.0
исторические данные,33.5,26.0,19.0,1638.5,9.0
прирученные бизоны,34.5,27.250000000000004,20.5,1933.0,13.0
исторические данные,34.5,27.0,18.5,1710.0,8.0
прирученные бизоны,34.75,27.500000000000004,15.5,1849.5,10.0
исторические данные,34.75,26.25,17.5,1742.0,12.0
прирученные бизоны,35.0,28.749999999999996,20.5,1797.5,13.0
прирученные бизоны,35.25,28.000000000000004,20.5,2381.0,10.0
исторические данные,38.25,29.25,18.0,2398.0,12.0
исторические данные,38.5,30.0,21.5,2194.5,10.0
дикие бизоны,11.0,8.0,5.0,49.0,4.0
дикие бизоны,13.750000000000002,10.25,7.000000000000001,105.5,5.0
дикие бизоны,,10.5,,104.5,5.0
дикие бизоны,,,7.5,163.0,6.0
дикие бизоны,17.75,14.249999999999998,9.5,227.5,6.0
дикие бизоны,18.75,14.499999999999998,10.0,219.0,6.0
дикие бизоны,20.75,15.75,10.0,364.5,8.0
дикие бизоны,21.25,16.5,11.5,326.5,6.0
дикие бизоны,,17.0,10.0,351.5,7.0
дикие бизоны,21.5,16.0,10.0,346.5,7.0
дикие бизоны,22.0,17.0,10.0,407.0,7.0
дикие бизоны,22.0,16.75,11.5,421.5,
дикие бизоны,,17.25,11.0,375.5,7.0
дикие бизоны,23.0,18.5,12.0,533.5,
дикие бизоны,23.25,17.75,10.5,442.0,7.0
дикие бизоны,,18.25,10.0,131.5,7.0
дикие бизоны,23.75,18.75,11.5,520.5,7.0
дикие бизоны,24.25,18.75,13.0,553.5,8.0
дикие бизоны,24.5,18.75,,544.5,8.0
исторические данные,,19.0,11.0,554.0,
дикие бизоны,24.75,19.0,12.0,512.0,7.0
дикие бизоны,25.0,19.5,12.5,583.0,8.0
исторические данные,25.0,19.0,12.0,576.5,9.0
исторические данные,25.25,20.0,13.5,723.0,7.0
дикие бизоны,25.5,19.75,15.5,539.5,8.0
дикие бизоны,25.5,19.25,15.0,625.0,8.0
дикие бизоны,25.75,20.0,12.5,592.5,9.0
дикие бизоны,26.0,19.75,,633.0,9.0
прирученные бизоны,,21.5,14.000000000000002,832.0,9.0
исторические данные,27.250000000000004,21.0,14.499999999999998,778.0,7.0
исторические данные,27.250000000000004,21.0,,786.5,7.0
прирученные бизоны,27.250000000000004,20.0,14.000000000000002,778.0,9.0
дикие бизоны,27.500000000000004,21.0,13.0,636.0,8.0
прирученные бизоны,27.500000000000004,22.0,13.5,843.5,8.0
дикие бизоны,27.750000000000004,21.25,13.0,648.0,8.0
исторические данные,28.249999999999996,21.5,13.0,784.0,9.0
прирученные бизоны,28.499999999999996,22.5,18.0,908.0,9.0
исторические данные,28.499999999999996,,13.5,1020.0,9.0
прирученные бизоны,28.499999999999996,21.5,16.0,811.0,9.0
прирученные бизоны,28.749999999999996,24.0,15.0,897.0,8.0
исторические данные,28.999999999999996,22.75,13.0,852.0,8.0
прирученные бизоны,29.25,22.5,15.0,938.0,7.0
прирученные бизоны,,21.75,14.000000000000002,695.5,8.0
исторические данные,29.5,23.5,15.0,861.0,8.0
исторические данные,29.5,23.0,14.000000000000002,1004.0,9.0
прирученные бизоны,,,,1011.5000000000001,8.0
прирученные бизоны,29.75,23.25,15.0,1100.5,8.0
исторические данные,29.75,23.5,16.5,1108.0,9.0
исторические данные,29.75,23.0,,852.0,
исторические данные,30.0,,21.0,1987.5,10.0
прирученные бизоны,30.25,24.0,15.0,1079.0,10.0
прирученные бизоны,30.75,23.75,17.0,1055.0,9.0
исторические данные,30.75,22.5,15.0,1198.0,7.0
прирученные бизоны,30.75,,15.5,1084.0,9.0
исторические данные,30.75,23.75,17.5,1103.0,10.0
исторические данные,31.0,24.5,,1100.0,9.0
исторические данные,31.0,24.0,15.0,1101.5,
исторические данные,31.25,24.75,18.5,1383.5,11.0
прирученные бизоны,31.25,24.5,15.5,1115.0,9.0
исторические данные,31.25,24.0,14.499999999999998,1085.0,10.0
исторические данные,31.5,25.25,,1316.5,11.0
исторические данные,31.5,25.5,17.5,1341.5,10.0
исторические данные,31.5,23.25,15.0,1027.0,8.0
исторические данные,,25.75,16.0,1184.5,9.0
исторические данные,32.25,24.0,15.0,1192.0,9.0
прирученные бизоны,32.25,26.0,18.0,1285.0,
исторические данные,32.5,,,1180.5,9.0
исторические данные,32.5,26.0,17.5,1265.5,9.0
прирученные бизоны,32.5,26.75,17.5,1289.5,10.0
исторические данные,32.5,25.5,15.5,1407.0,9.0
прирученные бизоны,32.5,24.5,15.5,1122.0,9.0
исторические данные,,25.75,16.5,1446.5,
прирученные бизоны,33.25,25.25,16.5,1349.0,9.0
исторические данные,33.5,25.0,20.0,1269.0,11.0
исторические данные,33.5,25.5,18.0,1680.0,13.0
прирученные бизоны,33.75,27.500000000000004,19.0,1551.0,13.0
исторические данные,34.0,26.0,16.5,1477.5,11.0
исторические данные,34.0,26.5,18.0,1529.0,11.0
исторические данные,35.0,26.25,17.5,1758.5,10.0
исторические данные,35.0,27.500000000000004,20.0,1523.0,13.0
прирученные бизоны,,26.5,19.0,1731.5,11.0
исторические данные,36.25,27.500000000000004,20.0,1510.0,9.0
исторические данные,36.75,28.499999999999996,17.5,1880.0,11.0
прирученные бизоны,37.0,28.749999999999996,22.0,2012.0,12.0
исторические данные,37.5,27.750000000000004,21.5,2201.0,
дикие бизоны,9.5,7.000000000000001,3.0,31.5,3.0
дикие бизоны,10.5,7.5,4.5,40.0,4.0
дикие бизоны,,,,63.5,4.0
дикие бизоны,14.499999999999998,10.75,6.5,98.5,5.0
дикие бизоны,16.75,12.5,8.0,167.0,6.0
дикие бизоны,17.0,12.25,8.5,201.5,
дикие бизоны,17.25,12.75,9.5,183.0,6.0
дикие бизоны,17.75,12.75,8.0,187.0,7.0
дикие бизоны,18.0,,8.0,179.5,5.0
дикие бизоны,18.5,13.750000000000002,9.0,206.5,7.0
дикие бизоны,18.75,14.499999999999998,14.000000000000002,300.0,8.0
дикие бизоны,18.75,13.750000000000002,9.5,229.5,7.0
дикие бизоны,,15.0,12.5,343.0,7.0
дикие бизоны,19.25,14.249999999999998,8.5,244.0,8.0
дикие бизоны,19.75,16.0,10.0,307.5,8.0
дикие бизоны,20.0,15.25,10.0,341.5,7.0
дикие бизоны,20.25,15.25,10.0,271.0,7.0
дикие бизоны,20.25,15.5,11.0,910.0,8.0
дикие бизоны,,15.25,10.0,268.0,7.0
дикие бизоны,,15.0,9.0,288.5,6.0
дикие бизоны,20.5,15.75,10.0,300.0,8.0
дикие бизоны,20.5,16.25,11.0,326.0,8.0
дикие бизоны,20.75,16.75,10.0,358.0,7.0
дикие бизоны,21.0,16.25,11.5,314.0,8.0
дикие бизоны,,15.75,,402.5,8.0
дикие бизоны,,17.0,11.0,364.5,7.0
дикие бизоны,22.25,18.0,11.0,423.5,9.0
исторические данные,22.5,16.25,11.5,430.5,8.0
дикие бизоны,22.5,16.75,9.5,350.5,
дикие бизоны,22.75,17.0,11.5,486.0,8.0
дикие бизоны,23.0,17.5,,471.0,8.0
дикие бизоны,23.0,17.25,10.5,415.0,8.0
дикие бизоны,23.75,17.75,11.5,519.5,7.0
исторические данные,24.0,18.75,12.0,589.5,11.0
дикие бизоны,24.25,19.0,12.5,521.5,8.0
дикие бизоны,24.25,18.25,14.000000000000002,447.5,
дикие бизоны,24.5,18.25,12.5,558.5,10.0
дикие бизоны,25.25,19.25,12.5,596.0,9.0
дикие бизоны,25.25,,13.5,538.5,9.0
дикие бизоны,25.5,19.25,14.499999999999998,766.5,8.0
прирученные бизоны,25.75,19.75,13.5,516.0,9.0
исторические данные,25.75,20.5,14.000000000000002,735.5,7.0
дикие бизоны,25.75,19.5,11.0,531.0,8.0
дикие бизоны,26.25,19.25,13.0,607.0,8.0
прирученные бизоны,26.25,20.75,,705.5,10.0
дикие бизоны,26.25,20.0,13.0,644.5,8.0
дикие бизоны,26.25,18.75,12.0,631.5,
исторические данные,26.75,21.5,15.5,784.5,10.0
прирученные бизоны,27.250000000000004,22.0,15.0,947.5,8.0
дикие бизоны,27.500000000000004,21.5,14.499999999999998,712.0,10.0
дикие бизоны,27.500000000000004,21.25,14.499999999999998,890.0,10.0
дикие бизоны,27.500000000000004,21.0,,912.0,9.0
дикие бизоны,27.500000000000004,21.25,13.5,656.0,10.0
дикие бизоны,27.500000000000004,23.25,,936.0,9.0
дикие бизоны,27.750000000000004,,,697.5,11.0
прирученные бизоны,27.750000000000004,22.25,17.5,1146.5,8.0
дикие бизоны,,22.0,14.000000000000002,825.0,10.0
дикие бизоны,28.000000000000004,21.75,13.5,720.0,11.0
дикие бизоны,28.249999999999996,21.5,15.0,821.5,11.0
прирученные бизоны,28.499999999999996,22.25,15.5,1016.9999999999999,10.0
прирученные бизоны,28.749999999999996,21.75,15.5,897.5,9.0
исторические данные,,22.0,17.5,1225.5,10.0
прирученные бизоны,28.999999999999996,23.25,14.499999999999998,986.5,11.0
прирученные бизоны,28.999999999999996,21.25,15.0,844.0,9.0
дикие бизоны,29.25,23.0,14.499999999999998,846.5,10.0
исторические данные,,23.25,16.5,885.0,10.0
дикие бизоны,29.25,21.0,14.499999999999998,673.5,9.0
прирученные бизоны,29.25,,13.0,875.5,8.0
исторические данные,29.5,23.5,14.499999999999998,923.5,9.0
исторические данные,,23.75,14.000000000000002,977.0,10.0
исторические данные,29.75,23.75,14.000000000000002,1030.5,10.0
исторические данные,30.0,24.0,9.0,1050.0,8.0
исторические данные,,24.75,18.5,1114.5,11.0
исторические данные,,22.5,14.499999999999998,877.0,9.0
исторические данные,30.0,25.5,18.5,1285.0,9.0
исторические данные,30.5,24.0,18.5,1306.5,10.0
прирученные бизоны,30.5,22.5,13.0,872.5,11.0
прирученные бизоны,30.75,23.0,15.0,1026.5,10.0
прирученные бизоны,31.0,23.25,14.000000000000002,1160.5,9.0
прирученные бизоны,,24.0,16.5,1012.5,10.0
исторические данные,,25.0,14.000000000000002,1096.0,10.0
исторические данные,31.25,24.5,16.5,1205.0,10.0
исторические данные,31.5,25.25,17.5,1221.0,12.0
прирученные бизоны,31.5,23.75,15.5,1000.5,10.0
исторические данные,31.5,23.5,15.0,1135.5,12.0
исторические данные,31.5,26.25,19.5,1313.5,10.0
исторические данные,32.0,25.25,15.5,1195.5,11.0
исторические данные,32.0,24.25,15.0,1098.0,10.0
исторические данные,32.0,24.75,17.0,1139.0,10.0
прирученные бизоны,32.0,24.75,17.0,1226.5,11.0
исторические данные,32.0,25.75,8.0,1042.0,
исторические данные,32.5,26.0,15.5,1368.0,9.0
исторические данные,32.5,25.5,17.5,1446.0,12.0
прирученные бизоны,33.0,,19.0,1404.5,9.0
прирученные бизоны,33.0,26.25,20.0,1463.0,11.0
прирученные бизоны,33.75,26.25,17.0,1711.0,9.0
исторические данные,35.0,27.0,,1740.0,
прирученные бизоны,35.25,27.0,,1757.0,9.0
исторические данные,35.5,,20.0,1601.0,11.0
исторические данные,36.0,27.500000000000004,20.5,2165.0,10.0
исторические данные,36.25,28.499999999999996,19.0,2330.5,
дикие бизоны,12.0,8.5,5.0,54.5,
дикие бизоны,12.75,9.75,5.5,72.5,4.0
дикие бизоны,13.750000000000002,,5.5,92.5,4.0
дикие бизоны,16.0,11.75,9.0,183.0,7.0
дикие бизоны,16.25,12.0,7.5,152.5,6.0
дикие бизоны,16.5,11.25,7.5,187.0,7.0
дикие бизоны,,13.5,9.0,232.0,8.0
дикие бизоны,18.75,13.25,9.5,196.0,5.0
дикие бизоны,18.75,,,254.5,6.0
дикие бизоны,19.5,14.499999999999998,9.0,262.5,7.0
дикие бизоны,22.5,16.75,10.5,362.0,7.0
дикие бизоны,22.75,17.5,10.5,444.5,7.0
дикие бизоны,,18.25,11.5,511.0,7.0
дикие бизоны,24.75,18.75,12.0,589.0,8.0
исторические данные,25.0,18.25,13.0,594.5,9.0
дикие бизоны,25.0,18.75,12.0,529.0,8.0
исторические данные,26.0,20.0,10.5,872.0,9.0
дикие бизоны,26.0,19.75,14.499999999999998,770.0,7.0
прирученные бизоны,26.25,,13.5,843.5,9.0
исторические данные,26.75,20.25,14.000000000000002,818.0,7.0
прирученные бизоны,27.0,21.0,14.000000000000002,803.5,9.0
прирученные бизоны,27.0,20.75,15.0,811.5,9.0
прирученные бизоны,28.499999999999996,21.25,13.0,782.0,8.0
исторические данные,28.499999999999996,21.0,,874.5,8.0
исторические данные,28.999999999999996,22.25,16.0,984.0,9.0
прирученные бизоны,28.999999999999996,22.25,13.5,950.0,
исторические данные,29.5,,15.5,1173.5,9.0
прирученные бизоны,,22.75,15.0,976.0,10.0
исторические данные,29.5,24.25,15.5,1078.5,9.0
исторические данные,,21.75,16.0,1057.0,9.0
исторические данные,,23.75,17.5,1110.0,9.0
исторические данные,30.0,22.5,,1142.0,10.0
исторические данные,30.25,23.75,,1125.5,10.0
прирученные бизоны,31.0,24.0,17.0,1104.5,10.0
исторические данные,,23.75,17.5,1340.5,10.0
исторические данные,31.25,25.0,13.0,1082.0,8.0
прирученные бизоны,31.25,24.25,16.0,1254.0,9.0
исторические данные,31.5,24.5,16.5,1200.5,10.0
исторические данные,31.5,24.25,16.0,1243.0,10.0
прирученные бизоны,31.75,25.5,,1286.0,12.0
прирученные бизоны,32.25,24.5,16.0,1166.5,9.0
прирученные бизоны,32.25,24.5,16.0,1144.0,8.0
прирученные бизоны,32.5,26.25,19.0,1385.0,11.0
прирученные бизоны,,25.75,15.5,1309.0,11.0
прирученные бизоны,32.75,25.75,17.0,1527.0,11.0
исторические данные,,25.75,19.0,1638.5,11.0
исторические данные,34.75,27.0,19.5,1691.0,11.0
прирученные бизоны,36.0,,18.0,1719.0,11.0
прирученные бизоны,36.0,27.500000000000004,18.0,1520.0,10.0
прирученные бизоны,36.0,28.249999999999996,17.0,1613.0,12.0
исторические данные,36.75,28.499999999999996,,2235.5,10.0
исторические данные,37.0,29.75,19.0,2323.5,11.0
дикие бизоны,15.5,11.5,7.000000000000001,124.5,6.0
дикие бизоны,,11.75,7.5,128.5,4.0
дикие бизоны,16.0,10.25,8.0,181.0,5.0
дикие бизоны,16.25,12.5,7.5,158.5,6.0
дикие бизоны,16.75,13.0,9.0,196.5,7.0
дикие бизоны,18.5,14.000000000000002,8.5,198.0,5.0
дикие бизоны,18.5,13.5,9.0,185.5,7.0
дикие бизоны,18.75,14.000000000000002,8.5,214.5,7.0
дикие бизоны,20.0,,9.0,324.5,8.0
дикие бизоны,20.5,15.25,9.5,262.5,6.0
дикие бизоны,21.25,17.0,10.0,371.0,8.0
дикие бизоны,21.75,16.75,9.5,298.0,7.0
дикие бизоны,,15.5,9.0,336.0,7.0
дикие бизоны,23.0,18.0,14.000000000000002,447.0,9.0
прирученные бизоны,23.25,,11.0,408.5,8.0
дикие бизоны,23.5,19.25,13.0,587.0,8.0
дикие бизоны,23.75,18.75,11.0,494.0,8.0
дикие бизоны,24.75,18.75,12.0,614.0,8.0
дикие бизоны,25.0,19.5,13.0,507.49999999999994,9.0
дикие бизоны,,18.5,12.0,544.5,8.0
дикие бизоны,25.25,21.25,12.5,611.5,9.0
дикие бизоны,25.25,20.0,12.5,560.5,8.0
исторические данные,25.25,18.25,11.5,521.0,8.0
дикие бизоны,25.5,20.0,14.499999999999998,577.5,9.0
дикие бизоны,25.5,20.0,12.5,593.5,8.0
дикие бизоны,26.0,20.0,11.0,597.0,8.0
исторические данные,26.0,23.25,15.0,950.5,8.0
дикие бизоны,26.5,19.0,12.5,616.0,8.0
исторические данные,,20.25,,831.5,10.0
прирученные бизоны,26.75,22.25,12.5,872.5,8.0
дикие бизоны,27.0,21.25,13.0,815.5,11.0
дикие бизоны,,20.75,11.0,619.0,10.0
дикие бизоны,27.250000000000004,21.5,13.0,759.5,8.0
дикие бизоны,27.250000000000004,21.5,15.0,742.0,10.0
дикие бизоны,27.500000000000004,21.75,16.5,804.0,
дикие бизоны,27.500000000000004,21.25,13.0,664.0,8.0
прирученные бизоны,27.500000000000004,21.75,14.000000000000002,745.0,9.0
дикие бизоны,28.000000000000004,21.5,13.0,728.0,8.0
дикие бизоны,28.000000000000004,,13.0,777.0,9.0
прирученные бизоны,28.749999999999996,21.25,15.0,876.5,8.0
дикие бизоны,28.749999999999996,22.75,16.0,989.5,9.0
исторические данные,28.749999999999996,22.5,,965.5,8.0
исторические данные,28.999999999999996,23.25,15.0,906.5,8.0
исторические данные,28.999999999999996,23.0,15.0,1049.0,10.0
прирученные бизоны,28.999999999999996,22.5,17.0,970.5,9.0
прирученные бизоны,28.999999999999996,22.5,15.0,920.0,9.0
исторические данные,28.999999999999996,22.25,15.0,952.5,11.0
прирученные бизоны,,22.0,12.5,785.5,11.0
дикие бизоны,29.25,22.5,,855.0,9.0
исторические данные,29.5,25.0,15.0,1142.0,
дикие бизоны,29.5,23.0,12.5,755.0,9.0
дикие бизоны,29.5,23.75,14.499999999999998,974.5,10.0
исторические данные,,23.5,15.5,1201.5,10.0
исторические данные,29.75,23.0,,1129.5,10.0
дикие бизоны,30.0,22.25,13.5,920.5,9.0
прирученные бизоны,30.0,24.0,17.0,1056.0,10.0
исторические данные,,22.5,19.5,1340.0,10.0
прирученные бизоны,30.0,22.5,15.0,962.5,9.0
исторические данные,30.0,23.25,16.5,1047.5,11.0
прирученные бизоны,30.25,,17.0,1091.5,13.0
исторические данные,30.25,24.5,18.0,1167.0,9.0
дикие бизоны,30.25,24.0,15.5,999.5,
дикие бизоны,30.5,21.25,15.5,1048.5,11.0
прирученные бизоны,30.5,23.5,19.5,1273.5,12.0
исторические данные,30.5,24.0,14.000000000000002,1062.5,11.0
дикие бизоны,30.5,24.5,16.0,1154.5,11.0
прирученные бизоны,30.75,23.75,17.5,1194.0,11.0
прирученные бизоны,30.75,25.75,,1121.5,9.0
исторические данные,30.75,22.75,15.0,933.5,10.0
прирученные бизоны,30.75,24.75,16.5,1198.0,
прирученные бизоны,,23.75,15.0,954.5,9.0
исторические данные,31.0,23.75,19.5,1358.5,10.0
исторические данные,,24.75,17.5,1207.5,11.0
исторические данные,31.25,25.75,16.5,1217.0,
прирученные бизоны,31.25,,16.0,1217.0,11.0
прирученные бизоны,31.25,24.5,,920.0,10.0
исторические данные,31.25,24.5,12.0,876.5,10.0
прирученные бизоны,31.5,24.0,16.5,1261.5,10.0
исторические данные,31.5,26.5,,1279.5,9.0
прирученные бизоны,31.5,24.25,18.5,1167.0,10.0
исторические данные,31.5,25.5,17.0,1188.5,7.0
прирученные бизоны,31.75,24.25,19.0,1376.5,11.0
исторические данные,31.75,26.0,17.5,1292.0,11.0
исторические данные,31.75,24.25,18.0,1179.5,10.0
прирученные бизоны,,25.0,19.0,1290.0,8.0
исторические данные,,25.75,16.0,1207.5,
исторические данные,32.0,25.25,18.0,1297.0,11.0
исторические данные,32.0,28.749999999999996,17.5,1458.5,11.0
прирученные бизоны,32.25,24.25,15.0,1151.0,12.0
прирученные бизоны,32.25,26.0,17.0,1197.0,11.0
исторические данные,32.25,24.75,19.0,1539.0,12.0
исторические данные,32.5,26.0,19.5,1676.0,15.0
прирученные бизоны,32.5,28.249999999999996,20.0,1664.5,12.0
прирученные бизоны,32.75,25.0,,1528.0,11.0
прирученные бизоны,32.75,,20.0,1494.0,12.0
прирученные бизоны,33.0,26.25,16.0,1277.0,
прирученные бизоны,33.0,26.25,18.0,1596.5,10.0
прирученные бизоны,,25.5,17.5,1380.5,10.0
дикие бизоны,33.5,24.25,17.5,1256.5,
прирученные бизоны,33.5,26.25,,1527.0,12.0
исторические данные,33.5,26.25,17.0,1400.5,9.0
исторические данные,,26.25,19.5,1440.5,9.0
исторические данные,33.5,27.0,17.5,1482.0,10.0
исторические данные,34.0,25.75,16.0,1234.5,11.0
прирученные бизоны,34.0,,17.0,1343.5,12.0
исторические данные,34.25,25.25,,1533.0,10.0
исторические данные,,,18.0,1844.5,13.0
исторические данные,35.75,27.500000000000004,17.5,1825.0,11.0
исторические данные,36.0,28.999999999999996,19.0,2088.5,13.0
исторические данные,36.75,29.5,,2087.0,12.0
исторические данные,37.25,28.749999999999996,20.0,1884.0,12.0
дикие бизоны,16.0,10.75,9.5,305.0,6.0
дикие бизоны,21.5,17.25,11.5,429.5,8.0
дикие бизоны,,16.5,10.0,449.0,6.0
исторические данные,24.25,18.25,,1029.0,8.0
исторические данные,24.5,17.75,15.5,981.0,8.0
дикие бизоны,25.0,18.5,11.5,574.5,7.0
прирученные бизоны,,19.0,13.0,693.0,8.0
прирученные бизоны,25.5,,21.0,1183.0,9.0
прирученные бизоны,,20.5,13.5,790.5,8.0
прирученные бизоны,,20.0,,1224.0,10.0
дикие бизоны,26.75,20.0,13.5,775.0,
исторические данные,26.75,20.25,17.5,1270.5,13.0
исторические данные,27.750000000000004,20.25,19.0,1406.0,10.0
исторические данные,27.750000000000004,,15.0,873.0,9.0
исторические данные,28.000000000000004,21.25,13.5,941.5,9.0
прирученные бизоны,29.5,22.0,14.000000000000002,1006.9999999999999,9.0
исторические данные,29.75,24.25,,1083.5,
дикие бизоны,29.75,21.5,16.5,984.5,8.0
прирученные бизоны,,21.5,,1524.5,11.0
исторические данные,30.5,23.75,17.5,1024.0,9.0
исторические данные,30.5,24.25,17.0,1281.0,9.0
прирученные бизоны,31.0,25.0,,1148.0,10.0
прирученные бизоны,31.25,24.5,11.0,1136.0,9.0
прирученные бизоны,31.75,25.5,17.0,1223.5,9.0
прирученные бизоны,31.75,26.25,18.0,1369.5,11.0
исторические данные,32.0,24.25,16.0,1006.0,9.0
исторические данные,32.0,24.75,,1307.0,11.0
исторические данные,32.25,25.25,18.5,1463.0,10.0
прирученные бизоны,32.75,,17.5,1290.5,10.0
прирученные бизоны,33.5,25.75,17.0,1426.5,11.0
исторические данные,34.0,27.0,21.0,1788.5,13.0
исторические данные,35.0,27.250000000000004,18.5,1613.5,11.0
исторические данные,36.5,29.25,22.5,2230.5,14.0
прирученные бизоны,37.5,30.75,20.5,2263.5,12.0
дикие бизоны,,9.25,,74.0,4.0
дикие бизоны,18.75,13.0,8.0,207.5,6.0
дикие бизоны,18.75,14.249999999999998,9.0,237.0,8.0
дикие бизоны,,15.0,,266.5,7.0
дикие бизоны,,14.000000000000002,9.0,215.0,8.0
дикие бизоны,19.75,15.0,9.0,253.0,6.0
дикие бизоны,21.0,,11.0,309.0,6.0
дикие бизоны,21.75,,10.5,353.5,7.0
дикие бизоны,21.75,16.25,,335.0,8.0
дикие бизоны,22.0,16.0,10.5,387.5,
дикие бизоны,22.5,16.5,11.5,365.0,8.0
дикие бизоны,22.5,17.0,12.5,404.5,8.0
дикие бизоны,22.75,17.75,10.5,372.0,9.0
дикие бизоны,23.0,,11.0,396.5,8.0
дикие бизоны,23.5,18.75,,522.5,8.0
дикие бизоны,23.75,18.75,11.0,456.0,9.0
дикие бизоны,24.75,16.5,10.0,440.0,7.0
дикие бизоны,24.75,18.75,11.5,507.0,8.0
дикие бизоны,25.0,19.0,,528.5,8.0
дикие бизоны,25.75,19.25,12.5,572.0,7.0
дикие бизоны,26.0,20.5,14.000000000000002,662.5,11.0
дикие бизоны,26.0,19.75,,644.5,11.0
дикие бизоны,26.25,20.0,11.0,627.5,8.0
дикие бизоны,26.75,21.0,14.499999999999998,688.5,9.0
исторические данные,26.75,20.5,12.0,683.5,8.0
исторические данные,,21.0,19.0,685.5,
дикие бизоны,27.500000000000004,20.25,15.0,675.5,10.0
дикие бизоны,27.500000000000004,22.25,14.499999999999998,783.0,11.0
исторические данные,28.000000000000004,22.5,14.499999999999998,894.0,9.0
дикие бизоны,28.249999999999996,22.0,13.5,768.0,9.0
исторические данные,,,14.499999999999998,950.0,10.0
прирученные бизоны,28.499999999999996,23.5,,871.0,10.0
исторические данные,28.749999999999996,23.5,15.0,978.5,9.0
дикие бизоны,28.749999999999996,21.5,13.0,742.5,8.0
исторические данные,,22.25,14.000000000000002,737.0,10.0
дикие бизоны,,22.25,,917.5,9.0
прирученные бизоны,28.999999999999996,21.75,15.5,878.5,10.0
исторические данные,29.25,22.5,17.5,1127.5,11.0
исторические данные,29.5,21.75,16.5,976.5,9.0
дикие бизоны,29.5,23.5,14.499999999999998,974.0,8.0
исторические данные,29.5,20.25,15.0,853.0,9.0
исторические данные,29.75,,17.5,991.0,12.0
исторические данные,29.75,24.0,14.000000000000002,912.5,9.0
прирученные бизоны,29.75,,16.0,921.0,
прирученные бизоны,30.0,22.5,14.000000000000002,869.0,11.0
исторические данные,30.0,22.5,,866.5,12.0
прирученные бизоны,,24.75,16.0,1089.0,11.0
исторические данные,30.75,24.25,21.5,961.5,11.0
исторические данные,30.75,24.5,17.0,1145.0,13.0
дикие бизоны,31.0,23.75,16.0,907.0,11.0
прирученные бизоны,31.25,25.75,15.5,1163.5,11.0
исторические данные,31.5,25.75,17.5,1195.5,11.0
исторические данные,31.5,24.75,18.0,1310.0,10.0
прирученные бизоны,31.75,25.25,16.5,1251.0,11.0
прирученные бизоны,31.75,24.5,15.5,1145.0,9.0
исторические данные,31.75,25.0,18.0,1154.0,9.0
прирученные бизоны,32.0,24.25,14.499999999999998,1133.5,11.0
прирученные бизоны,32.0,,,1201.5,9.0
исторические данные,32.5,25.25,17.0,1559.5,11.0
исторические данные,32.5,25.5,,1316.5,12.0
исторические данные,32.75,27.0,16.5,1403.0,11.0
прирученные бизоны,,24.5,16.0,1204.0,9.0
прирученные бизоны,32.75,22.75,17.0,1289.5,11.0
прирученные бизоны,33.0,26.5,18.0,1517.5,10.0
исторические данные,33.25,26.25,15.5,1357.5,10.0
исторические данные,33.75,26.0,14.499999999999998,1364.5,11.0
прирученные бизоны,,26.0,,1494.0,11.0
прирученные бизоны,34.0,28.000000000000004,19.5,1664.0,11.0
исторические данные,,25.5,16.5,1545.0,10.0
прирученные бизоны,34.75,26.75,20.0,1585.5,11.0
прирученные бизоны,35.0,27.750000000000004,22.0,1666.0,11.0
исторические данные,35.5,28.000000000000004,17.5,1724.0,13.0
прирученные бизоны,,27.500000000000004,20.5,1908.0,14.0
прирученные бизоны,37.75,28.749999999999996,,2073.0,11.0
дикие бизоны,11.25,8.5,5.0,51.5,4.0
дикие бизоны,11.5,8.5,5.0,57.0,5.0
дикие бизоны,,9.25,,92.5,6.0
дикие бизоны,17.75,13.5,7.5,204.0,7.0
дикие бизоны,21.25,15.5,9.5,307.5,
дикие бизоны,21.25,16.0,8.5,262.0,8.0
исторические данные,22.75,17.5,11.0,458.0,8.0
исторические данные,23.0,17.75,14.000000000000002,491.0,10.0
исторические данные,24.75,19.0,12.0,474.0,10.0
исторические данные,25.5,19.75,12.5,580.5,11.0
прирученные бизоны,26.0,21.5,15.0,728.0,11.0
исторические данные,26.25,20.0,13.0,622.0,
исторические данные,26.5,20.75,12.0,706.0,9.0
прирученные бизоны,,,11.5,568.5,
исторические данные,27.250000000000004,21.75,14.499999999999998,938.5,11.0
прирученные бизоны,27.500000000000004,21.5,15.0,655.0,8.0
исторические данные,28.749999999999996,24.0,15.0,946.5,9.0
исторические данные,28.999999999999996,21.5,12.5,911.5,10.0
исторические данные,29.75,22.75,14.499999999999998,942.0,11.0
исторические данные,30.0,23.25,18.0,1193.0,8.0
исторические данные,32.25,25.0,18.0,1461.0,11.0
исторические данные,33.0,26.25,20.0,1489.0,10.0
дикие бизоны,14.499999999999998,10.75,6.0,111.5,5.0
дикие бизоны,15.0,11.0,6.5,123.5,5.0
дикие бизоны,18.5,13.750000000000002,10.0,281.5,5.0
дикие бизоны,18.75,14.249999999999998,8.0,226.0,7.0
дикие бизоны,19.0,14.499999999999998,8.5,228.5,7.0
дикие бизоны,19.75,,12.0,299.5,8.0
дикие бизоны,20.5,16.25,10.5,361.0,8.0
дикие бизоны,20.75,16.0,,304.5,7.0
дикие бизоны,21.25,16.25,,397.5,7.0
дикие бизоны,22.0,17.0,,379.0,7.0
дикие бизоны,22.0,17.0,,499.5,6.0
исторические данные,23.25,20.25,13.5,777.5,10.0
прирученные бизоны,23.5,18.0,10.0,470.5,8.0
исторические данные,25.5,20.75,14.499999999999998,751.0,8.0
прирученные бизоны,,20.0,13.5,714.0,10.0
прирученные бизоны,26.25,20.0,13.0,699.5,9.0
прирученные бизоны,27.500000000000004,21.25,14.000000000000002,952.0,7.0
исторические данные,28.000000000000004,21.0,15.0,875.5,8.0
исторические данные,28.749999999999996,22.5,,921.5,9.0
прирученные бизоны,28.749999999999996,22.5,13.5,828.5,10.0
исторические данные,29.25,23.0,,1206.0,10.0
исторические данные,,24.75,15.5,1286.5,11.0
прирученные бизоны,31.0,24.25,15.5,1194.5,9.0
прирученные бизоны,31.5,24.75,19.0,1165.5,10.0
прирученные бизоны,31.5,24.5,17.0,1215.5,10.0
исторические данные,33.5,25.75,16.5,1173.5,11.0
исторические данные,33.75,,16.0,1532.0,11.0
прирученные бизоны,34.25,26.5,17.0,1510.5,10.0
прирученные бизоны,24.25,19.5,10.0,556.5,9.0
исторические данные,23.0,,12.5,547.0,8.0
исторические данные,23.0,17.5,12.5,516.5,9.0
исторические данные,26.75,21.0,12.5,764.0,11.0
исторические данные,23.25,18.0,10.5,488.0,10.0
исторические данные,25.5,20.0,14.000000000000002,690.5,10.0
дикие бизоны,16.75,13.0,9.0,183.5,11.0
исторические данные,,21.25,16.0,970.0,20.0
дикие бизоны,,6.75,,33.0,5.0
дикие бизоны,10.75,8.25,5.5,59.0,5.0
дикие бизоны,10.0,7.5,4.0,46.0,4.0
прирученные бизоны,31.25,24.0,20.0,1323.5,9.0
исторические данные,27.500000000000004,21.0,17.0,846.5,13.0
исторические данные,29.25,22.5,15.0,1047.0,14.0
прирученные бизоны,32.25,25.0,18.0,1278.5,13.0
прирученные бизоны,35.5,26.5,19.5,1874.5,12.0
прирученные бизоны,35.0,27.0,21.5,1978.0,24.0
прирученные бизоны,32.75,25.25,16.5,1367.0,10.0
прирученные бизоны,33.25,25.0,,1742.0,
прирученные бизоны,23.5,18.75,10.5,513.0,11.0
исторические данные,21.25,,10.0,408.5,9.0
исторические данные,27.0,20.5,,560.0,7.0
исторические данные,25.25,19.75,,635.0,9.0
исторические данные,26.75,22.0,,875.0,10.0
прирученные бизоны,21.5,17.5,9.0,397.0,9.0
исторические данные,27.500000000000004,21.75,11.0,806.0,9.0
прирученные бизоны,17.0,12.75,8.5,204.0,6.0
дикие бизоны,13.750000000000002,10.0,6.5,116.5,7.0
прирученные бизоны,16.75,,7.000000000000001,170.0,6.0
исторические данные,32.0,,14.000000000000002,1194.0,15.0
прирученные бизоны,27.500000000000004,22.0,12.5,765.0,9.0
прирученные бизоны,32.0,23.75,19.0,1151.0,13.0
прирученные бизоны,,,,676.5,
прирученные бизоны,,27.0,,1571.0,18.0
исторические данные,30.25,24.5,15.5,1153.0,15.0
исторические данные,30.25,23.5,11.5,1114.0,15.0
исторические данные,28.000000000000004,22.5,15.5,912.5,10.0
прирученные бизоны,28.499999999999996,23.25,15.5,872.0,14.0
исторические данные,,20.25,16.0,792.0,13.0
прирученные бизоны,25.25,20.25,18.0,606.0,11.0
исторические данные,17.5,13.25,,226.5,6.0
исторические данные,,17.75,12.0,395.5,9.0
дикие бизоны,25.5,20.25,12.0,610.0,
прирученные бизоны,24.5,19.0,,539.0,12.0
прирученные бизоны,25.25,20.5,13.5,657.0,15.0
исторические данные,19.0,15.0,10.0,250.5,8.0
дикие бизоны,13.5,9.75,7.000000000000001,102.0,8.0
прирученные бизоны,18.5,14.75,10.0,268.5,7.0
исторические данные,25.0,19.25,,551.0,11.0
исторические данные,32.25,25.25,16.5,1307.0,10.0
исторические данные,28.249999999999996,,11.5,918.5,11.0
прирученные бизоны,33.5,27.250000000000004,17.5,1707.0,13.0
прирученные бизоны,29.5,20.75,15.0,880.5,11.0
прирученные бизоны,,18.0,11.0,496.5,6.0
прирученные бизоны,25.5,19.25,13.5,632.0,8.0
исторические данные,36.0,28.749999999999996,23.0,2269.5,
исторические данные,27.500000000000004,20.25,15.0,923.5,7.0
дикие бизоны,10.0,7.249999999999999,2.5,34.5,5.0
исторические данные,32.5,25.75,18.0,1331.5,13.0
прирученные бизоны,26.25,20.25,11.5,720.0,14.0
исторические данные,28.249999999999996,21.75,18.5,1032.0,20.0
прирученные бизоны,30.5,23.5,,1016.9999999999999,12.0
прирученные бизоны,,20.25,17.5,980.0,18.0
дикие бизоны,16.25,12.25,7.5,149.5,5.0
дикие бизоны,15.5,11.75,,151.5,7.0
исторические данные,22.5,16.75,,478.0,11.0
прирученные бизоны,24.5,19.0,15.5,578.0,9.0
прирученные бизоны,25.25,20.25,16.0,683.5,10.0
прирученные бизоны,19.25,15.0,10.0,272.5,6.0
прирученные бизоны,31.0,24.25,,1511.0,17.0
прирученные бизоны,31.75,25.25,18.5,1303.5,
прирученные бизоны,33.25,26.5,18.5,1395.5,15.0
исторические данные,16.75,13.25,9.5,197.5,9.0
дикие бизоны,14.75,10.75,7.5,116.0,8.0
дикие бизоны,24.0,19.0,12.5,523.0,15.0
дикие бизоны,16.0,12.5,8.0,156.5,9.0
дикие бизоны,21.5,17.0,12.5,384.0,14.0
исторические данные,28.249999999999996,22.5,14.000000000000002,1005.5000000000001,12.0
прирученные бизоны,30.0,24.0,16.5,1134.5,10.0
прирученные бизоны,29.25,23.0,17.0,1083.5,14.0
прирученные бизоны,27.750000000000004,21.0,14.000000000000002,868.0,13.0
прирученные бизоны,28.499999999999996,24.75,16.0,1091.5,14.0
прирученные бизоны,31.0,24.25,17.5,1271.0,11.0
исторические данные,31.5,,19.0,1498.5,16.0
исторические данные,21.25,17.0,12.0,388.0,10.0
прирученные бизоны,32.0,25.25,19.0,1235.5,14.0
исторические данные,33.75,26.25,17.5,1402.0,16.0
исторические данные,25.0,20.0,,602.5,11.0
исторические данные,19.25,15.25,9.0,277.5,9.0
исторические данные,26.0,21.75,19.5,973.0,18.0
исторические данные,26.0,20.75,17.5,753.0,8.0
исторические данные,,26.25,20.0,1376.5,16.0
дикие бизоны,22.0,17.5,12.0,375.0,9.0
прирученные бизоны,21.0,16.0,13.0,413.5,10.0
прирученные бизоны,22.5,17.5,13.5,560.0,13.0
дикие бизоны,,16.25,12.5,391.5,9.0
прирученные бизоны,32.0,25.25,19.0,1276.5,12.0
исторические данные,28.499999999999996,22.75,15.0,960.0,11.0
исторические данные,20.5,16.25,12.0,374.5,12.0
исторические данные,24.25,20.5,15.0,696.0,13.0
прирученные бизоны,30.5,24.0,19.0,1295.5,12.0
прирученные бизоны,29.5,24.25,,1231.5,13.0
исторические данные,33.25,26.75,15.5,1383.0,14.0
дикие бизоны,17.25,14.249999999999998,10.0,222.5,8.0
исторические данные,31.75,25.5,15.5,1156.0,18.0
исторические данные,34.75,26.5,15.0,1477.0,14.0
прирученные бизоны,34.5,27.0,18.5,1571.5,15.0
исторические данные,27.750000000000004,21.75,13.5,858.0,15.0
исторические данные,32.5,26.25,19.0,1499.5,
исторические данные,31.75,24.0,19.0,1467.0,15.0
прирученные бизоны,32.75,25.5,16.0,1092.0,14.0
прирученные бизоны,34.5,27.750000000000004,20.5,1816.5,19.0
прирученные бизоны,,27.500000000000004,16.0,1636.5,13.0
исторические данные,27.500000000000004,21.75,16.0,906.0,13.0
прирученные бизоны,30.5,24.75,19.0,1213.0,15.0
исторические данные,29.75,25.0,16.5,1060.0,11.0
исторические данные,15.0,12.0,,161.0,6.0
прирученные бизоны,21.75,,12.5,459.0,9.0
дикие бизоны,22.75,18.75,12.5,533.0,8.0
исторические данные,24.0,19.0,13.0,617.5,12.0
дикие бизоны,21.5,17.5,10.5,366.0,6.0
прирученные бизоны,21.75,17.5,10.5,419.5,7.0
дикие бизоны,15.0,11.5,,150.0,5.0
прирученные бизоны,,24.0,,874.5,12.0
исторические данные,25.25,19.25,11.0,655.0,9.0
исторические данные,22.75,18.75,,484.0,7.0
исторические данные,32.0,25.25,16.5,1443.5,18.0
прирученные бизоны,28.000000000000004,21.75,,877.5,13.0
прирученные бизоны,32.25,,19.0,1310.5,12.0
прирученные бизоны,29.75,24.25,,1251.5,14.0
исторические данные,28.249999999999996,22.5,11.5,908.5,17.0
прирученные бизоны,32.75,25.0,14.000000000000002,1170.5,12.0
исторические данные,24.0,19.0,13.5,528.0,14.0
прирученные бизоны,24.75,19.25,13.5,662.5,11.0
прирученные бизоны,20.0,16.75,11.5,433.5,10.0
исторические данные,20.5,15.5,12.5,359.5,11.0
прирученные бизоны,29.75,23.25,14.499999999999998,1107.0,12.0
прирученные бизоны,31.25,23.75,13.0,859.5,13.0
исторические данные,26.0,21.25,15.5,773.5,17.0
исторические данные,23.25,18.0,12.5,436.5,11.0
прирученные бизоны,,18.75,14.000000000000002,501.0,13.0
прирученные бизоны,,20.25,,673.5,18.0
исторические данные,23.0,17.75,11.0,415.0,12.0
исторические данные,24.25,19.25,12.5,477.5,12.0
прирученные бизоны,23.25,,14.000000000000002,555.5,15.0
исторические данные,26.25,,,644.5,12.0
прирученные бизоны,32.75,26.5,19.0,1428.0,18.0
исторические данные,34.5,27.0,18.5,1619.5,24.0
исторические данные,27.500000000000004,22.5,17.0,810.0,11.0
прирученные бизоны,28.999999999999996,23.75,,1038.5,13.0
прирученные бизоны,29.5,23.75,,971.5,11.0
исторические данные,28.249999999999996,22.0,,868.0,11.0
прирученные бизоны,33.25,28.499999999999996,18.5,1522.0,13.0
прирученные бизоны,31.0,25.5,17.5,1125.5,14.0
исторические данные,,23.0,13.0,708.5,12.0
прирученные бизоны,30.25,23.75,14.499999999999998,1018.5,
исторические данные,26.75,21.0,16.0,720.0,15.0
прирученные бизоны,25.5,19.75,12.0,617.5,
исторические данные,26.5,20.25,,738.0,
прирученные бизоны,24.75,,15.0,597.0,11.0
исторические данные,28.749999999999996,,18.5,1156.0,13.0
прирученные бизоны,31.5,25.0,16.0,1220.0,14.0
исторические данные,29.5,22.5,12.0,748.5,14.0
прирученные бизоны,30.25,24.25,16.5,1073.5,14.0
исторические данные,32.25,25.0,19.0,1229.0,17.0
прирученные бизоны,31.0,25.0,17.5,1146.0,13.0
исторические данные,30.25,24.25,17.5,1145.0,
прирученные бизоны,30.75,25.0,20.5,1105.5,16.0
прирученные бизоны,33.0,26.25,19.0,1670.0,11.0
прирученные бизоны,,28.749999999999996,17.5,1555.0,15.0
прирученные бизоны,28.249999999999996,22.5,18.5,928.5,12.0
прирученные бизоны,28.499999999999996,21.75,14.000000000000002,808.5,16.0
дикие бизоны,30.0,22.25,17.5,1057.0,16.0
дикие бизоны,20.5,15.0,11.5,259.5,10.0
прирученные бизоны,22.5,,,438.0,9.0
исторические данные,13.750000000000002,10.0,8.0,99.0,5.0
дикие бизоны,24.25,17.75,12.0,508.49999999999994,9.0
прирученные бизоны,31.0,24.25,16.5,1166.0,13.0
прирученные бизоны,,,13.5,507.0,12.0
прирученные бизоны,25.25,20.5,15.0,634.5,17.0
исторические данные,20.0,15.5,11.0,314.0,11.0
дикие бизоны,22.5,17.75,11.5,438.5,11.0
исторические данные,17.5,13.0,9.0,195.0,9.0
исторические данные,22.0,17.5,14.000000000000002,451.0,16.0
исторические данные,13.25,,,84.0,7.0
исторические данные,8.25,6.25,4.0,24.5,4.0
прирученные бизоны,35.25,27.750000000000004,,1468.5,19.0
прирученные бизоны,,21.25,15.5,776.5,16.0
дикие бизоны,,19.25,14.000000000000002,542.5,
прирученные бизоны,24.0,18.5,13.0,588.5,15.0
прирученные бизоны,,,10.5,337.5,12.0
дикие бизоны,18.75,14.000000000000002,10.0,256.5,12.0
исторические данные,17.25,13.25,9.0,163.0,10.0
дикие бизоны,27.500000000000004,20.75,13.5,809.5,12.0
дикие бизоны,31.75,24.0,20.0,1365.5,16.0
дикие бизоны,28.749999999999996,23.75,,967.0,13.0
прирученные бизоны,27.250000000000004,21.75,,685.5,10.0
прирученные бизоны,19.25,15.25,,314.0,10.0
прирученные бизоны,25.5,17.0,18.0,700.5,11.0
дикие бизоны,22.0,17.0,12.5,489.5,13.0
дикие бизоны,22.5,18.0,12.5,450.0,12.0
дикие бизоны,19.5,,10.5,259.0,8.0
прирученные бизоны,21.25,16.25,13.5,382.0,12.0
прирученные бизоны,,17.5,12.5,443.5,11.0
дикие бизоны,33.0,26.25,18.0,1693.5,15.0
прирученные бизоны,34.25,26.25,17.5,1710.0,16.0
прирученные бизоны,29.25,23.75,18.5,857.5,12.0
дикие бизоны,,21.75,,970.0,17.0
прирученные бизоны,24.5,19.5,,590.0,12.0
исторические данные,21.5,16.5,9.5,340.0,14.0
прирученные бизоны,22.75,18.25,11.0,385.0,13.0
дикие бизоны,24.75,19.0,14.499999999999998,515.0,13.0
прирученные бизоны,24.0,,,590.0,12.0
дикие бизоны,23.5,20.0,16.0,510.0,14.0
исторические данные,,16.0,10.0,300.5,11.0
дикие бизоны,,19.25,11.5,683.0,13.0
дикие бизоны,23.5,18.75,10.5,468.0,10.0
дикие бизоны,22.25,17.25,,407.5,11.0
прирученные бизоны,25.5,19.0,13.0,584.0,13.0
прирученные бизоны,26.0,20.25,14.499999999999998,829.0,15.0
дикие бизоны,23.75,18.25,14.000000000000002,454.5,8.0
прирученные бизоны,22.75,18.0,,438.5,10.0
дикие бизоны,21.75,17.0,11.0,407.0,10.0
дикие бизоны,19.5,15.0,10.0,308.5,6.0
дикие бизоны,18.75,14.249999999999998,10.0,239.0,8.0
исторические данные,14.249999999999998,10.75,7.5,106.0,
дикие бизоны,28.999999999999996,,17.0,1178.0,20.0
прирученные бизоны,28.999999999999996,,17.5,1073.0,19.0
исторические данные,20.5,15.75,9.5,306.0,9.0
исторические данные,,15.0,10.0,301.0,9.0
дикие бизоны,27.0,,15.0,758.5,10.0
исторические данные,16.5,12.25,8.5,171.0,11.0
дикие бизоны,22.0,15.5,,362.5,11.0
исторические данные,14.000000000000002,10.5,6.5,90.5,5.0
дикие бизоны,29.5,23.25,,1088.5,17.0
дикие бизоны,30.5,,16.5,1097.0,13.0
дикие бизоны,30.5,23.0,17.0,1278.0,17.0
исторические данные,22.75,17.25,12.5,440.0,12.0
исторические данные,16.5,11.75,9.0,163.0,10.0
дикие бизоны,22.0,16.5,,522.0,16.0
исторические данные,27.0,20.25,15.5,971.5,19.0
прирученные бизоны,23.75,18.75,12.5,588.0,10.0
прирученные бизоны,23.0,16.5,15.0,532.5,10.0
дикие бизоны,15.5,11.75,9.0,127.0,6.0
дикие бизоны,12.75,9.5,7.000000000000001,81.5,5.0
исторические данные,,,7.5,163.5,8.0
дикие бизоны,14.75,,8.0,100.0,8.0
дикие бизоны,9.5,6.5,4.5,26.5,5.0
исторические данные,27.250000000000004,21.75,16.5,995.5,19.0
исторические данные,24.75,20.0,12.0,660.5,15.0
исторические данные,25.0,18.75,13.0,721.0,14.0
прирученные бизоны,15.25,11.25,7.000000000000001,148.5,7.0
прирученные бизоны,23.75,17.5,11.5,487.0,
исторические данные,25.75,20.0,12.5,955.0,13.0
исторические данные,27.250000000000004,20.5,14.499999999999998,873.0,18.0
исторические данные,37.0,26.75,18.5,1650.0,13.0
исторические данные,28.249999999999996,23.25,15.0,1128.5,16.0
исторические данные,28.000000000000004,22.0,16.0,1111.5,10.0
исторические данные,27.250000000000004,21.0,12.5,974.5,13.0
исторические данные,32.25,25.75,18.5,1460.5,19.0
исторические данные,,21.75,13.0,1010.5,10.0
исторические данные,31.0,24.0,16.0,1076.5,13.0
прирученные бизоны,30.25,22.5,16.5,1222.5,13.0
исторические данные,30.25,23.75,16.0,1616.0,18.0
прирученные бизоны,23.75,18.75,15.0,559.0,12.0
исторические данные,18.25,14.249999999999998,8.5,220.5,9.0
прирученные бизоны,23.0,17.5,11.5,440.0,8.0
исторические данные,26.5,21.5,,879.0,10.0
исторические данные,24.0,19.75,15.0,681.5,18.0
исторические данные,,17.25,15.0,579.5,13.0
дикие бизоны,17.5,13.25,11.0,209.0,9.0
исторические данные,18.5,14.000000000000002,10.5,224.0,
дикие бизоны,17.0,12.5,7.5,176.5,7.0
дикие бизоны,17.5,,,196.0,8.0
дикие бизоны,17.5,13.25,8.0,192.0,6.0
дикие бизоны,19.5,15.75,9.0,309.5,7.0
дикие бизоны,19.75,15.5,9.5,313.0,7.0
дикие бизоны,20.75,15.5,10.5,359.5,6.0
дикие бизоны,21.5,16.0,10.0,385.5,7.0
дикие бизоны,24.0,17.75,11.5,578.5,8.0
исторические данные,24.5,19.75,12.0,674.0,
прирученные бизоны,24.5,18.5,10.5,526.5,7.0
прирученные бизоны,28.000000000000004,,16.0,1031.5,9.0
исторические данные,28.000000000000004,22.5,14.000000000000002,900.0,7.0
исторические данные,28.999999999999996,23.0,15.0,1016.5,9.0
прирученные бизоны,,24.0,18.0,1249.5,8.0
исторические данные,29.5,23.5,13.5,1168.5,8.0
прирученные бизоны,29.75,23.75,16.5,1148.0,10.0
исторические данные,30.0,23.75,,1089.0,11.0
исторические данные,30.5,,15.5,1032.5,9.0
прирученные бизоны,31.5,23.75,15.0,1172.0,11.0
исторические данные,32.0,25.5,17.0,1371.5,10.0
прирученные бизоны,,27.250000000000004,18.5,1505.5,10.0
исторические данные,35.5,27.500000000000004,20.0,1904.5,13.0
исторические данные,37.0,30.25,20.0,2492.5,13.0
дикие бизоны,12.5,9.0,6.5,80.5,4.0
дикие бизоны,14.000000000000002,10.5,6.5,111.0,6.0
дикие бизоны,16.25,12.0,7.5,152.0,6.0
дикие бизоны,17.5,13.25,9.5,199.0,5.0
дикие бизоны,18.0,13.5,9.0,219.0,6.0
дикие бизоны,,13.5,10.5,215.5,6.0
дикие бизоны,18.5,14.000000000000002,9.0,256.5,6.0
дикие бизоны,,14.249999999999998,9.0,257.0,
дикие бизоны,19.0,13.750000000000002,,250.5,6.0
дикие бизоны,19.75,15.0,9.0,279.0,8.0
дикие бизоны,,16.75,10.5,378.0,6.0
дикие бизоны,22.0,17.5,12.5,456.0,8.0
дикие бизоны,23.25,18.5,10.0,505.49999999999994,7.0
прирученные бизоны,23.25,17.75,11.5,470.5,7.0
исторические данные,24.0,18.5,13.0,643.0,8.0
дикие бизоны,24.25,18.5,,513.0,7.0
прирученные бизоны,24.5,,11.5,569.0,9.0
дикие бизоны,24.75,20.0,,578.0,8.0
дикие бизоны,25.0,19.25,11.0,596.0,8.0
прирученные бизоны,25.25,19.5,12.0,572.5,8.0
исторические данные,26.0,19.5,12.0,643.5,7.0
исторические данные,26.0,,12.5,811.5,7.0
прирученные бизоны,26.25,,12.5,711.5,7.0
исторические данные,,22.0,,915.5,8.0
прирученные бизоны,27.750000000000004,22.0,14.499999999999998,881.5,8.0
прирученные бизоны,,,11.0,931.0,8.0
прирученные бизоны,28.749999999999996,23.0,16.5,1065.0,
исторические данные,30.0,23.75,15.5,1138.5,9.0
прирученные бизоны,30.5,24.0,,1234.0,12.0
прирученные бизоны,30.5,24.75,17.5,1263.5,10.0
прирученные бизоны,30.5,,16.0,1074.5,8.0
исторические данные,30.75,25.25,19.0,1403.0,8.0
исторические данные,31.0,24.25,16.5,1132.5,9.0
прирученные бизоны,31.25,24.75,16.0,1111.5,11.0
прирученные бизоны,31.25,23.5,17.0,1255.0,10.0
исторические данные,31.25,24.25,17.0,1437.0,11.0
исторические данные,31.75,24.75,,1363.5,10.0
прирученные бизоны,32.0,24.0,19.5,1143.5,9.0
исторические данные,32.0,25.0,,1454.5,9.0
исторические данные,33.0,26.25,,1478.0,10.0
прирученные бизоны,33.25,26.0,16.5,1688.5,11.0
прирученные бизоны,35.75,29.25,23.0,2072.5,10.0
исторические данные,36.0,28.249999999999996,20.0,1787.0,
прирученные бизоны,36.25,28.999999999999996,18.5,1523.0,9.0
дикие бизоны,8.25,6.0,5.0,21.0,3.0
дикие бизоны,10.5,7.5,5.5,45.5,4.0
дикие бизоны,17.75,13.25,,243.5,6.0
дикие бизоны,,,8.5,267.5,6.0
дикие бизоны,20.0,14.499999999999998,10.0,258.0,7.0
дикие бизоны,20.0,15.0,,298.5,6.0
дикие бизоны,21.75,16.75,11.0,411.0,7.0
дикие бизоны,22.0,16.5,11.0,380.0,7.0
дикие бизоны,22.5,17.0,10.5,438.5,8.0
дикие бизоны,,17.25,10.5,401.5,
дикие бизоны,23.5,17.75,14.499999999999998,448.5,7.0
дикие бизоны,23.5,17.75,11.5,415.5,7.0
дикие бизоны,23.75,21.0,16.0,709.5,8.0
дикие бизоны,24.25,18.5,11.5,637.0,7.0
прирученные бизоны,25.25,23.75,16.0,1115.5,8.0
дикие бизоны,25.5,20.25,13.0,599.0,8.0
дикие бизоны,26.0,19.0,13.0,534.5,8.0
прирученные бизоны,26.5,,,627.0,8.0
исторические данные,,21.0,,746.5,10.0
исторические данные,27.500000000000004,22.0,16.0,985.0,8.0
исторические данные,27.750000000000004,22.0,14.499999999999998,850.0,
исторические данные,27.750000000000004,22.0,,838.0,8.0
прирученные бизоны,27.750000000000004,21.5,13.5,812.0,9.0
исторические данные,28.000000000000004,20.75,13.0,761.5,8.0
исторические данные,28.749999999999996,22.0,14.499999999999998,870.0,8.0
прирученные бизоны,29.25,22.5,14.499999999999998,983.5,9.0
исторические данные,29.5,23.0,14.499999999999998,929.0,10.0
прирученные бизоны,,23.5,16.5,1015.5000000000001,
исторические данные,,20.5,14.499999999999998,939.0,8.0
исторические данные,30.0,23.75,16.0,1164.0,12.0
исторические данные,30.5,23.5,17.5,1214.0,10.0
прирученные бизоны,30.75,,,1134.5,11.0
прирученные бизоны,31.0,25.5,18.0,1233.0,10.0
исторические данные,31.25,24.75,18.0,1081.5,10.0
исторические данные,31.25,23.5,17.5,1179.0,9.0
прирученные бизоны,,,16.5,1163.5,11.0
прирученные бизоны,32.0,23.75,17.5,1154.5,9.0
прирученные бизоны,32.25,26.0,17.5,1334.5,10.0
исторические данные,32.5,25.25,,1469.0,9.0
исторические данные,32.75,26.0,18.0,1492.0,11.0
прирученные бизоны,,27.0,17.5,1558.5,11.0
прирученные бизоны,33.0,25.0,17.5,1327.5,9.0
исторические данные,33.5,26.25,18.0,1661.5,10.0
прирученные бизоны,34.5,26.25,19.0,1492.0,12.0
прирученные бизоны,35.0,28.749999999999996,20.0,1736.5,11.0
прирученные бизоны,,28.000000000000004,17.5,1660.5,11.0
исторические данные,35.5,28.499999999999996,19.5,1348.0,11.0
исторические данные,35.75,27.250000000000004,18.0,1740.5,10.0
прирученные бизоны,,27.250000000000004,,1718.5,11.0
дикие бизоны,10.75,7.5,5.5,41.0,3.0
дикие бизоны,12.0,9.25,6.0,65.5,4.0
дикие бизоны,13.0,10.25,7.000000000000001,97.0,4.0
дикие бизоны,16.0,12.0,8.5,131.0,6.0
дикие бизоны,16.5,11.5,8.5,169.5,6.0
дикие бизоны,16.75,13.0,8.5,192.0,6.0
дикие бизоны,17.5,13.0,9.0,176.5,7.0
дикие бизоны,,13.25,8.5,173.5,6.0
дикие бизоны,18.0,13.25,7.5,178.5,6.0
дикие бизоны,,13.25,9.0,205.5,7.0
дикие бизоны,18.25,13.750000000000002,9.0,234.5,7.0
дикие бизоны,19.0,14.249999999999998,,230.5,7.0
дикие бизоны,,15.5,11.5,314.0,6.0
дикие бизоны,20.0,15.75,9.0,330.0,6.0
дикие бизоны,20.0,,10.0,277.5,9.0
дикие бизоны,21.25,16.25,11.0,405.0,8.0
дикие бизоны,,16.25,10.5,309.0,6.0
исторические данные,21.75,16.75,11.0,438.5,7.0
дикие бизоны,21.75,17.0,12.0,396.0,8.0
дикие бизоны,22.25,17.75,9.5,361.5,8.0
дикие бизоны,22.5,17.5,11.0,514.0,8.0
дикие бизоны,,21.75,11.0,426.5,8.0
дикие бизоны,23.0,17.0,9.0,384.0,
дикие бизоны,23.75,17.75,12.5,486.5,9.0
дикие бизоны,23.75,18.0,13.5,435.5,8.0
дикие бизоны,23.75,17.5,11.5,498.0,7.0
дикие бизоны,24.0,17.75,12.5,494.0,9.0
прирученные бизоны,24.75,18.5,12.0,594.0,7.0
дикие бизоны,25.0,18.25,12.5,528.0,9.0
исторические данные,,19.5,11.5,558.5,8.0
дикие бизоны,25.75,20.0,13.5,636.0,9.0
дикие бизоны,26.25,19.5,10.5,567.0,8.0
дикие бизоны,,20.25,13.0,661.5,9.0
дикие бизоны,26.5,21.0,13.0,658.0,8.0
исторические данные,26.75,20.75,,780.0,8.0
дикие бизоны,,20.5,,607.5,9.0
дикие бизоны,27.0,20.5,13.5,702.5,8.0
дикие бизоны,27.500000000000004,21.25,15.5,872.5,10.0
прирученные бизоны,28.249999999999996,22.5,17.5,1236.5,10.0
исторические данные,28.499999999999996,23.5,15.5,1186.0,10.0
дикие бизоны,28.499999999999996,21.0,13.0,774.5,9.0
прирученные бизоны,28.499999999999996,21.0,16.0,887.5,8.0
дикие бизоны,28.749999999999996,22.75,15.5,872.5,8.0
дикие бизоны,28.749999999999996,22.0,12.5,851.5,9.0
прирученные бизоны,,23.75,16.0,895.0,
исторические данные,28.749999999999996,22.5,15.5,886.0,9.0
дикие бизоны,,23.0,14.000000000000002,926.5,10.0
дикие бизоны,28.999999999999996,23.0,14.000000000000002,829.5,10.0
дикие бизоны,28.999999999999996,23.5,15.0,907.0,11.0
исторические данные,28.999999999999996,23.5,,1041.0,9.0
прирученные бизоны,29.25,23.25,16.5,935.5,9.0
прирученные бизоны,29.25,23.0,16.5,1058.0,9.0
прирученные бизоны,29.75,23.25,14.499999999999998,795.5,10.0
прирученные бизоны,30.0,23.5,17.0,1080.5,9.0
исторические данные,30.0,23.5,15.0,928.0,8.0
прирученные бизоны,30.0,23.75,15.5,1059.0,
исторические данные,30.0,23.75,23.0,1157.0,11.0
прирученные бизоны,30.0,23.75,17.0,1088.0,10.0
прирученные бизоны,30.0,24.25,14.499999999999998,776.0,9.0
прирученные бизоны,31.0,24.0,16.5,1043.0,10.0
исторические данные,31.25,24.0,,1141.5,9.0
прирученные бизоны,31.25,23.75,16.0,1333.5,10.0
прирученные бизоны,31.25,,17.5,1273.0,9.0
исторические данные,31.25,24.5,16.5,1183.5,11.0
исторические данные,31.25,24.25,16.0,1213.5,9.0
дикие бизоны,31.5,23.25,15.0,1031.5,11.0
исторические данные,31.75,,,1369.5,
исторические данные,32.5,25.75,,1374.5,12.0
исторические данные,32.5,25.75,18.0,1463.0,11.0
прирученные бизоны,32.5,26.0,19.5,1627.5,11.0
прирученные бизоны,32.5,,16.5,1387.5,9.0
исторические данные,32.75,26.25,16.0,1460.0,11.0
прирученные бизоны,32.75,26.5,16.5,1283.5,8.0
прирученные бизоны,33.0,25.0,15.5,1376.5,12.0
исторические данные,33.0,25.75,20.0,1646.5,11.0
исторические данные,33.75,25.75,14.499999999999998,1265.0,10.0
исторические данные,34.25,26.5,17.0,1560.0,11.0
исторические данные,,26.0,18.0,1600.0,12.0
исторические данные,36.75,27.750000000000004,22.0,2333.0,12.0
дикие бизоны,8.75,,,28.0,4.0
дикие бизоны,18.5,14.249999999999998,9.5,226.0,8.0
дикие бизоны,19.75,15.0,9.0,285.5,5.0
дикие бизоны,21.0,16.25,11.0,325.0,7.0
дикие бизоны,22.75,18.5,11.0,514.0,8.0
дикие бизоны,24.75,18.75,,575.5,8.0
прирученные бизоны,25.5,18.75,11.0,580.5,7.0
исторические данные,,19.5,14.000000000000002,678.0,8.0
исторические данные,27.250000000000004,21.5,15.5,803.5,7.0
прирученные бизоны,,20.25,12.0,913.0,
исторические данные,28.999999999999996,22.5,16.0,867.5,9.0
прирученные бизоны,29.5,23.25,17.0,1042.5,10.0
исторические данные,30.0,23.0,18.0,1140.0,10.0
прирученные бизоны,30.5,24.5,17.0,1347.5,11.0
исторические данные,30.75,23.75,15.5,1073.5,11.0
исторические данные,30.75,23.75,19.0,1433.5,9.0
исторические данные,30.75,24.75,20.0,1304.0,14.0
исторические данные,31.0,,16.0,950.5,9.0
исторические данные,31.5,25.75,17.0,1385.0,11.0
прирученные бизоны,32.0,25.0,17.0,1120.0,12.0
прирученные бизоны,32.0,25.0,17.0,1264.5,9.0
прирученные бизоны,32.75,22.75,17.0,1275.0,8.0
исторические данные,,25.25,16.5,1270.0,10.0
исторические данные,33.0,,17.5,1583.0,10.0
прирученные бизоны,33.25,25.0,17.5,1435.5,9.0
прирученные бизоны,33.5,26.25,19.5,1420.0,10.0
исторические данные,34.5,26.5,19.0,1595.5,10.0
исторические данные,35.75,26.25,20.0,1890.0,10.0
прирученные бизоны,36.75,28.249999999999996,,2037.0,
дикие бизоны,13.5,10.25,5.0,84.0,6.0
дикие бизоны,14.249999999999998,11.25,7.000000000000001,100.5,7.0
дикие бизоны,14.75,11.0,8.5,128.5,5.0
дикие бизоны,15.0,11.25,7.5,134.5,5.0
дикие бизоны,15.0,11.0,6.5,119.5,5.0
дикие бизоны,18.0,,8.5,189.5,6.0
дикие бизоны,18.5,13.750000000000002,9.5,257.0,6.0
дикие бизоны,19.5,14.499999999999998,9.0,274.5,8.0
дикие бизоны,21.75,16.25,,342.0,6.0
дикие бизоны,22.0,17.0,10.5,344.0,8.0
дикие бизоны,22.0,16.0,9.5,327.5,8.0
дикие бизоны,22.25,17.25,12.0,403.5,7.0
дикие бизоны,23.25,18.5,11.5,407.5,9.0
дикие бизоны,,,12.0,497.5,8.0
дикие бизоны,23.5,17.25,12.0,368.5,8.0
дикие бизоны,23.75,18.25,,417.5,7.0
дикие бизоны,,16.75,10.0,442.5,9.0
дикие бизоны,,17.5,,422.5,9.0
дикие бизоны,24.25,18.25,12.5,426.0,8.0
дикие бизоны,24.5,19.5,12.0,511.0,9.0
дикие бизоны,25.75,20.25,13.0,573.0,9.0
дикие бизоны,26.0,20.75,14.000000000000002,638.5,8.0
дикие бизоны,26.25,20.25,12.5,657.0,10.0
прирученные бизоны,,21.25,14.000000000000002,873.5,10.0
дикие бизоны,26.5,,13.0,781.0,9.0
дикие бизоны,26.5,21.0,14.000000000000002,676.5,9.0
исторические данные,26.5,,12.5,769.0,9.0
дикие бизоны,26.5,19.75,12.5,623.5,11.0
исторические данные,26.75,20.25,14.000000000000002,731.5,7.0
дикие бизоны,,,15.5,807.5,10.0
исторические данные,27.250000000000004,,14.000000000000002,737.0,
прирученные бизоны,27.250000000000004,20.5,,654.0,10.0
дикие бизоны,27.500000000000004,20.75,15.0,791.5,10.0
дикие бизоны,27.500000000000004,22.5,14.000000000000002,753.0,8.0
дикие бизоны,27.500000000000004,20.0,,717.0,
дикие бизоны,27.750000000000004,21.5,,783.0,9.0
дикие бизоны,28.749999999999996,22.5,14.499999999999998,872.0,9.0
дикие бизоны,28.749999999999996,22.0,15.0,983.0,8.0
прирученные бизоны,29.25,21.0,,1034.0,11.0
прирученные бизоны,29.25,23.25,14.499999999999998,985.5,10.0
дикие бизоны,29.25,,14.000000000000002,763.5,9.0
исторические данные,29.5,23.25,13.5,989.5,8.0
дикие бизоны,29.75,23.5,13.5,936.5,10.0
прирученные бизоны,29.75,22.0,13.5,964.0,10.0
прирученные бизоны,29.75,23.0,15.5,1045.5,10.0
прирученные бизоны,29.75,22.5,16.5,1081.0,12.0
исторические данные,30.0,23.5,16.0,1012.0,10.0
прирученные бизоны,,25.0,16.0,1122.0,10.0
исторические данные,30.25,24.5,16.5,1124.5,11.0
прирученные бизоны,,24.5,15.0,1134.5,10.0
исторические данные,30.5,22.5,,1080.5,
прирученные бизоны,30.5,24.75,16.5,1083.5,9.0
исторические данные,30.75,23.5,17.5,1242.0,11.0
исторические данные,31.0,25.0,18.0,1391.5,11.0
исторические данные,31.0,26.25,15.5,1085.0,10.0
дикие бизоны,31.0,23.5,15.5,966.0,11.0
исторические данные,31.0,,,1085.5,10.0
прирученные бизоны,31.25,24.25,13.5,1302.5,14.0
дикие бизоны,31.25,24.25,16.0,1150.0,11.0
дикие бизоны,31.5,24.5,17.0,1217.0,11.0
прирученные бизоны,31.5,,19.5,1306.0,9.0
исторические данные,32.0,25.0,,1273.0,13.0
исторические данные,32.25,25.5,19.0,1486.5,12.0
исторические данные,,26.0,,1365.5,11.0
исторические данные,32.5,24.75,17.0,1276.0,11.0
исторические данные,32.5,24.75,,1207.5,10.0
прирученные бизоны,32.5,26.0,19.5,1281.0,10.0
исторические данные,32.5,,20.5,1427.5,13.0
исторические данные,32.5,25.5,17.5,1155.0,12.0
прирученные бизоны,,25.5,17.5,1350.0,10.0
исторические данные,32.5,26.25,19.0,1368.5,11.0
прирученные бизоны,33.0,26.5,,1431.0,10.0
исторические данные,33.0,25.5,18.0,1261.0,
прирученные бизоны,33.25,27.0,19.5,1764.0,11.0
прирученные бизоны,,25.5,15.5,1278.0,11.0
исторические данные,33.5,27.0,19.5,1217.0,
прирученные бизоны,33.5,27.0,20.0,1460.0,9.0
прирученные бизоны,33.75,26.75,18.5,1557.5,11.0
исторические данные,33.75,25.5,17.0,1527.0,11.0
прирученные бизоны,33.75,,19.5,1498.5,9.0
исторические данные,,27.500000000000004,19.0,1885.0,10.0
исторические данные,34.25,26.75,17.5,1432.0,11.0
исторические данные,35.25,27.500000000000004,21.0,1438.5,11.0
прирученные бизоны,35.25,26.5,17.0,1564.0,10.0
исторические данные,35.5,27.750000000000004,17.5,2140.0,11.0
прирученные бизоны,,28.000000000000004,18.5,1792.0,11.0
исторические данные,39.0,,21.0,2548.0,11.0
дикие бизоны,11.75,6.5,7.5,158.5,5.0
дикие бизоны,17.5,12.5,10.0,401.5,7.0
дикие бизоны,18.0,12.5,11.5,465.0,7.0
дикие бизоны,,14.000000000000002,9.5,288.5,7.0
прирученные бизоны,19.0,,11.5,647.5,7.0
исторические данные,21.5,15.5,13.0,648.5,9.0
дикие бизоны,23.25,18.0,10.5,452.0,9.0
дикие бизоны,23.5,17.75,12.0,491.5,9.0
прирученные бизоны,24.25,18.25,,914.5,7.0
исторические данные,24.75,18.75,15.5,976.0,9.0
дикие бизоны,25.0,19.75,14.499999999999998,786.5,8.0
исторические данные,25.25,20.0,15.0,775.0,7.0
дикие бизоны,25.5,18.75,,841.5,10.0
исторические данные,25.5,19.0,13.5,681.0,9.0
исторические данные,25.75,18.5,,614.5,9.0
прирученные бизоны,27.500000000000004,20.75,18.0,1165.5,9.0
прирученные бизоны,28.749999999999996,21.0,19.0,1764.0,10.0
исторические данные,,,16.0,1121.5,10.0
исторические данные,30.75,25.25,16.5,1167.0,10.0
исторические данные,30.75,23.75,,1037.5,9.0
исторические данные,31.25,24.0,,1223.0,10.0
исторические данные,31.25,,15.0,1124.0,9.0
прирученные бизоны,31.75,25.25,17.0,1263.5,9.0
прирученные бизоны,32.5,26.25,16.5,1238.0,
прирученные бизоны,32.5,25.0,17.0,1404.5,11.0
прирученные бизоны,33.5,26.25,19.5,1370.0,12.0
прирученные бизоны,34.75,26.25,20.5,1818.5,13.0
прирученные бизоны,35.25,27.750000000000004,,1752.5,12.0
дикие бизоны,13.750000000000002,10.25,6.5,101.0,5.0
дикие бизоны,14.249999999999998,10.25,7.000000000000001,106.0,5.0
дикие бизоны,18.0,13.25,,186.5,7.0
дикие бизоны,19.25,14.499999999999998,10.0,257.5,6.0
дикие бизоны,20.0,15.75,10.0,322.5,6.0
дикие бизоны,,16.5,,320.0,7.0
дикие бизоны,21.75,18.75,11.0,415.5,8.0
дикие бизоны,,,,393.5,7.0
дикие бизоны,23.75,17.75,,477.5,8.0
дикие бизоны,23.75,18.0,11.0,452.0,8.0
дикие бизоны,24.25,18.5,14.000000000000002,506.49999999999994,8.0
дикие бизоны,25.5,19.75,,552.5,8.0
дикие бизоны,25.75,19.5,12.0,565.0,9.0
дикие бизоны,,20.5,14.000000000000002,699.0,10.0
дикие бизоны,26.25,20.0,14.000000000000002,605.5,9.0
исторические данные,26.5,21.25,15.5,790.5,9.0
исторические данные,26.5,21.25,13.0,702.0,9.0
исторические данные,26.5,21.0,,675.0,
дикие бизоны,26.5,,11.5,475.0,8.0
дикие бизоны,26.5,20.5,15.0,612.0,11.0
дикие бизоны,26.75,20.0,14.499999999999998,705.0,10.0
дикие бизоны,26.75,,13.5,728.0,9.0
прирученные бизоны,,22.0,14.000000000000002,846.0,10.0
исторические данные,27.750000000000004,23.0,16.0,860.0,10.0
исторические данные,28.000000000000004,23.25,14.499999999999998,887.5,9.0
прирученные бизоны,28.000000000000004,21.5,14.499999999999998,898.0,
дикие бизоны,28.249999999999996,21.5,12.5,654.5,9.0
дикие бизоны,28.749999999999996,22.5,,795.0,10.0
исторические данные,28.749999999999996,23.25,12.0,1053.5,9.0
прирученные бизоны,28.749999999999996,23.0,15.0,927.0,9.0
дикие бизоны,28.999999999999996,21.0,14.000000000000002,701.0,9.0
исторические данные,28.999999999999996,22.5,15.5,827.5,8.0
прирученные бизоны,29.25,21.0,15.5,984.5,13.0
исторические данные,29.25,23.5,14.499999999999998,956.5,9.0
дикие бизоны,29.5,,12.5,860.0,9.0
исторические данные,29.75,24.0,18.5,1178.5,10.0
исторические данные,,24.0,18.5,1220.5,10.0
исторические данные,,22.75,13.0,968.5,10.0
прирученные бизоны,31.0,25.0,,1107.0,11.0
дикие бизоны,31.0,24.0,18.0,1130.5,12.0
исторические данные,31.0,24.0,15.5,1255.5,11.0
исторические данные,,24.75,,1177.0,9.0
исторические данные,31.25,25.0,18.5,1242.5,10.0
исторические данные,31.5,24.5,,1090.0,12.0
прирученные бизоны,31.5,,15.0,1072.0,8.0
прирученные бизоны,32.25,25.5,15.5,1129.0,10.0
прирученные бизоны,32.5,25.25,17.5,1207.5,10.0
прирученные бизоны,32.5,24.75,,1227.0,11.0
прирученные бизоны,32.75,26.0,,1472.0,13.0
прирученные бизоны,33.25,26.25,18.0,1578.5,14.0
исторические данные,33.5,26.0,17.5,1475.5,10.0
исторические данные,33.75,27.0,17.5,1554.5,12.0
прирученные бизоны,33.75,27.0,21.0,1593.0,11.0
исторические данные,34.75,28.999999999999996,20.0,1899.5,13.0
прирученные бизоны,34.75,26.75,17.5,1361.0,10.0
прирученные бизоны,35.25,28.000000000000004,17.0,1457.5,11.0
исторические данные,37.0,28.999999999999996,20.5,2381.0,12.0
дикие бизоны,,7.75,4.5,49.5,3.0
дикие бизоны,15.25,11.5,7.5,145.5,
дикие бизоны,,11.5,,129.0,7.0
дикие бизоны,17.75,13.5,10.0,225.5,7.0
исторические данные,,15.25,11.0,359.0,9.0
дикие бизоны,21.25,15.5,9.5,350.5,8.0
прирученные бизоны,22.5,,11.5,588.5,8.0
исторические данные,25.75,19.25,13.0,623.0,10.0
прирученные бизоны,26.0,18.75,,537.5,8.0
дикие бизоны,26.25,20.0,12.5,565.5,8.0
исторические данные,27.750000000000004,22.25,,862.5,9.0
прирученные бизоны,30.5,24.5,17.0,1137.0,12.0
дикие бизоны,17.5,13.0,9.5,221.0,8.0
дикие бизоны,19.0,13.750000000000002,,242.5,6.0
дикие бизоны,23.0,17.0,10.0,386.0,8.0
исторические данные,,17.75,12.0,531.5,8.0
исторические данные,23.75,19.25,12.0,562.0,8.0
исторические данные,,22.25,,836.0,9.0
исторические данные,28.499999999999996,22.5,14.000000000000002,927.5,8.0
исторические данные,28.499999999999996,22.0,14.499999999999998,881.5,
исторические данные,,23.0,15.5,1030.0,10.0
прирученные бизоны,30.25,24.0,17.5,1168.5,9.0
прирученные бизоны,30.75,22.75,13.5,1059.0,9.0
исторические данные,31.0,23.0,17.0,1127.0,7.0
исторические данные,31.25,23.5,17.0,1166.5,11.0
прирученные бизоны,,26.0,18.5,1541.0,10.0
исторические данные,34.0,27.0,19.5,1782.5,11.0
исторические данные,34.0,26.0,17.5,1543.0,11.0
прирученные бизоны,35.5,27.750000000000004,17.0,1470.0,12.0
исторические данные,25.0,19.25,12.0,633.5,14.0
прирученные бизоны,27.250000000000004,21.0,17.5,754.0,10.0
прирученные бизоны,23.0,18.25,11.5,448.5,14.0
исторические данные,,,15.0,810.5,11.0
исторические данные,,,7.5,220.0,
прирученные бизоны,21.25,,,442.5,7.0
исторические данные,20.5,16.25,10.0,355.5,9.0
дикие бизоны,8.5,5.25,3.5000000000000004,34.0,4.0
дикие бизоны,,12.5,9.5,185.0,8.0
исторические данные,26.0,21.25,12.5,790.0,8.0
прирученные бизоны,26.5,20.5,14.499999999999998,825.5,9.0
исторические данные,25.0,21.0,12.5,620.0,11.0
прирученные бизоны,30.75,23.75,14.499999999999998,952.5,9.0
исторические данные,28.749999999999996,,16.0,955.0,16.0
исторические данные,,22.5,15.5,910.0,14.0
исторические данные,22.75,17.5,10.5,416.0,11.0
дикие бизоны,18.5,13.750000000000002,,204.5,6.0
исторические данные,22.25,18.5,,515.0,9.0
прирученные бизоны,33.75,26.75,22.0,1604.0,14.0
исторические данные,,15.0,11.5,343.5,6.0
прирученные бизоны,18.75,14.75,11.0,300.5,7.0
исторические данные,28.000000000000004,22.0,13.0,825.5,10.0
исторические данные,27.500000000000004,20.5,15.0,785.0,12.0
прирученные бизоны,28.499999999999996,23.25,15.5,968.5,9.0
прирученные бизоны,24.25,20.0,15.5,731.0,11.0
исторические данные,20.5,,11.5,440.5,8.0
дикие бизоны,16.75,12.75,,178.5,9.0
исторические данные,,25.75,20.0,1373.0,16.0
прирученные бизоны,28.249999999999996,22.5,16.5,976.5,12.0
прирученные бизоны,,22.0,19.0,1018.0,9.0
прирученные бизоны,27.500000000000004,23.25,15.0,1082.0,14.0
прирученные бизоны,31.5,23.75,,1423.0,14.0
исторические данные,23.75,18.5,,655.0,10.0
прирученные бизоны,32.75,,18.0,1415.5,18.0
дикие бизоны,16.0,11.75,,138.5,5.0
исторические данные,26.25,19.75,16.5,782.0,19.0
прирученные бизоны,26.25,21.5,16.5,717.0,10.0
прирученные бизоны,25.0,19.5,,635.5,15.0
прирученные бизоны,22.0,17.0,,397.5,8.0
прирученные бизоны,,19.25,,656.0,9.0
исторические данные,27.250000000000004,22.0,16.5,744.0,15.0
прирученные бизоны,22.5,18.0,,447.0,12.0
прирученные бизоны,25.75,20.0,11.5,578.0,9.0
дикие бизоны,16.5,12.5,7.5,140.5,5.0
прирученные бизоны,26.25,20.5,,708.0,12.0
исторические данные,14.75,11.25,9.0,138.5,9.0
исторические данные,27.250000000000004,22.5,16.0,861.5,16.0
прирученные бизоны,32.25,25.0,,1626.0,15.0
исторические данные,22.5,17.75,11.5,478.0,10.0
прирученные бизоны,30.5,24.5,17.0,1177.5,15.0
дикие бизоны,19.0,15.0,10.0,286.0,7.0
прирученные бизоны,28.249999999999996,22.75,13.0,1058.0,10.0
прирученные бизоны,33.5,27.250000000000004,16.0,1541.5,15.0
исторические данные,,,12.0,817.0,10.0
дикие бизоны,14.499999999999998,11.25,7.5,152.0,
дикие бизоны,20.5,16.5,10.5,335.0,7.0
прирученные бизоны,23.0,18.75,,491.5,7.0
прирученные бизоны,28.000000000000004,22.0,15.5,970.5,9.0
прирученные бизоны,28.749999999999996,22.5,10.0,931.5,12.0
исторические данные,,25.0,20.0,1221.0,12.0
исторические данные,25.75,20.0,,736.5,16.0
прирученные бизоны,28.000000000000004,23.0,18.0,970.0,12.0
прирученные бизоны,25.0,20.0,,808.5,13.0
дикие бизоны,21.75,17.75,12.5,407.5,9.0
исторические данные,24.75,19.0,13.5,629.5,12.0
прирученные бизоны,,,18.0,1053.0,13.0
исторические данные,38.0,28.749999999999996,19.0,1829.0,14.0
прирученные бизоны,30.75,25.0,16.5,1176.5,17.0
прирученные бизоны,28.249999999999996,23.0,15.0,876.5,10.0
дикие бизоны,,5.25,3.5000000000000004,14.5,4.0
исторические данные,22.25,17.25,14.000000000000002,476.0,15.0
прирученные бизоны,26.25,21.5,,813.0,12.0
дикие бизоны,8.0,6.0,2.0,18.0,4.0
исторические данные,,24.0,23.5,1064.0,16.0
исторические данные,28.749999999999996,23.5,16.5,853.0,16.0
исторические данные,19.0,,9.5,219.0,6.0
исторические данные,12.25,9.0,6.5,63.5,4.0
дикие бизоны,,19.5,15.0,627.5,13.0
дикие бизоны,22.75,18.25,,441.0,9.0
прирученные бизоны,,18.75,12.5,458.0,10.0
исторические данные,22.75,17.75,13.5,474.5,13.0
дикие бизоны,,13.5,10.0,216.0,10.0
дикие бизоны,26.0,20.25,,676.5,15.0
дикие бизоны,27.0,20.0,14.499999999999998,757.0,11.0
дикие бизоны,26.0,19.5,14.000000000000002,732.5,19.0
дикие бизоны,28.000000000000004,22.25,16.5,1028.5,11.0
прирученные бизоны,26.0,20.5,16.0,712.0,10.0
дикие бизоны,30.75,23.0,19.0,1066.0,13.0
прирученные бизоны,32.25,24.5,19.0,1306.5,18.0
дикие бизоны,28.249999999999996,21.5,13.5,854.5,11.0
исторические данные,,11.5,,125.0,8.0
исторические данные,18.75,,9.5,222.5,10.0
дикие бизоны,26.25,20.0,14.000000000000002,695.5,10.0
исторические данные,19.75,14.000000000000002,8.0,266.0,12.0
прирученные бизоны,25.0,20.0,16.5,710.5,20.0
прирученные бизоны,23.5,17.5,11.5,487.0,8.0
дикие бизоны,28.999999999999996,21.0,16.0,728.0,14.0
дикие бизоны,,,15.5,667.5,12.0
дикие бизоны,36.25,27.500000000000004,22.0,2049.5,10.0
прирученные бизоны,32.5,25.75,21.5,1498.0,
прирученные бизоны,33.5,26.75,,1597.0,21.0
дикие бизоны,27.500000000000004,22.0,16.5,860.5,17.0
прирученные бизоны,24.5,18.5,,541.0,11.0
дикие бизоны,11.75,9.0,6.0,58.0,6.0
дикие бизоны,,,8.0,64.5,5.0
исторические данные,26.0,20.5,11.5,770.0,11.0
прирученные бизоны,23.75,20.0,11.5,541.0,13.0
исторические данные,26.5,,11.0,739.0,13.0
прирученные бизоны,17.5,13.750000000000002,6.5,205.0,10.0
исторические данные,27.750000000000004,21.0,,869.5,14.0
исторические данные,25.25,19.5,10.5,655.5,11.0
прирученные бизоны,27.0,22.0,16.0,1090.5,15.0
прирученные бизоны,26.25,,11.5,629.5,11.0
исторические данные,27.500000000000004,22.5,,1098.5,14.0
исторические данные,27.500000000000004,22.0,16.0,991.0,20.0
дикие бизоны,11.75,8.75,6.5,61.5,6.0
исторические данные,,20.5,16.5,800.5,13.0
исторические данные,23.75,,14.000000000000002,617.5,16.0
прирученные бизоны,26.5,20.0,16.5,772.0,12.0
прирученные бизоны,26.25,20.75,15.0,715.5,13.0
прирученные бизоны,26.5,21.25,13.0,717.0,13.0
прирученные бизоны,23.25,19.5,11.0,635.5,13.0
дикие бизоны,15.75,11.75,8.0,180.0,5.0
дикие бизоны,23.25,17.75,12.0,580.5,8.0
исторические данные,24.25,19.25,10.5,556.0,7.0
дикие бизоны,,19.25,,591.0,9.0
прирученные бизоны,25.75,19.75,14.000000000000002,686.0,12.0
прирученные бизоны,27.750000000000004,22.0,15.5,1016.0,10.0
прирученные бизоны,30.5,25.0,18.0,1438.0,9.0
прирученные бизоны,34.0,,19.0,1807.0,11.0
исторические данные,34.5,27.500000000000004,19.5,1777.0,11.0
исторические данные,34.75,27.500000000000004,20.5,2173.0,10.0
прирученные бизоны,36.0,28.749999999999996,19.5,2150.5,10.0
дикие бизоны,13.5,10.25,7.5,118.0,4.0
дикие бизоны,13.5,9.5,6.0,99.0,5.0
дикие бизоны,14.75,11.0,7.000000000000001,136.5,6.0
дикие бизоны,14.75,11.0,6.5,129.5,6.0
дикие бизоны,15.75,11.5,,164.0,6.0
дикие бизоны,18.75,,,287.5,6.0
дикие бизоны,19.0,15.0,,277.0,6.0
дикие бизоны,19.25,14.249999999999998,9.0,248.0,6.0
дикие бизоны,20.0,14.75,9.5,252.0,6.0
исторические данные,20.75,15.75,12.0,401.5,8.0
дикие бизоны,20.75,16.5,10.0,390.5,7.0
дикие бизоны,21.0,16.0,11.5,409.0,8.0
дикие бизоны,22.0,,13.5,409.5,6.0
дикие бизоны,22.5,17.5,13.5,494.0,7.0
дикие бизоны,23.75,17.5,,490.5,
исторические данные,24.25,19.5,12.0,599.0,8.0
исторические данные,24.75,18.75,,624.5,6.0
прирученные бизоны,26.25,20.5,11.5,774.5,7.0
исторические данные,28.249999999999996,,15.0,979.5,8.0
дикие бизоны,28.999999999999996,21.75,15.0,891.5,6.0
прирученные бизоны,29.25,22.5,12.5,874.0,6.0
исторические данные,30.0,23.25,15.5,1262.0,10.0
исторические данные,,24.0,18.5,1210.0,11.0
прирученные бизоны,32.25,,17.0,1370.0,10.0
прирученные бизоны,32.75,27.250000000000004,18.5,1759.0,11.0
исторические данные,33.25,25.75,16.5,1385.5,8.0
прирученные бизоны,,,19.5,1806.5,11.0
исторические данные,33.5,25.5,20.0,1594.5,10.0
исторические данные,34.25,,18.0,1454.5,9.0
исторические данные,35.0,30.0,23.0,2003.0,10.0
исторические данные,36.0,30.0,23.5,2238.5,12.0
дикие бизоны,,6.75,4.5,32.0,
дикие бизоны,12.25,8.75,5.5,78.5,5.0
дикие бизоны,15.75,11.5,0.0,134.0,6.0
дикие бизоны,18.0,13.5,9.0,207.5,6.0
дикие бизоны,,14.000000000000002,8.0,223.5,6.0
дикие бизоны,20.75,15.5,,340.0,6.0
дикие бизоны,22.75,17.5,13.5,536.5,7.0
дикие бизоны,,17.5,,635.0,6.0
дикие бизоны,24.25,,12.5,562.0,8.0
дикие бизоны,,19.5,12.5,597.0,8.0
исторические данные,26.0,19.75,,581.5,10.0
прирученные бизоны,,21.5,14.000000000000002,754.5,9.0
исторические данные,29.25,23.25,15.0,980.0,9.0
прирученные бизоны,29.25,23.0,15.0,1003.5000000000001,11.0
исторические данные,,22.75,15.5,1133.0,12.0
исторические данные,30.5,24.5,16.0,1146.0,8.0
исторические данные,30.5,23.75,15.0,1142.0,9.0
исторические данные,30.75,,17.0,1120.0,9.0
прирученные бизоны,31.0,23.25,14.000000000000002,1010.9999999999999,8.0
исторические данные,31.25,25.25,,1131.0,8.0
исторические данные,31.25,24.0,,1065.0,10.0
исторические данные,,24.0,14.499999999999998,1181.0,10.0
прирученные бизоны,32.0,26.25,17.5,1382.0,9.0
исторические данные,33.0,25.25,19.0,1438.5,11.0
исторические данные,33.0,24.25,15.5,1227.5,8.0
исторические данные,,25.75,15.5,1441.5,10.0
прирученные бизоны,34.0,27.500000000000004,17.5,1473.0,11.0
прирученные бизоны,34.5,28.999999999999996,19.5,1658.0,10.0
исторические данные,,27.250000000000004,19.5,1747.5,11.0
дикие бизоны,13.750000000000002,10.0,7.000000000000001,96.0,6.0
дикие бизоны,16.5,12.25,6.5,144.5,6.0
дикие бизоны,16.5,13.0,8.5,196.5,7.0
дикие бизоны,18.25,14.000000000000002,9.0,196.0,7.0
дикие бизоны,18.25,13.5,9.0,215.5,6.0
дикие бизоны,21.0,15.5,10.0,280.5,8.0
дикие бизоны,21.75,16.75,11.0,334.0,7.0
дикие бизоны,21.75,16.25,10.0,366.0,
дикие бизоны,22.0,16.25,11.0,496.5,8.0
дикие бизоны,24.25,,9.0,651.0,8.0
дикие бизоны,24.75,19.25,12.5,512.5,10.0
исторические данные,25.5,20.25,12.5,692.5,7.0
дикие бизоны,26.0,,14.000000000000002,599.5,11.0
дикие бизоны,27.0,21.0,14.000000000000002,740.0,8.0
дикие бизоны,27.0,20.75,15.5,702.0,10.0
дикие бизоны,,22.25,12.5,672.0,11.0
дикие бизоны,28.000000000000004,22.0,15.5,811.0,11.0
прирученные бизоны,28.749999999999996,22.5,,958.5,12.0
дикие бизоны,28.749999999999996,22.5,,858.0,
прирученные бизоны,28.749999999999996,23.0,16.5,957.5,10.0
прирученные бизоны,28.999999999999996,23.0,13.5,926.0,8.0
прирученные бизоны,28.999999999999996,21.25,15.5,873.0,10.0
исторические данные,29.5,22.5,16.0,998.0,9.0
исторические данные,30.0,23.0,15.5,665.5,11.0
исторические данные,,24.25,14.499999999999998,1002.9999999999999,11.0
прирученные бизоны,31.25,24.75,,1234.0,13.0
исторические данные,,24.75,15.5,1025.0,9.0
исторические данные,31.25,24.75,17.5,1293.5,9.0
исторические данные,31.25,25.0,,1056.5,10.0
исторические данные,31.25,,14.499999999999998,1785.5,13.0
прирученные бизоны,31.25,24.25,16.5,1225.5,10.0
прирученные бизоны,31.75,25.0,18.0,1256.5,10.0
прирученные бизоны,32.25,25.0,15.0,1159.0,9.0
исторические данные,32.25,25.5,16.5,1403.0,11.0
прирученные бизоны,34.5,,18.5,1826.0,11.0
прирученные бизоны,34.75,28.000000000000004,18.5,1771.5,10.0
исторические данные,25.75,19.5,12.0,612.5,8.0
дикие бизоны,27.250000000000004,20.25,13.0,658.0,8.0
исторические данные,31.0,23.25,14.499999999999998,911.0,10.0
исторические данные,,24.5,15.0,1195.5,9.0
прирученные бизоны,,25.75,16.0,1336.0,11.0
прирученные бизоны,32.0,24.5,18.0,1360.0,9.0
дикие бизоны,18.5,13.750000000000002,8.0,232.5,6.0
дикие бизоны,19.75,15.5,8.5,317.0,7.0
дикие бизоны,20.0,,,318.0,6.0
дикие бизоны,20.5,15.25,10.0,264.5,7.0
дикие бизоны,22.75,16.75,,405.5,8.0
дикие бизоны,24.0,16.75,12.5,524.0,7.0
дикие бизоны,24.25,18.75,11.0,464.0,8.0
дикие бизоны,25.0,18.0,12.0,439.0,8.0
дикие бизоны,,19.75,12.5,580.5,9.0
дикие бизоны,26.0,20.0,14.000000000000002,622.0,8.0
исторические данные,27.250000000000004,22.5,15.0,780.5,8.0
дикие бизоны,27.250000000000004,,14.000000000000002,772.0,8.0
дикие бизоны,27.500000000000004,21.75,,741.0,9.0
исторические данные,27.500000000000004,21.5,18.0,826.5,10.0
исторические данные,27.500000000000004,19.25,13.0,727.5,8.0
дикие бизоны,27.750000000000004,21.5,12.5,700.5,8.0
исторические данные,28.000000000000004,22.5,14.499999999999998,935.5,11.0
дикие бизоны,28.249999999999996,23.25,15.0,1181.5,9.0
исторические данные,,22.25,16.0,1014.5,10.0
прирученные бизоны,28.749999999999996,24.0,17.0,1100.0,10.0
исторические данные,29.25,25.5,,1218.0,11.0
исторические данные,29.5,22.5,15.5,874.0,8.0
дикие бизоны,29.75,23.75,15.5,984.0,10.0
исторические данные,30.0,,13.0,1010.5,9.0
исторические данные,30.5,18.25,15.5,1076.5,9.0
исторические данные,30.75,23.75,20.5,1337.0,11.0
исторические данные,31.25,25.0,18.0,1370.5,12.0
прирученные бизоны,31.25,24.5,19.0,1701.5,11.0
исторические данные,31.5,,18.0,1243.5,11.0
исторические данные,31.5,26.5,,1413.5,13.0
прирученные бизоны,31.75,24.25,15.5,1073.0,11.0
прирученные бизоны,31.75,25.0,,1477.0,12.0
исторические данные,31.75,25.0,,1291.5,9.0
прирученные бизоны,32.5,24.75,,1310.5,9.0
исторические данные,33.5,26.25,18.0,1491.5,9.0
прирученные бизоны,33.75,26.0,17.5,1494.0,9.0
прирученные бизоны,33.75,25.5,,1196.5,11.0
исторические данные,34.0,,18.5,1672.0,11.0
исторические данные,35.0,27.250000000000004,21.5,1912.5,10.0
прирученные бизоны,35.5,27.250000000000004,17.5,1907.0,11.0
прирученные бизоны,35.75,28.249999999999996,18.0,1790.0,9.0
прирученные бизоны,36.0,29.5,20.5,1749.5,11.0
дикие бизоны,21.0,15.25,10.0,341.5,7.0
дикие бизоны,,17.5,10.0,519.0,7.0
исторические данные,24.0,18.25,13.0,530.5,8.0
исторические данные,25.5,20.5,15.5,1282.5,9.0
дикие бизоны,25.75,20.0,,716.5,8.0
прирученные бизоны,28.000000000000004,21.0,18.0,1664.5,
дикие бизоны,28.000000000000004,21.0,,837.0,8.0
прирученные бизоны,28.499999999999996,22.5,15.0,964.5,9.0
прирученные бизоны,30.25,23.25,15.5,1100.0,10.0
исторические данные,31.25,24.0,16.0,1241.5,
прирученные бизоны,32.0,25.25,17.5,1318.5,9.0
исторические данные,32.5,26.25,18.5,1345.5,9.0
дикие бизоны,15.0,10.75,5.0,118.5,4.0
исторические данные,,13.25,,197.0,7.0
дикие бизоны,22.75,17.5,13.0,472.5,9.0
дикие бизоны,23.0,18.25,11.0,449.5,8.0
дикие бизоны,24.5,,11.5,557.0,8.0
дикие бизоны,25.0,19.25,12.0,516.0,8.0
дикие бизоны,27.0,20.75,,709.0,9.0
исторические данные,27.500000000000004,21.0,14.499999999999998,738.5,11.0
дикие бизоны,27.500000000000004,22.25,11.0,793.5,10.0
исторические данные,27.750000000000004,21.75,14.499999999999998,920.5,8.0
дикие бизоны,28.499999999999996,21.25,14.000000000000002,765.5,10.0
исторические данные,28.999999999999996,22.5,14.000000000000002,824.0,10.0
дикие бизоны,28.999999999999996,,14.499999999999998,830.0,11.0
дикие бизоны,29.25,,17.0,985.0,10.0
исторические данные,,22.5,15.0,997.0,11.0
прирученные бизоны,29.75,22.75,,914.0,9.0
прирученные бизоны,30.0,25.0,17.0,1130.0,11.0
прирученные бизоны,30.75,24.75,15.5,1080.5,9.0
исторические данные,,25.25,15.5,1105.0,11.0
исторические данные,31.5,24.5,15.5,1229.0,11.0
прирученные бизоны,31.75,24.75,17.5,1235.5,10.0
прирученные бизоны,32.25,26.75,19.0,1239.5,10.0
прирученные бизоны,32.5,25.25,16.5,1357.0,
исторические данные,32.75,26.25,18.0,1402.0,13.0
прирученные бизоны,32.75,,22.0,1359.0,13.0
исторические данные,33.5,26.75,,1669.0,11.0
исторические данные,33.5,26.25,20.0,1740.5,11.0
исторические данные,34.75,26.5,21.0,1510.0,10.0
исторические данные,34.75,,,1664.5,11.0
исторические данные,38.5,30.25,,2050.5,11.0
дикие бизоны,14.000000000000002,10.75,,124.0,6.0
дикие бизоны,16.5,11.5,8.0,140.0,7.0
дикие бизоны,17.5,12.5,,169.5,6.0
дикие бизоны,18.5,14.000000000000002,9.0,218.0,7.0
дикие бизоны,21.5,15.75,11.5,384.0,8.0
дикие бизоны,21.75,16.5,9.5,393.0,6.0
дикие бизоны,22.0,17.5,11.0,380.5,6.0
исторические данные,23.75,18.5,,489.5,8.0
исторические данные,23.75,18.0,14.000000000000002,513.5,8.0
дикие бизоны,24.0,17.75,11.0,449.5,8.0
прирученные бизоны,28.000000000000004,22.0,13.5,802.5,9.0
прирученные бизоны,29.25,23.75,16.5,1053.0,11.0
прирученные бизоны,29.25,22.75,17.0,994.5,11.0
исторические данные,19.25,12.75,,317.5,8.0
дикие бизоны,19.5,15.5,8.5,344.0,7.0
дикие бизоны,19.5,14.499999999999998,10.0,284.5,7.0
дикие бизоны,20.25,,8.5,303.5,7.0
дикие бизоны,23.75,,11.5,499.0,10.0
исторические данные,25.0,19.0,12.5,577.0,9.0
прирученные бизоны,,20.0,12.5,615.0,8.0
исторические данные,26.0,19.25,16.5,791.0,10.0
исторические данные,27.500000000000004,21.5,13.0,839.5,10.0
исторические данные,28.000000000000004,21.5,15.5,867.5,8.0
прирученные бизоны,28.249999999999996,22.5,16.5,887.0,11.0
исторические данные,29.5,22.0,,966.0,
исторические данные,30.0,23.75,20.5,1176.0,9.0
прирученные бизоны,31.25,24.25,15.0,1094.5,10.0
исторические данные,35.5,27.750000000000004,19.5,1948.5,
