surv_time (day);fire_blessing;hollow_age;body_mass;blood_curse;hollow_affinity;dark_consumption;vitality;previous_treatment;early_dark_signs;prior_dark_exposure;prior_fire_exposure;origin;sex;hollow_mark;curse_stage;curse_symptoms;fire_treatment;treatment_end;humanity_before;humanity_mid;dark_resistance_before;dark_resistance_mid;is_dead?
948.0;2;48;89.8128;-;-;-;100.0;-;-;+;0;-;female;-;1;-;+;-;422;477;566;324;0
1002.0;3;61;49.4424;-;-;-;90.0;-;+;+;895;-;female;+;3;-;+;-;162;218;392;564;1
961.0;3;45;88.452;-;+;+;90.0;-;+;+;707;-;male;+;3;-;+;+;326;274;2063;1893;0
1166.0;3;47;85.2768;-;+;-;100.0;-;+;+;1399;-;male;+;3;-;+;-;287;394;1590;966;0
1090.0;0;43;66.6792;-;+;-;100.0;-;+;+;1352;-;male;+;3;-;-;-;504;353;870;782;0
1181.0;1;46;88.9056;-;+;+;100.0;-;+;+;1181;-;male;+;3;-;+;-;235;339;860;1060;0
794.0;0;31;73.0296;-;+;-;100.0;-;+;+;930;-;male;+;3;-;-;-;244;225;708;699;1
957.0;0;41;66.2256;-;+;+;100.0;-;+;+;1329;-;male;+;3;-;-;-;401;366;889;720;0
;3;40;82.5552;-;+;-;90.0;-;+;+;1074;-;male;+;3;+;+;+;214;107;652;131;1
188.0;0;35;78.0192;-;+;-;100.0;-;+;+;964;-;male;+;3;-;-;+;221;132;221;759;1
1073.0;2;34;95.256;-;-;-;100.0;-;+;+;897;+;female;+;3;-;+;-;471;468;770;620;1
1175.0;3;38;76.4316;-;+;-;100.0;-;+;+;461;-;male;+;3;-;+;-;340;230;660;510;0
1203.0;2;25;68.04;-;+;-;90.0;-;+;+;852;-;male;+;3;-;+;-;540;590;1590;1330;0
1065.0;1;34;62.8236;-;+;-;90.0;-;+;+;342;-;male;+;2;-;+;+;212;190;1094;1180;0
;2;49;79.38;-;+;-;90.0;-;+;+;402;-;male;+;3;-;+;+;120;140;800;1090;1
308.0;0;40;83.0088;-;+;-;100.0;-;+;+;974;-;male;+;3;+;-;-;150;90;1730;1160;1
1062.0;0;27;67.3;-;-;+;90.0;-;+;+;875;-;female;+;3;-;-;-;350;440;750;990;0
1069.0;2;46;63.8;-;+;-;100.0;-;+;+;881;-;male;+;3;-;+;+;330;320;820;630;0
322.0;1;47;94.0;-;+;-;100.0;-;+;+;1421;-;male;+;3;-;+;+;180;200;710;830;1
;2;34;60.3288;-;-;-;100.0;-;+;+;854;+;female;+;3;-;+;-;233;240;1462;1170;0
1154.0;3;40;58.0608;-;+;+;100.0;-;+;+;1053;-;male;+;3;-;+;-;320;300;830;620;0
1231.0;2;39;67.1328;-;-;+;100.0;-;+;+;1057;-;female;+;3;-;+;-;470;590;950;930;0
588.0;1;30;64.5;-;+;-;90.0;-;+;+;837;-;male;+;3;+;+;+;230;90;1490;550;1
1182.0;3;44;75.0;-;-;-;100.0;-;+;+;729;-;male;+;3;-;+;-;400;380;990;910;0
644.0;3;38;62.9;-;-;-;100.0;-;+;+;635;-;female;+;3;-;+;-;344;210;735;690;1
486.0;1;39;75.0;-;+;-;100.0;-;+;+;918;-;male;+;3;-;+;-;421;461;1158;1589;1
1066.0;2;35;81.3;-;+;-;100.0;-;+;+;882;-;male;+;3;-;+;+;227;288;1115;605;0
1192.0;0;28;70.0;-;+;-;100.0;-;+;+;886;-;male;+;3;-;-;-;357;314;1994;1000;0
227.0;0;33;64.1;-;+;-;100.0;-;+;+;1306;-;male;+;3;-;-;-;486;287;2400;2265;1
318.0;3;40;55.566;-;-;-;100.0;-;+;+;406;+;female;+;3;-;+;-;238;193;1311;1069;1
1093.0;2;36;81.6;-;+;+;100.0;-;+;+;86;-;male;+;2;+;+;+;236;290;634;711;0
1119.0;2;40;70.0;-;-;-;100.0;-;-;+;0;-;female;-;1;+;+;+;407;348;1048;1039;0
434.0;3;34;69.6;-;+;-;80.0;-;+;+;281;-;male;+;2;-;+;-;257;339;1063;546;1
1206.0;3;37;73.0;-;-;-;100.0;-;-;+;0;+;female;-;1;-;+;-;342;293;1459;1646;0
477.0;1;30;50.8;-;-;+;100.0;-;-;+;0;-;female;-;1;-;+;+;444;468;872;803;0
1074.0;1;38;87.0;-;+;+;90.0;-;+;+;67;-;male;+;2;+;+;+;496;465;2127;2753;0
1065.0;1;45;82.7;-;+;-;100.0;-;+;+;0;-;male;-;1;-;+;-;370;373;739;606;0
779.0;2;29;62.6;-;+;-;100.0;-;+;+;635;-;male;+;3;+;+;-;186;144;1962;818;1
1159.0;1;48;72.6;-;+;-;100.0;-;-;+;0;-;male;-;1;-;+;-;386;435;918;761;0
813.0;0;34;72.9;-;+;-;100.0;-;+;+;16;-;male;+;2;+;-;+;332;254;1571;1698;0
1087.0;3;27;87.0;-;+;-;;-;-;+;0;-;male;-;1;-;+;+;422;540;1056;1193;0
1014.0;3;37;69.0;-;+;-;100.0;-;-;+;0;-;male;-;1;+;+;-;393;340;923;605;1
1020.0;1;35;61.4;-;-;+;100.0;-;-;+;0;-;female;-;1;+;+;+;266;350;462;378;0
1139.0;1;49;87.2;-;+;-;100.0;-;+;+;853;-;male;+;3;-;+;-;454;284;1093;568;0
1145.0;0;34;75.7;-;+;-;;-;+;+;1379;-;male;+;3;-;-;-;416;426;991;1017;0
;1;33;77.8;-;+;-;100.0;-;+;+;512;-;male;+;3;-;+;-;293;294;1233;882;0
391.0;1;43;102.7;-;+;-;;-;+;+;672;-;male;+;3;+;+;+;224;101;1684;988;1
1002.0;1;30;63.3;-;+;-;100.0;-;-;+;0;-;male;-;1;+;+;-;331;360;691;547;0
232.0;1;24;67.7;-;+;-;90.0;-;-;+;0;-;male;-;1;-;+;-;253;114;729;559;1
987.0;3;67;71.0;-;+;-;100.0;-;-;+;0;-;male;-;1;+;+;-;307;376;975;931;1
1096.0;2;31;74.5;-;+;-;100.0;-;+;+;776;-;male;+;3;-;+;-;364;353;1371;1638;0
962.0;1;43;61.6;-;-;-;90.0;-;+;+;90;-;female;+;2;+;+;+;340;430;500;522;0
1089.0;3;39;77.5;-;+;-;80.0;-;+;+;35;-;male;+;2;-;+;-;293;260;730;604;0
1068.0;1;37;79.4;-;+;-;100.0;-;-;+;0;-;male;-;1;+;+;-;227;281;1285;827;0
1056.0;1;25;68.2668;-;+;-;90.0;-;-;+;0;-;male;-;1;-;+;-;601;709;1099;1073;0
998.0;1;50;88.9056;-;+;-;100.0;-;-;+;0;-;male;-;1;-;+;-;483;729;1208;1742;0
996.0;2;32;74.1636;-;+;-;100.0;-;-;+;0;-;male;-;1;-;+;-;470;416;940;818;0
995.0;1;40;74.48112;-;+;-;100.0;-;-;+;0;-;male;-;1;+;+;-;256;307;658;667;0
977.0;3;30;78.4728;-;+;-;100.0;-;-;+;0;-;male;-;1;-;+;-;389;355;654;397;0
727.0;1;26;92.62512;-;-;-;100.0;-;-;+;0;-;female;-;1;-;+;+;421;546;337;341;1
975.0;2;47;87.9984;-;+;-;100.0;-;-;+;0;-;male;-;1;-;+;-;204;494;936;869;0
958.0;3;29;72.8028;-;-;-;100.0;-;+;+;744;-;female;+;3;-;+;-;251;212;382;388;0
367.0;2;36;53.298;-;-;-;90.0;-;-;+;213;+;female;+;2;-;+;+;211;270;562;1283;0
513.0;1;29;100.2456;-;+;-;100.0;-;-;+;0;-;male;-;1;-;+;+;199;396;922;2014;0
575.0;1;29;85.7304;-;-;-;100.0;-;-;+;0;-;male;-;1;+;+;-;158;302;725;1104;1
950.0;1;41;81.8748;-;-;+;90.0;-;-;+;0;+;male;-;1;-;+;-;209;569;1849;1947;0
802.0;2;33;70.62552;-;+;+;90.0;-;-;+;0;+;male;-;1;+;+;+;245;386;618;907;0
948.0;3;28;66.6792;-;+;-;100.0;-;-;+;0;-;male;-;1;-;+;-;499;605;447;682;0
950.0;2;27;80.15112;-;+;-;90.0;-;-;+;0;-;male;-;1;-;+;-;505;604;1964;1560;0
367.0;2;54;71.2;-;+;+;70.0;-;+;+;685;-;male;+;3;-;+;+;260;270;1830;1360;1
1073.0;0;41;81.6;-;-;+;90.0;-;+;+;784;-;male;+;3;-;-;+;210;210;810;710;0
811.0;3;36;85.5;-;+;-;90.0;-;+;+;1182;-;male;+;3;+;+;+;360;210;680;530;1
853.0;2;33;78.6;-;+;-;90.0;+;-;+;460;-;male;+;3;-;+;-;250;340;850;570;0
1223.0;1;35;64.0;-;+;+;90.0;-;+;+;28;-;male;+;2;+;+;-;410;510;990;1060;0
1214.0;0;48;59.0;-;-;+;100.0;-;+;+;163;+;male;+;2;-;-;-;430;390;1370;1780;0
1064.0;2;28;75.5;-;+;-;100.0;-;-;+;0;-;male;-;1;-;+;+;400;480;1250;1420;0
;3;39;72.7;-;+;-;;-;-;+;61;-;male;+;2;-;+;+;420;390;1320;1310;0
771.0;2;25;71.3;-;+;-;100.0;-;-;+;0;-;male;-;1;-;+;+;310;400;610;630;0
1230.0;3;36;99.792;-;-;-;90.0;-;+;+;477;+;male;+;3;-;+;-;510;450;1800;1100;0
1089.0;3;42;70.4;-;+;-;90.0;-;+;+;560;+;male;+;3;-;+;-;540;620;1870;1610;0
1127.0;0;33;104.0;-;-;+;;-;+;+;1739;-;female;+;3;-;-;+;770;420;520;490;0
1083.0;2;36;52.0;-;-;-;;-;+;+;667;+;female;+;3;-;+;-;430;300;1160;990;0
;2;39;54.5;-;-;+;100.0;-;+;+;1057;-;female;+;3;+;+;+;350;310;1270;1140;0
1138.0;2;28;58.6;-;+;-;100.0;-;+;+;890;-;male;+;3;-;+;-;470;590;1080;1090;0
1195.0;0;20;67.0;-;-;-;100.0;-;-;+;0;+;female;-;1;-;-;-;300;300;1310;1220;0
1185.0;0;27;80.0;-;-;-;100.0;-;+;+;1477;+;male;+;3;-;-;-;490;380;2040;1590;0
1085.0;2;39;61.0;-;-;+;80.0;-;+;+;166;-;female;+;2;-;+;+;210;290;940;1100;0
330.0;0;37;90.5;-;-;+;90.0;-;-;+;0;+;male;-;1;-;-;+;290;250;1200;1020;0
217.0;1;27;60.3;-;+;-;90.0;-;+;+;872;-;male;+;3;-;+;+;260;210;1480;1310;1
1137.0;0;31;72.5;-;-;+;90.0;-;+;+;54;+;male;+;2;-;-;-;420;400;400;420;0
1072.0;2;27;79.2;-;+;-;90.0;-;-;+;0;-;male;-;1;+;+;-;320;270;1020;700;0
1138.0;2;37;69.0;-;+;+;90.0;-;+;+;619;-;male;+;3;-;+;-;360;450;710;840;0
820.0;1;40;78.5;-;-;+;90.0;-;+;+;688;+;male;+;3;-;+;+;280;280;1130;910;0
1122.0;3;20;82.5;-;+;-;100.0;-;-;+;0;+;male;-;1;-;+;-;300;290;590;550;0
1104.0;2;31;73.0;-;-;-;90.0;-;+;+;189;+;female;+;2;+;+;-;240;220;1110;1090;0
1074.0;2;36;63.5;-;-;+;90.0;-;-;+;0;+;male;-;1;-;+;-;270;230;1690;1180;0
1039.0;0;37;67.5;-;-;+;90.0;-;-;+;0;+;female;-;1;+;-;-;360;400;780;690;0
813.0;0;22;69.0;-;-;-;;-;-;+;0;+;female;-;1;-;-;-;530;550;1070;850;1
561.0;0;34;86.6376;-;-;-;100.0;-;-;+;0;-;male;-;1;-;-;+;168;174;605;640;1
877.0;1;33;83.4624;-;+;-;100.0;-;+;+;306;-;male;+;2;-;+;-;272;257;842;758;1
;3;64;77.112;-;+;-;100.0;-;+;+;174;-;male;+;2;-;+;-;383;469;1430;1797;0
1209.0;2;41;79.8336;-;+;-;100.0;-;+;+;348;-;male;+;2;-;+;-;340;296;903;874;0
650.0;1;28;63.2772;-;+;-;90.0;-;-;+;0;-;male;-;1;-;+;-;319;402;1642;1230;1
1195.0;3;47;79.38;-;+;+;100.0;-;+;+;585;-;male;+;3;-;+;-;444;383;1806;1778;0
1101.0;0;70;73.9368;-;+;-;100.0;-;+;+;674;-;male;+;3;-;-;-;429;353;1121;1034;0
1195.0;3;27;72.576;-;+;-;100.0;-;-;+;0;-;male;-;1;-;+;-;287;397;958;1137;0
684.0;0;42;86.184;-;+;-;100.0;-;-;+;0;-;male;-;1;+;-;+;149;248;696;990;1
;1;37;65.772;-;-;+;100.0;-;-;+;0;-;female;-;1;-;+;+;477;512;1081;1151;0
1187.0;0;30;74.844;-;+;-;100.0;-;+;+;624;-;male;+;3;-;-;-;441;559;583;590;0
1185.0;1;40;91.6272;-;+;-;;-;-;+;0;-;male;-;1;+;+;-;255;486;486;729;0
1185.0;3;35;78.9264;-;-;-;;-;+;+;475;-;male;+;3;-;+;-;392;327;735;624;0
1187.0;2;36;78.0192;-;+;-;100.0;-;-;+;0;-;male;-;1;-;+;-;260;364;851;762;0
1164.0;1;37;86.184;-;-;-;100.0;-;-;+;0;-;male;-;1;-;+;-;559;554;1410;1156;0
1160.0;3;37;83.0088;-;+;-;100.0;-;-;+;0;-;male;-;1;+;+;-;339;328;559;485;0
1164.0;2;27;75.7512;-;-;-;100.0;-;+;+;68;+;female;+;2;-;+;-;455;501;721;726;0
1044.0;2;45;66.2256;-;-;+;90.0;-;-;+;0;-;male;-;1;-;+;+;429;592;636;698;0
1145.0;3;32;84.8232;-;+;-;100.0;-;+;+;130;-;male;+;2;-;+;-;520;571;749;605;0
241.0;0;29;82.5552;-;+;-;100.0;-;+;+;621;-;male;+;3;-;-;+;374;314;796;847;0
1112.0;0;40;55.3392;-;-;-;100.0;-;+;+;486;+;female;+;3;-;-;-;338;312;1664;1191;0
;0;47;72.1224;-;+;-;100.0;-;-;+;0;-;male;-;1;-;-;-;467;399;1374;1220;1
;2;31;44.226;-;-;+;90.0;-;-;+;0;-;female;-;1;+;+;-;642;528;1041;873;0
1032.0;2;50;78.9264;-;-;+;100.0;-;-;+;0;-;male;-;1;-;+;+;251;166;2326;1146;0
1089.0;1;34;83.916;-;+;-;100.0;-;-;+;0;+;male;-;1;-;+;-;376;681;1129;1362;0
1049.0;3;41;92.988;-;+;-;100.0;-;-;+;0;-;male;-;1;-;+;-;444;483;658;693;0
551.0;3;24;58.5144;-;+;-;100.0;-;-;+;0;-;male;-;1;+;+;+;342;435;525;390;0
999.0;0;39;84.3696;-;+;-;;-;-;+;0;-;male;-;1;-;-;-;459;619;1398;1287;0
1117.0;1;41;111.0;-;+;-;90.0;-;+;+;384;-;male;+;3;-;+;-;470;394;1528;910;0
1211.0;3;28;84.3696;-;+;-;90.0;-;+;+;7;-;male;-;1;-;+;-;360;290;1130;700;0
460.0;1;29;86.184;-;+;-;;-;-;+;0;-;male;-;1;-;+;+;320;380;830;1090;0
882.0;1;42;57.6072;-;+;-;100.0;-;+;+;39;-;male;+;2;-;+;+;290;250;1270;1050;1
1066.0;2;30;88.452;-;+;-;;-;+;+;265;-;male;+;2;-;+;-;370;300;1500;1020;0
1160.0;0;27;66.2256;-;+;-;100.0;-;-;+;0;-;male;-;1;-;-;-;420;410;990;1070;0
1071.0;2;33;62.8236;-;+;-;100.0;-;+;+;1700;-;male;+;3;-;+;+;240;1100;810;1440;0
1105.0;1;44;69.4008;-;+;-;100.0;-;+;+;105;-;male;+;2;-;+;+;240;200;680;600;0
1110.0;2;48;78.4728;-;+;-;100.0;-;+;+;975;-;male;+;3;-;+;-;460;520;1560;1520;0
980.0;1;37;64.4112;-;+;-;100.0;-;+;+;394;-;male;+;3;-;+;-;310;280;840;530;0
1071.0;3;43;82.5552;-;+;-;100.0;-;+;+;330;-;male;+;2;-;+;+;230;200;1550;1200;0
1146.0;2;50;77.5656;-;+;-;100.0;-;-;+;0;-;male;-;1;-;+;-;380;510;1040;1020;0
1133.0;0;28;68.4936;-;+;-;100.0;-;-;+;0;-;male;-;1;-;-;-;280;350;440;490;0
739.0;1;26;80.514;-;+;-;100.0;-;+;+;495;-;male;+;3;-;+;-;250;300;570;660;1
1047.0;0;27;76.2048;-;+;-;100.0;-;-;+;0;-;male;-;1;-;-;+;440;630;460;710;0
812.0;1;49;88.452;-;+;-;90.0;-;+;+;203;-;male;+;2;+;+;+;220;280;520;730;0
959.0;1;28;71.1;-;-;+;100.0;-;+;+;387;-;female;+;3;-;+;+;220;490;330;570;0
974.0;3;30;77.112;-;+;-;100.0;-;-;+;0;-;male;-;1;-;+;+;320;340;850;580;0
1028.0;1;25;63.504;-;-;-;90.0;-;-;+;44;-;female;+;2;-;+;-;650;490;1510;890;0
1057.0;2;37;87.5448;-;-;+;;-;-;+;0;-;female;-;1;-;+;-;330;480;1130;1050;0
980.0;3;42;109.5;-;-;+;100.0;-;-;+;0;+;male;-;1;-;+;-;320;440;1140;1630;0
1023.0;2;39;75.7;-;+;-;100.0;-;+;+;159;-;male;+;2;-;+;+;431;283;647;407;0
1160.0;3;30;61.0;-;+;-;100.0;-;+;+;53;+;male;+;2;-;+;-;297;495;1971;2474;0
904.0;1;25;74.844;-;+;-;90.0;-;-;+;0;-;male;-;1;+;+;+;317;412;1074;928;0
1157.0;2;41;63.4;-;+;-;;-;-;+;0;-;male;-;1;-;+;-;235;251;1490;920;0
1160.0;1;24;71.0;-;-;-;100.0;-;-;+;0;-;female;-;1;-;+;-;439;428;2069;1305;0
1077.0;0;29;79.8;-;+;-;90.0;-;-;+;0;-;male;-;1;-;-;-;456;388;1718;1143;0
994.0;3;31;79.2;-;+;-;100.0;-;-;+;0;-;male;-;1;+;+;-;504;721;857;1014;0
1014.0;3;27;66.5;-;+;-;90.0;-;-;+;0;-;male;-;1;-;+;+;148;129;289;297;0
948.0;2;30;69.1;-;+;-;100.0;-;+;+;444;-;male;+;3;-;+;-;218;272;914;1135;1
;2;35;71.85024;-;+;-;90.0;-;+;+;66;-;male;+;2;-;+;+;385;517;862;923;0
1153.0;3;37;77.5;-;+;-;100.0;-;+;+;953;-;male;+;3;-;+;-;422;469;991;847;0
1073.0;3;27;91.6;-;+;-;100.0;-;-;+;153;-;male;+;2;-;+;+;229;288;866;996;0
1146.0;0;36;64.4;-;+;-;100.0;-;-;+;0;-;male;-;1;-;-;-;423;597;1000;1125;0
1081.0;2;40;78.0;-;+;+;;-;+;+;511;-;male;+;3;+;+;+;228;341;520;737;0
643.0;0;23;55.566;-;+;-;90.0;-;+;+;431;-;male;+;3;-;-;-;265;549;680;784;1
981.0;0;41;89.9;-;+;-;100.0;-;+;+;1500;-;male;+;3;-;-;-;209;251;738;1573;1
1077.0;0;28;59.9;-;+;-;100.0;-;+;+;977;-;male;+;3;-;-;+;298;461;618;799;0
563.0;1;28;75.0;-;+;-;90.0;-;-;+;1034;-;male;+;3;-;+;+;545;366;1279;549;0
1140.0;3;34;103.2;-;+;-;100.0;-;+;+;537;+;male;+;3;-;+;-;345;414;1010;795;0
628.0;1;32;90.5;-;-;-;90.0;-;-;+;0;-;male;-;1;-;+;+;166;272;624;935;1
1068.0;1;42;76.5;-;+;-;100.0;-;-;+;0;-;male;-;1;-;+;-;453;1119;600;714;0
731.0;0;43;72.7;-;+;-;90.0;+;+;+;807;-;male;+;3;-;-;-;262;263;1348;1415;1
1132.0;1;22;75.5;-;+;-;100.0;-;+;+;283;+;male;+;2;-;+;-;315;119;772;703;0
483.0;0;65;77.2;-;+;-;90.0;-;-;+;0;-;male;-;1;-;-;-;323;412;1351;1338;1
668.0;2;29;70.8;-;+;-;90.0;-;+;+;977;-;male;+;3;+;+;+;517;303;1808;550;1
1119.0;2;31;85.0;-;+;-;90.0;-;+;+;65;+;male;+;2;-;+;-;328;706;698;1129;0
1117.0;3;42;82.7;-;+;-;90.0;-;+;+;827;-;male;+;3;-;+;-;380;327;926;772;0
1119.0;3;34;105.6888;-;+;-;90.0;-;-;+;0;-;male;-;1;+;+;-;427;606;577;659;0
981.0;3;45;72.7;-;+;-;80.0;-;+;+;76;+;male;+;2;+;+;+;251;247;1070;1129;0
1116.0;0;35;80.5;-;+;-;90.0;-;-;+;0;-;male;-;1;-;-;-;427;386;592;440;0
880.0;0;30;75.5;-;+;-;90.0;-;-;+;0;+;male;-;1;+;-;+;280;208;1003;943;0
1109.0;0;34;65.5;-;+;-;100.0;-;-;+;0;-;male;-;1;-;-;-;501;158;1276;967;0
1016.0;3;50;72.576;-;+;-;90.0;-;-;+;0;-;male;-;1;+;+;+;356;504;1045;1148;0
1074.0;0;38;70.6;-;+;-;100.0;-;-;+;0;+;male;-;1;-;-;-;383;421;1627;1909;0
1091.0;1;29;97.9;-;-;-;100.0;-;+;+;475;+;male;+;3;-;+;-;415;305;968;769;0
930.0;2;35;65.7;-;+;-;100.0;-;+;+;1725;-;male;+;3;-;+;-;470;652;1970;1729;0
1059.0;3;54;80.7408;-;-;-;90.0;-;-;+;588;-;male;+;3;-;+;-;368;338;410;455;0
947.0;3;32;74.3904;-;+;-;100.0;-;-;+;1160;-;male;+;3;-;+;-;548;526;379;403;0
767.0;0;45;69.0;-;+;-;90.0;-;+;+;1423;-;male;+;3;-;-;-;334;344;2079;1905;1
1088.0;3;37;63.2;-;+;-;100.0;-;+;+;980;-;male;+;3;-;+;-;202;231;893;1107;0
;1;37;64.8;-;+;-;100.0;-;+;+;443;+;male;+;3;-;+;-;315;312;1573;1462;1
238.0;2;35;65.3184;-;+;-;100.0;-;-;+;0;-;male;-;1;+;+;+;187;201;396;485;1
983.0;3;39;71.4;-;+;-;100.0;-;-;+;0;-;male;-;1;-;+;-;452;589;707;873;0
159.0;0;37;85.7304;-;+;-;100.0;-;-;+;0;-;male;-;1;-;-;+;415;183;1659;1282;1
1020.0;2;30;78.9264;-;-;+;100.0;-;-;+;0;+;female;-;1;-;+;+;481;455;1083;1661;0
982.0;0;35;74.3904;-;-;+;90.0;-;+;+;175;+;male;+;2;-;-;+;446;336;1711;1131;0
;2;30;85.2768;-;-;+;90.0;-;+;+;325;+;male;+;2;-;+;+;246;269;846;672;0
137.0;0;37;69.8544;-;-;+;90.0;-;+;+;383;+;male;+;3;+;-;-;209;117;1111;749;1
1087.0;1;34;67.1328;-;-;+;100.0;-;+;+;448;+;male;+;3;-;+;-;312;348;1584;1254;0
885.0;2;36;75.7512;-;-;+;90.0;-;+;+;602;+;male;+;3;-;+;+;358;326;1622;1302;1
1088.0;3;50;117.936;-;+;-;90.0;-;+;+;22;-;male;+;2;-;+;-;395;440;835;847;0
863.0;3;31;76.0;-;+;-;90.0;-;+;+;348;-;male;+;2;-;+;-;286;464;958;1246;1
1091.0;1;44;71.0;-;+;-;90.0;-;+;+;110;-;male;+;2;-;+;-;313;457;845;855;0
55.0;0;38;69.5;-;+;-;100.0;+;+;+;113;+;male;+;3;-;-;-;375;179;986;611;1
1088.0;1;51;87.2;-;-;-;90.0;-;+;+;113;+;male;+;2;-;+;-;336;325;1167;1168;0
1069.0;1;27;74.844;-;+;-;100.0;-;-;+;0;-;male;-;1;-;+;-;337;411;703;893;0
735.0;2;33;79.1532;-;+;-;100.0;-;-;+;0;-;male;-;1;-;+;+;587;612;1264;1201;0
1047.0;0;39;71.442;-;+;-;100.0;-;-;+;0;+;male;-;1;-;-;-;220;182;1672;1558;0
1034.0;3;25;75.2976;-;+;-;100.0;-;-;+;0;-;male;-;1;-;+;-;411;524;496;551;0
1028.0;0;40;89.8128;-;+;-;100.0;-;-;+;0;-;male;-;1;-;-;-;329;600;778;1488;0
1027.0;2;40;78.9264;-;+;+;100.0;-;-;+;0;+;male;-;1;-;+;-;304;436;486;515;0
1014.0;0;30;87.5448;-;+;-;100.0;-;-;+;0;-;male;-;1;-;-;-;346;470;781;823;0
581.0;1;30;67.3596;-;+;-;100.0;-;-;+;0;-;male;-;1;+;+;-;311;536;633;768;1
1006.0;2;38;78.0192;-;-;+;100.0;-;-;+;0;+;male;-;1;-;+;-;453;250;787;213;0
778.0;2;43;73.9368;-;-;+;100.0;-;+;+;830;+;female;+;3;-;+;-;319;208;1101;564;1
321.0;3;29;70.5;-;+;-;100.0;-;-;+;0;-;male;-;1;-;+;+;290;486;682;729;0
958.0;2;33;70.7616;-;+;-;100.0;-;-;+;0;-;male;-;1;-;+;-;203;243;851;972;0
644.0;0;28;115.2144;-;+;+;100.0;-;-;+;91;+;female;+;2;+;-;+;194;195;721;765;0
1090.0;2;33;71.4;-;+;-;100.0;-;+;+;1645;-;male;+;3;-;+;-;352;417;983;1157;0
1027.0;1;45;67.1;-;+;-;100.0;-;+;+;1480;+;male;+;3;-;+;-;0;359;468;659;0
985.0;1;60;51.6;-;-;-;100.0;-;+;+;1472;+;female;+;3;-;+;+;0;523;1087;1727;0
1098.0;3;29;83.0;-;+;-;100.0;-;-;+;0;-;male;-;1;-;+;-;304;436;801;678;0
1034.0;3;34;70.0;-;+;-;100.0;-;-;+;488;-;male;+;3;-;+;-;230;301;334;490;0
910.0;1;31;70.9;-;+;-;100.0;-;-;+;0;+;male;-;1;-;+;-;239;208;1265;1043;0
1090.0;0;32;70.0;-;+;-;100.0;-;+;+;1598;-;male;+;3;-;-;-;375;306;565;528;0
779.0;1;33;72.0;-;+;-;100.0;-;-;+;0;-;male;-;1;-;+;+;366;473;906;822;0
941.0;3;46;77.112;-;-;-;100.0;-;-;+;760;+;female;+;3;-;+;+;324;401;356;380;0
1094.0;2;40;81.648;-;+;-;100.0;-;+;+;1051;-;male;+;3;-;+;-;468;541;936;902;0
1139.0;0;38;79.0;-;+;-;100.0;+;-;+;507;-;male;+;3;-;-;-;265;226;597;642;0
1145.0;1;43;73.0296;-;+;-;80.0;+;-;+;432;+;male;+;3;+;+;-;259;277;1038;980;0
1069.0;2;35;96.1632;-;+;-;100.0;-;+;+;1096;-;male;+;3;-;+;+;452;547;1269;970;0
766.0;3;42;74.3904;-;+;-;90.0;-;+;+;537;-;male;+;3;-;+;+;702;503;965;1181;0
392.0;3;59;72.576;-;+;-;100.0;-;+;+;525;-;male;+;3;-;+;+;324;221;531;490;1
1087.0;2;39;86.184;-;+;-;90.0;-;+;+;542;+;male;+;3;+;+;-;453;587;1560;1506;0
1027.0;2;36;75.2976;-;-;-;100.0;-;+;+;910;+;male;+;3;+;+;+;375;426;795;638;0
1012.0;0;32;69.4008;-;-;-;90.0;-;+;+;567;+;male;+;3;+;-;+;359;390;816;1170;0
736.0;0;39;80.2872;-;+;-;90.0;-;+;+;626;-;male;+;3;+;-;-;236;201;735;545;1
243.0;1;37;78.0192;-;+;-;100.0;+;-;+;820;-;male;+;3;+;+;+;218;197;1070;1023;1
1117.0;2;55;78.0192;-;+;-;90.0;+;-;+;852;-;male;+;3;-;+;-;547;369;1610;1873;0
1087.0;1;37;57.6072;-;-;-;90.0;+;-;+;698;+;female;+;3;-;+;-;144;176;564;680;0
975.0;2;48;72.1224;-;+;-;80.0;-;-;+;0;-;male;-;1;-;+;+;305;294;828;656;0
1133.0;1;30;59.4216;-;-;-;80.0;-;+;+;617;+;female;+;3;-;+;-;372;559;688;1398;0
1126.0;2;59;87.9984;-;+;-;80.0;-;+;+;283;-;male;+;2;-;+;-;402;210;670;447;0
318.0;3;27;85.7304;-;+;-;90.0;-;+;+;21;+;male;+;2;-;+;+;236;162;832;810;0
1001.0;0;41;73.4832;-;+;-;100.0;-;+;+;578;-;male;+;3;-;-;+;236;244;1523;1780;0
1104.0;0;38;79.38;-;+;-;90.0;-;+;+;768;-;male;+;3;-;-;-;369;400;612;816;0
1032.0;1;40;75.7512;-;+;-;90.0;-;-;+;0;-;male;-;1;-;+;-;308;487;868;1104;0
1013.0;3;40;79.8336;-;-;-;;-;+;+;615;+;female;+;3;-;+;-;638;706;654;772;0
243.0;0;50;78.4728;-;+;-;100.0;-;+;+;935;-;male;+;3;-;-;+;312;309;1146;1186;1
626.0;1;45;74.5;-;+;-;;-;+;+;1492;-;male;+;3;-;+;+;236;204;1080;1121;1
1202.0;3;47;64.4112;-;+;-;90.0;-;+;+;881;-;male;+;3;-;+;-;244;343;1629;1809;0
1167.0;0;49;100.0;-;+;-;90.0;-;+;+;1500;-;male;+;3;-;-;-;428;349;500;449;0
1104.0;1;46;66.6792;-;+;-;100.0;-;+;+;1589;-;male;+;3;+;+;-;319;305;1475;894;0
1209.0;1;28;68.9472;-;-;-;100.0;-;+;+;851;-;male;+;3;-;+;-;231;278;609;411;0
1231.0;2;36;72.5;-;+;-;100.0;-;+;+;1418;-;male;+;3;-;+;-;486;464;986;967;0
817.0;2;31;83.0;-;+;-;100.0;-;-;+;0;-;male;-;1;-;+;+;663;696;1109;1242;0
1115.0;2;63;73.4832;-;+;-;100.0;-;-;+;0;-;male;-;1;-;+;-;498;408;1365;1287;0
1125.0;2;43;74.3904;-;+;+;;-;+;+;631;-;male;+;3;-;+;-;303;251;488;442;0
986.0;1;37;67.5;-;+;-;100.0;-;+;+;1279;-;male;+;3;-;+;-;243;335;699;688;1
1152.0;2;63;74.3904;-;+;-;100.0;-;+;+;923;-;male;+;3;-;+;-;397;282;1407;911;0
720.0;0;38;65.3184;-;-;-;100.0;-;+;+;250;+;female;+;2;-;-;+;195;172;566;454;0
1231.0;0;38;67.5;-;+;-;100.0;-;+;+;822;-;male;+;3;-;-;-;174;195;559;460;0
910.0;2;39;83.0;-;+;-;90.0;-;+;+;563;-;male;+;3;-;+;-;349;295;1316;967;1
567.0;3;34;80.5;-;+;-;100.0;-;-;+;325;-;male;+;2;-;+;-;234;515;971;1438;1
1145.0;1;59;87.5448;-;+;-;100.0;+;-;+;969;-;male;+;3;-;+;-;421;233;1671;1093;0
1087.0;2;36;68.04;-;+;+;100.0;-;-;+;0;-;male;-;1;-;+;-;442;422;1021;934;0
1176.0;0;44;70.5;-;+;-;100.0;-;-;+;0;-;male;-;1;-;-;+;247;192;1018;786;0
;0;33;67.1328;-;+;-;100.0;-;+;+;608;+;male;+;3;-;-;+;275;213;1011;678;0
1187.0;3;28;84.3696;-;+;+;90.0;-;-;+;15;-;male;+;2;+;+;-;387;597;1168;960;0
1181.0;2;55;90.0;-;+;-;100.0;-;+;+;651;-;male;+;3;-;+;-;351;345;561;470;0
1121.0;3;43;72.576;-;+;+;100.0;-;-;+;0;-;male;-;1;-;+;+;488;744;1033;1550;0
1064.0;0;44;85.2768;-;+;-;100.0;-;+;+;733;-;male;+;3;-;-;+;416;531;735;1295;0
897.0;0;59;84.0;-;+;-;100.0;-;+;+;452;+;male;+;3;-;-;-;248;235;426;612;1
1165.0;3;28;72.5;-;+;-;100.0;-;-;+;0;-;male;-;1;-;+;-;381;458;1028;1073;0
1159.0;1;68;90.5;-;+;+;100.0;-;+;+;618;-;male;+;3;-;+;-;367;537;696;713;0
1152.0;0;29;74.6172;-;+;-;100.0;-;+;+;293;-;male;+;2;-;-;-;293;310;1251;958;0
1152.0;1;33;66.0;-;+;-;100.0;-;+;+;1240;+;male;+;3;-;+;-;285;294;1084;976;0
1062.0;3;33;66.0;-;+;-;100.0;-;-;+;0;-;male;-;1;-;+;-;232;355;828;804;0
1138.0;3;34;66.6792;-;+;-;100.0;-;-;+;0;-;male;-;1;-;+;-;199;395;772;1148;0
1071.0;0;29;49.80528;-;-;-;100.0;-;+;+;144;-;female;+;2;-;-;+;374;380;649;786;0
966.0;2;28;78.4;-;+;-;100.0;-;+;+;433;-;male;+;3;-;+;+;184;178;855;633;1
994.0;3;38;86.2;-;+;-;90.0;+;-;+;286;-;male;+;2;-;+;-;250;198;480;466;1
1122.0;3;28;85.5036;-;+;+;100.0;-;+;+;778;-;male;+;3;-;+;-;209;291;897;1435;0
1123.0;3;21;59.0;-;+;-;100.0;-;+;+;291;+;male;+;2;-;+;-;359;423;766;974;0
1004.0;1;22;71.6688;+;-;-;90.0;-;+;+;948;-;male;+;3;-;+;+;257;275;763;711;0
959.0;3;59;59.8752;-;+;-;100.0;-;+;+;872;-;male;+;3;-;+;-;394;315;1346;1337;1
988.0;3;35;73.0296;-;+;-;100.0;-;-;+;0;+;male;-;1;-;+;+;241;233;880;693;0
994.0;0;36;75.5;-;+;+;100.0;-;+;+;70;-;male;+;2;-;-;+;269;336;1516;1654;0
1089.0;1;48;91.1736;-;+;-;100.0;-;+;+;1087;-;male;+;3;-;+;-;84;541;706;1516;0
1101.0;0;46;87.318;-;+;-;100.0;-;+;+;940;-;male;+;3;+;-;-;488;456;1017;1109;0
1094.0;0;31;73.0296;-;+;-;100.0;-;+;+;181;-;male;+;2;+;-;-;269;513;1308;2056;0
;2;25;65.3184;-;-;-;100.0;-;+;+;290;+;female;+;2;-;+;+;337;355;784;770;0
908.0;0;38;88.5;-;+;-;90.0;+;+;+;94;-;male;+;2;-;-;+;392;423;961;920;1
1012.0;2;54;71.5;-;+;-;100.0;-;+;+;380;-;male;+;3;-;+;-;301;323;1607;1581;0
1089.0;3;43;85.7304;-;+;-;100.0;-;+;+;630;-;male;+;3;+;+;-;434;387;1688;1257;0
314.0;0;54;68.4936;-;+;-;80.0;-;+;+;2489;+;male;+;3;-;-;+;165;184;641;813;1
881.0;2;40;92.0808;-;+;-;90.0;-;+;+;669;-;male;+;3;+;+;+;279;252;895;964;1
532.0;2;46;80.7408;-;+;-;100.0;-;+;+;936;-;male;+;3;-;+;+;255;233;554;653;1
1075.0;1;34;87.5448;-;+;-;;-;-;+;0;+;male;-;1;+;+;-;305;330;608;563;0
1074.0;3;32;84.0;-;+;-;90.0;-;-;+;0;-;male;-;1;-;+;-;386;397;664;703;0
308.0;1;31;79.8336;-;+;+;100.0;-;-;+;0;-;male;-;1;-;+;+;419;448;757;789;0
1068.0;0;33;71.8956;-;+;-;100.0;-;-;+;0;+;male;-;1;-;-;-;291;325;683;945;0
1068.0;3;35;77.0;-;+;+;;-;-;+;0;-;male;-;1;-;+;-;293;396;338;580;0
1056.0;1;33;55.0;-;-;-;90.0;-;+;+;236;+;female;+;2;-;+;-;457;406;759;634;0
1052.0;3;33;68.6;-;-;-;90.0;-;+;+;906;-;female;+;3;-;+;-;260;191;1430;1389;0
1053.0;2;32;81.5;-;+;-;100.0;-;-;+;0;+;male;-;1;-;+;-;420;312;1105;656;0
1034.0;3;39;81.5;-;+;-;100.0;-;-;+;0;-;male;-;1;-;+;-;317;390;915;895;0
923.0;1;46;123.3792;-;-;+;100.0;-;-;+;0;+;male;-;1;-;+;+;380;417;677;777;0
1014.0;2;50;65.772;-;+;+;100.0;-;-;+;0;+;male;-;1;-;+;-;515;403;1396;1132;0
941.0;2;26;74.844;-;+;-;100.0;-;-;+;0;+;male;-;1;+;+;+;296;305;620;588;0
883.0;0;45;72.1224;-;+;+;;-;-;+;0;+;male;-;1;+;-;+;219;276;1454;1437;0
;1;28;75.7512;-;+;-;100.0;-;-;+;0;-;male;-;1;-;+;+;231;204;862;726;0
905.0;0;23;87.0;-;-;-;100.0;-;-;+;0;-;female;-;1;-;-;+;257;175;960;602;0
162.0;3;42;50.3496;-;-;-;90.0;-;-;+;0;+;female;-;1;-;+;+;562;418;796;704;0
997.0;3;42;57.8;-;-;-;90.0;-;+;+;161;-;female;+;2;-;+;-;131;137;207;436;0
915.0;0;31;71.8;-;+;-;100.0;-;-;+;0;-;male;-;1;-;-;+;330;376;1190;1482;0
977.0;1;42;91.1736;-;+;-;90.0;-;-;+;0;-;male;-;1;-;+;-;427;538;2021;2119;0
890.0;1;40;90.72;-;+;-;80.0;-;-;+;0;-;male;-;1;-;+;+;439;298;1468;890;0
892.0;2;31;71.6688;-;+;-;100.0;-;-;+;0;-;male;-;1;-;+;+;481;454;678;548;0
905.0;0;41;84.3696;-;+;-;100.0;-;-;+;0;-;male;-;1;-;-;+;326;270;1364;1054;0
983.0;1;33;78.3;-;-;+;100.0;-;-;+;0;+;female;-;1;+;+;-;544;563;806;650;0
977.0;2;27;81.648;-;+;-;100.0;-;-;+;0;+;male;-;1;-;+;-;349;345;604;415;0
357.0;2;29;111.5856;-;+;-;100.0;-;-;+;0;+;male;-;1;-;+;+;277;280;409;337;0
972.0;3;39;80.0604;-;+;-;100.0;-;-;+;0;-;male;-;1;-;+;-;319;357;919;771;0
881.0;2;21;96.6168;-;+;-;100.0;-;-;+;0;-;male;-;1;-;+;+;351;324;536;469;0
799.0;2;35;87.9984;-;+;-;100.0;-;-;+;0;-;male;-;1;-;+;+;262;305;1696;1301;0
334.0;0;30;62.5968;-;+;-;100.0;-;-;+;0;+;male;-;1;+;-;+;394;338;1170;1126;0
972.0;1;38;111.3588;-;-;+;;-;-;+;0;-;male;-;1;-;+;-;384;384;1182;2068;0
972.0;1;57;63.2772;-;-;-;;-;+;+;122;-;female;+;2;-;+;-;144;256;480;492;0
971.0;3;33;92.5344;-;+;-;100.0;-;-;+;0;+;male;-;1;-;+;-;617;710;935;1009;0
958.0;1;38;85.7304;-;+;-;100.0;-;-;+;0;-;male;-;1;-;+;-;407;529;952;1101;0
532.0;0;44;82.5552;-;+;-;90.0;-;-;+;0;-;male;-;1;-;-;+;280;223;719;678;1
581.0;3;30;88.9056;-;+;-;100.0;-;-;+;0;-;male;-;1;-;+;+;690;469;830;554;0
963.0;1;41;73.4832;-;+;-;100.0;-;-;+;0;-;male;-;1;-;+;-;645;612;1196;936;0
813.0;0;66;84.3696;-;+;-;100.0;-;-;+;0;-;male;-;1;-;-;+;481;418;1472;1176;1
306.0;0;53;91.0;-;-;-;100.0;-;-;+;0;-;male;-;1;-;-;+;378;393;875;776;1
874.0;3;31;87.9984;-;+;-;100.0;-;-;+;0;-;male;-;1;+;+;-;538;521;1166;776;0
760.0;3;40;74.52648;-;-;-;;-;+;+;133;-;female;+;2;-;+;-;395;262;482;537;1
1122.0;1;37;72.5;-;+;-;100.0;-;+;+;969;-;male;+;3;+;+;-;259;423;1166;559;0
;2;44;78.5;-;+;-;100.0;-;+;+;902;-;male;+;3;+;+;-;412;179;1829;1901;1
1125.0;3;56;83.1;-;+;+;90.0;-;+;+;951;-;male;+;3;-;+;-;367;337;649;449;0
1138.0;1;39;80.8;-;+;-;100.0;-;+;+;1582;-;male;+;3;-;+;-;384;339;1215;927;0
1132.0;1;38;78.2;-;+;-;90.0;-;+;+;940;-;male;+;3;-;+;-;354;345;955;674;0
1064.0;0;29;66.1;-;+;-;90.0;-;+;+;1509;-;male;+;3;-;-;-;469;378;775;567;0
469.0;2;52;67.1;-;+;-;90.0;-;+;+;773;-;male;+;3;-;+;-;408;312;1497;1267;1
947.0;0;37;76.9;-;+;-;100.0;-;+;+;1487;-;male;+;3;-;-;-;743;561;1412;748;0
944.0;3;34;78.3;-;+;-;;-;+;+;931;-;male;+;3;-;+;+;254;541;624;830;0
728.0;1;39;75.6;-;+;-;100.0;-;+;+;616;-;male;+;3;+;+;-;161;277;927;1313;1
1151.0;0;47;73.0;-;+;-;100.0;-;+;+;1081;-;male;+;3;-;-;-;289;259;927;950;0
1072.0;1;40;76.2048;-;+;-;90.0;-;+;+;1066;-;male;+;3;-;+;-;347;497;1092;1585;0
1097.0;0;48;72.576;-;+;-;90.0;-;+;+;175;-;male;+;2;-;-;-;613;414;770;622;0
456.0;2;54;76.2048;-;+;+;90.0;-;+;+;945;-;male;+;3;-;+;+;412;377;1154;943;1
756.0;1;57;92.0808;-;+;-;90.0;-;+;+;329;-;male;+;2;-;+;-;220;221;600;601;1
488.0;3;43;57.1536;-;+;+;90.0;-;-;+;0;-;male;-;1;-;+;-;245;272;408;653;1
871.0;0;32;86.184;-;+;-;90.0;-;+;+;396;+;male;+;3;-;-;+;154;159;406;346;1
952.0;1;48;83.0088;-;+;+;90.0;-;-;+;0;-;male;-;1;-;+;+;308;376;956;706;0
798.0;3;32;98.658;-;+;-;90.0;-;+;+;473;+;male;+;3;-;+;+;283;290;2794;2641;1
476.0;0;42;70.7616;-;+;-;90.0;-;+;+;503;-;male;+;3;+;-;-;358;290;689;440;1
1084.0;1;32;68.9472;-;+;-;90.0;-;+;+;908;-;male;+;3;+;+;-;248;244;745;722;0
189.0;3;30;84.8232;-;+;+;;-;-;+;0;-;male;-;1;+;+;+;532;479;458;464;0
770.0;0;33;57.1536;-;-;-;90.0;-;-;+;0;+;male;-;1;-;-;+;275;362;798;740;0
1022.0;0;34;79.6;-;+;-;100.0;-;-;+;0;-;male;-;1;+;-;+;103;237;1084;1313;0
1065.0;2;38;95.0;-;+;-;100.0;-;-;+;0;-;male;-;1;-;+;-;409;369;620;432;1
;1;34;73.8;-;+;-;100.0;-;-;+;0;-;male;-;1;-;+;-;165;241;1858;1240;1
125.0;1;31;95.0;-;+;-;100.0;-;-;+;0;-;male;-;1;-;+;+;317;348;501;393;0
1144.0;3;26;77.4;-;+;-;100.0;-;-;+;0;-;male;-;1;+;+;-;352;287;1180;766;0
305.0;1;29;89.7;-;+;-;100.0;-;+;+;1114;+;male;+;3;+;+;+;187;239;774;1752;1
;0;33;97.0;-;+;-;;-;+;+;358;-;male;+;3;-;-;+;350;127;1213;500;1
1123.0;2;29;83.4;-;+;-;100.0;-;-;+;0;-;male;-;1;-;+;-;404;341;936;511;0
1005.0;0;28;76.7;-;+;-;100.0;-;-;+;0;-;male;-;1;+;-;+;384;436;1306;1491;0
984.0;3;25;73.0;-;+;-;100.0;-;-;+;0;+;male;-;1;-;+;-;630;494;1328;817;0
1026.0;1;36;88.3;-;+;-;100.0;-;-;+;0;-;male;-;1;-;+;-;352;428;386;491;0
726.0;2;47;91.2;-;+;-;100.0;-;-;+;0;-;male;-;1;+;+;-;316;374;2087;1430;0
884.0;1;28;67.2;-;+;-;100.0;-;-;+;0;-;male;-;1;-;+;+;172;312;1412;1417;0
395.0;0;28;65.1;-;+;-;100.0;-;-;+;0;-;male;-;1;-;-;-;384;241;1415;858;1
1042.0;2;48;68.1;-;+;-;100.0;-;-;+;0;-;male;-;1;+;+;-;374;327;1240;515;0
1023.0;3;22;58.2876;-;+;-;90.0;-;+;+;380;+;male;+;3;-;+;-;211;253;515;599;0
663.0;0;40;78.4728;-;+;-;;+;-;+;832;+;male;+;3;-;-;+;262;325;423;585;0
549.0;3;25;50.3496;-;+;-;90.0;-;+;+;746;-;male;+;3;-;+;+;348;297;355;446;1
1080.0;2;34;70.7616;-;-;-;90.0;-;-;+;0;+;male;-;1;-;+;-;267;282;431;235;0
1059.0;2;20;47.4012;-;+;-;90.0;-;-;+;0;+;female;-;1;-;+;-;292;415;909;1010;0
878.0;1;36;78.0192;-;+;-;90.0;-;-;+;0;+;male;-;1;+;+;-;389;332;703;590;0
454.0;0;34;68.04;-;+;-;90.0;-;-;+;0;+;male;-;1;+;-;+;167;170;1228;1442;1
791.0;1;28;58.968;-;+;-;90.0;-;-;+;0;+;male;-;1;+;+;+;235;269;370;359;0
583.0;3;37;89.3592;-;+;-;;-;-;+;0;-;male;-;1;-;+;+;225;351;225;304;0
475.0;0;45;81.4212;-;+;-;100.0;-;+;+;37;-;male;+;2;-;-;-;668;282;1144;353;1
1195.0;0;30;73.6;-;-;-;;-;-;+;0;-;male;-;1;-;-;-;412;506;807;664;0
1121.0;3;27;71.8;-;-;-;90.0;-;-;+;0;+;male;-;1;-;+;-;289;284;1065;945;0
1121.0;3;33;86.184;-;+;-;90.0;-;-;+;0;-;male;-;1;-;+;-;395;434;1133;1226;0
1113.0;3;43;81.4212;-;+;-;;+;+;+;740;-;male;+;3;+;+;-;182;217;298;379;0
1113.0;0;29;76.2048;-;+;+;90.0;-;-;+;0;-;male;-;1;-;-;-;196;164;463;391;0
577.0;1;46;74.6172;-;+;-;;-;+;+;316;-;male;+;2;-;+;+;127;269;1565;924;0
948.0;3;30;108.864;-;+;-;90.0;-;+;+;12;-;male;+;2;-;+;-;371;287;623;574;0
1107.0;2;36;73.71;-;+;-;90.0;-;+;+;672;-;male;+;3;-;+;-;276;226;684;479;0
1012.0;3;21;63.9576;-;+;-;90.0;-;+;+;415;+;male;+;3;+;+;-;269;197;545;1164;0
310.0;0;35;63.0504;-;-;-;90.0;-;-;+;0;+;female;-;1;-;-;+;238;416;926;637;0
413.0;2;25;75.2976;-;+;-;90.0;-;+;+;345;+;male;+;2;-;+;+;224;257;1256;656;1
888.0;2;27;70.308;-;+;-;100.0;-;-;+;0;+;male;-;1;-;+;+;535;463;470;532;0
1012.0;3;28;70.7616;-;+;-;90.0;-;-;+;0;+;male;-;1;+;+;-;295;242;415;583;0
394.0;3;48;63.0504;-;+;-;90.0;-;+;+;839;-;male;+;3;+;+;+;200;74;622;865;1
1032.0;0;26;101.8332;-;+;-;90.0;-;+;+;692;-;male;+;3;-;-;-;301;356;614;570;0
1118.0;3;29;84.8232;-;+;-;90.0;-;+;+;78;-;male;+;2;-;+;-;544;1040;1087;1255;0
1058.0;2;29;73.4832;-;-;-;90.0;-;+;+;99;+;female;+;2;-;+;-;390;373;715;616;0
358.0;2;48;79.8336;-;+;-;90.0;-;+;+;311;-;male;+;2;-;+;+;249;218;932;883;1
561.0;1;35;69.4008;-;+;-;100.0;-;+;+;1650;+;male;+;3;-;+;-;415;490;744;918;1
1104.0;0;39;71.6688;-;+;-;100.0;-;+;+;953;+;male;+;3;-;-;-;427;594;660;673;0
978.0;2;39;99.9;-;+;-;;-;+;+;748;-;male;+;3;-;+;-;490;380;1519;887;1
729.0;3;36;85.7304;+;+;-;100.0;-;+;+;537;-;male;+;3;+;+;-;191;306;1836;1837;1
1167.0;1;28;63.0504;-;+;-;100.0;-;+;+;778;+;male;+;3;-;+;-;314;426;627;1016;0
1116.0;0;33;69.8544;-;+;-;100.0;-;+;+;603;-;male;+;3;-;-;-;321;352;1179;1140;0
1063.0;3;29;71.71416;+;+;-;100.0;-;+;+;563;-;male;+;3;-;+;+;339;301;868;851;0
1091.0;0;26;74.844;-;+;-;100.0;-;+;+;1529;-;male;+;3;-;-;-;429;386;974;828;0
1095.0;3;48;83.916;-;+;-;100.0;-;+;+;997;-;male;+;3;-;+;-;454;679;1135;1409;0
1090.0;2;32;60.7824;-;+;-;100.0;-;+;+;20;-;male;+;3;-;+;-;474;464;2104;1160;0
1119.0;2;41;80.7408;-;+;-;100.0;-;+;+;1076;-;male;+;3;-;+;+;303;328;1135;874;0
1214.0;1;33;73.4832;-;+;-;100.0;-;+;+;1357;-;male;+;3;-;+;-;426;331;935;628;0
1038.0;1;27;75.9;-;+;-;100.0;-;+;+;676;-;male;+;3;-;+;+;442;540;1088;1008;0
564.0;0;28;68.9472;-;+;-;100.0;-;+;+;1444;-;male;+;3;-;-;-;264;301;1117;1084;1
393.0;2;63;56.4732;-;+;-;100.0;-;+;+;170;-;male;+;2;-;+;-;151;157;1315;1254;1
483.0;1;47;68.9472;-;+;-;100.0;-;+;+;853;+;male;+;3;+;+;+;216;213;1189;773;1
197.0;0;36;83.916;-;+;-;100.0;-;+;+;7;-;male;-;1;-;-;+;222;285;714;1093;1
1102.0;3;37;57.1536;-;+;-;100.0;-;+;+;811;+;male;+;3;+;+;-;366;562;1323;1514;0
1094.0;2;42;68.4936;-;+;-;100.0;-;+;+;840;-;male;+;3;+;+;-;333;430;713;860;0
999.0;1;35;69.4008;-;+;-;;-;+;+;41;-;male;+;3;+;+;-;151;298;655;829;0
;3;33;78.0192;-;+;-;100.0;-;+;+;957;-;male;+;3;-;+;-;263;246;1316;881;1
1145.0;3;34;77.5656;-;-;-;100.0;-;+;+;372;-;male;+;3;+;+;-;296;338;850;756;0
1150.0;2;39;59.8752;-;+;-;100.0;-;-;+;671;-;male;+;3;+;+;-;219;302;888;1116;0
730.0;3;38;77.112;-;+;-;100.0;-;+;+;872;-;male;+;3;+;+;-;238;294;756;789;0
1097.0;1;33;55.7928;-;+;-;100.0;-;+;+;964;-;male;+;3;-;+;-;834;549;3389;1019;0
1153.0;1;32;76.2048;-;+;+;100.0;-;+;+;1143;-;male;+;3;-;+;-;269;350;640;801;0
1203.0;3;31;86.6376;-;-;-;100.0;-;+;+;717;+;male;+;3;-;+;-;359;357;1026;770;0
1101.0;2;36;85.2768;-;+;+;100.0;-;+;+;1163;-;male;+;3;-;+;-;720;589;2448;1742;0
;1;27;61.236;-;+;-;100.0;-;+;+;939;-;male;+;3;+;+;-;420;541;1387;1769;0
;1;15;59.0;+;-;-;100.0;-;+;+;896;-;male;+;3;-;+;+;286;256;507;419;0
;3;17;92.7;+;-;-;90.0;-;+;+;768;-;male;+;3;-;+;-;251;336;858;812;0
1095.0;0;38;68.9472;-;+;-;;-;+;+;993;-;male;+;3;+;-;-;435;507;1306;1290;0
1097.0;1;43;72.576;-;+;-;100.0;-;+;+;902;-;male;+;3;+;+;-;323;428;646;570;0
1178.0;1;39;85.9572;-;+;-;100.0;-;+;+;1038;-;male;+;3;-;+;-;305;412;801;941;0
643.0;2;38;82.5552;-;+;-;100.0;+;-;+;768;+;male;+;3;+;+;-;265;276;1678;1223;1
898.0;3;31;76.6584;-;+;+;100.0;-;+;+;1313;-;male;+;3;+;+;-;166;289;1325;1253;1
;3;35;83.0088;-;+;-;100.0;-;+;+;134;-;male;+;2;+;+;+;395;243;1579;1138;0
1189.0;0;38;86.8644;-;+;-;100.0;-;-;+;0;-;male;-;1;-;-;-;400;336;871;566;0
1188.0;0;41;87.9984;-;+;-;100.0;-;-;+;0;-;male;-;1;-;-;-;331;313;1242;954;0
;2;32;82.5552;-;+;-;100.0;-;-;+;0;-;male;-;1;-;+;-;351;526;729;1019;0
1188.0;1;46;92.0808;-;+;-;100.0;-;-;+;0;-;male;-;1;-;+;-;230;421;1171;1683;0
310.0;3;32;78.4728;+;-;-;100.0;-;+;+;1175;+;male;+;3;-;+;-;363;209;1258;604;1
772.0;0;29;73.9368;-;+;+;100.0;-;-;+;0;-;male;-;1;-;-;+;280;458;1440;1686;0
1185.0;2;29;79.8336;-;+;-;100.0;-;-;+;0;+;male;-;1;-;+;-;406;389;1111;907;0
1185.0;2;34;71.442;-;+;-;100.0;-;-;+;0;-;male;-;1;+;+;-;316;422;804;938;0
;2;33;70.7616;-;+;-;100.0;-;-;+;0;+;male;-;1;-;+;-;513;576;1512;1368;1
474.0;3;20;72.576;+;-;-;100.0;-;+;+;743;+;male;+;3;-;+;+;369;309;548;530;0
1152.0;1;49;70.0812;-;+;-;100.0;-;-;+;0;-;male;-;1;+;+;-;327;478;1125;975;0
725.0;2;31;85.2768;-;+;+;100.0;-;+;+;95;-;male;+;2;+;+;+;326;459;1710;1596;0
310.0;0;30;84.5964;-;+;-;100.0;-;+;+;129;-;male;+;2;-;-;+;273;180;2072;1406;1
234.0;0;33;69.8544;-;+;-;100.0;-;+;+;277;+;male;+;2;-;-;+;365;487;1139;1375;0
620.0;0;32;60.5556;-;-;-;100.0;-;-;+;31;-;female;+;2;-;-;+;358;277;594;416;0
1143.0;2;32;82.5552;-;+;-;100.0;-;-;+;0;-;male;-;1;+;+;-;435;341;519;358;0
154.0;3;33;74.3904;-;+;+;;-;+;+;919;+;male;+;3;+;+;+;267;147;1944;1458;0
1139.0;0;35;65.772;-;-;-;;-;-;+;0;-;female;-;1;-;-;-;527;570;615;765;0
517.0;3;22;64.638;-;+;-;100.0;-;-;+;0;-;male;-;1;-;+;+;263;403;956;1023;0
295.0;1;26;78.0192;-;+;+;100.0;-;+;+;807;-;male;+;3;+;+;+;246;502;512;1340;1
467.0;2;37;77.3388;-;+;+;100.0;-;+;+;232;-;male;+;2;+;+;+;418;261;631;484;1
1009.0;2;29;78.4728;-;+;+;100.0;-;+;+;267;-;male;+;2;-;+;+;340;564;1067;1648;0
728.0;1;34;62.5968;-;+;-;100.0;-;-;+;0;-;male;-;1;-;+;-;337;597;699;713;0
1125.0;1;30;70.7616;-;+;-;100.0;-;+;+;1826;-;male;+;3;+;+;-;284;328;1287;751;0
385.0;2;30;78.0192;-;+;-;;-;-;+;0;-;male;-;1;-;+;+;470;300;995;732;0
1117.0;3;32;92.0808;-;+;-;100.0;-;-;+;0;-;male;-;1;+;+;-;485;527;610;703;0
;2;31;73.2564;-;+;-;100.0;-;+;+;260;-;male;+;2;-;+;+;402;382;1707;1147;0
;1;39;75.2976;-;+;+;100.0;-;+;+;847;-;male;+;3;+;+;-;333;342;589;671;0
224.0;0;35;93.4416;-;+;-;100.0;-;+;+;1200;+;male;+;3;-;-;+;290;262;1716;1351;1
1091.0;2;28;67.5864;-;+;-;100.0;-;+;+;51;-;male;+;2;-;+;-;249;238;689;728;0
1091.0;3;30;64.8648;-;+;-;100.0;-;-;+;0;-;male;-;1;+;+;-;447;635;1482;1388;0
1090.0;0;43;89.3592;-;+;-;100.0;-;+;+;1118;-;male;+;3;-;-;-;319;426;990;1831;0
1089.0;1;30;82.5552;-;+;-;100.0;-;+;+;389;-;male;+;3;+;+;-;229;351;2140;2241;0
956.0;3;37;83.4624;-;+;-;;-;+;+;1240;+;male;+;3;-;+;+;384;378;858;819;0
647.0;0;52;72.576;-;-;-;;-;+;+;376;+;female;+;3;-;-;-;459;248;1704;936;1
966.0;1;37;83.4624;-;+;+;100.0;-;-;+;0;-;male;-;1;-;+;+;239;456;686;729;0
1073.0;0;60;72.576;-;+;-;100.0;-;-;+;0;-;male;-;1;-;-;-;300;360;441;513;0
331.0;2;30;51.4836;-;+;-;100.0;-;-;+;0;-;male;-;1;+;+;+;357;393;727;903;0
;1;36;73.0296;-;-;-;100.0;-;-;+;0;-;male;-;1;+;+;-;277;597;1175;1174;0
1049.0;2;31;86.4108;-;+;-;;-;-;+;0;+;male;-;1;-;+;-;436;433;958;798;0
656.0;0;27;74.3904;-;+;-;100.0;-;-;+;0;+;male;-;1;+;-;+;437;475;903;739;0
1042.0;1;33;67.1328;-;+;-;100.0;-;-;+;0;-;male;-;1;-;+;-;298;544;546;1230;0
896.0;1;38;68.04;-;+;-;100.0;-;-;+;0;-;male;-;1;+;+;-;177;433;1242;1347;1
;3;37;79.8336;-;+;-;100.0;-;-;+;0;-;male;-;1;+;+;-;356;324;2884;2106;1
967.0;1;39;79.38;-;+;-;100.0;-;-;+;0;+;male;-;1;-;+;+;566;584;1202;1405;0
394.0;0;26;67.8132;-;+;-;100.0;-;-;+;0;-;male;-;1;-;-;+;372;370;1294;1179;1
237.0;2;45;73.0296;-;+;-;100.0;-;-;+;0;-;male;-;1;-;+;+;261;192;796;516;0
912.0;3;49;90.0396;-;+;-;100.0;-;-;+;0;+;male;-;1;+;+;-;468;502;936;752;1
999.0;3;30;73.9368;-;+;-;100.0;-;-;+;0;+;male;-;1;+;+;-;275;303;598;678;0
;3;42;63.0504;-;+;-;100.0;-;-;+;0;+;male;-;1;+;+;-;370;336;570;485;0
908.0;0;34;82.782;-;+;-;100.0;-;-;+;0;-;male;-;1;-;-;+;337;328;1348;889;0
314.0;1;38;68.04;-;+;-;100.0;-;-;+;0;-;male;-;1;+;+;+;198;294;1304;1787;0
757.0;1;42;85.2768;-;+;-;100.0;-;-;+;0;-;male;-;1;-;+;+;306;318;612;1003;0
643.0;3;31;95.256;-;+;-;100.0;-;-;+;0;-;male;-;1;+;+;-;319;268;1226;1433;1
949.0;0;39;69.8544;-;+;-;100.0;-;-;+;0;-;male;-;1;+;-;-;196;338;631;938;0
147.0;0;38;83.4624;-;-;-;90.0;-;+;+;763;-;male;+;3;-;-;+;248;95;765;846;0
1079.0;0;37;68.2;-;-;-;80.0;+;+;+;727;-;male;+;3;+;-;+;306;403;423;728;0
1087.0;2;33;78.0;-;+;-;100.0;-;+;+;1774;-;male;+;3;-;+;-;437;378;969;954;0
799.0;3;33;69.8544;-;+;-;100.0;-;-;+;0;-;male;-;1;-;+;-;341;532;572;616;1
920.0;0;36;75.0;-;+;-;90.0;-;+;+;446;-;male;+;3;-;-;-;230;204;620;792;1
1060.0;2;43;78.6;-;+;-;90.0;-;+;+;1289;-;male;+;3;-;+;+;460;378;1472;1170;0
182.0;0;37;66.6;-;+;-;90.0;-;+;+;1137;-;male;+;3;+;-;+;228;143;1254;737;1
1098.0;0;32;63.504;-;+;-;90.0;-;+;+;794;-;male;+;3;-;-;-;312;319;696;627;0
1138.0;3;36;82.5552;-;+;-;100.0;-;+;+;1379;-;male;+;3;-;+;-;380;688;270;480;0
706.0;3;50;64.4112;-;+;-;100.0;-;+;+;914;+;male;+;3;-;+;-;432;480;1728;2250;1
1085.0;1;37;74.3904;-;+;+;100.0;-;+;+;739;-;male;+;3;-;+;-;325;396;728;495;0
995.0;3;41;75.3;-;+;-;100.0;-;+;+;1260;-;male;+;3;-;+;+;576;440;2176;1386;0
1130.0;2;35;74.3904;-;+;-;100.0;-;+;+;924;+;male;+;3;-;+;-;480;448;880;784;0
1152.0;1;57;80.0;-;+;-;90.0;-;+;+;932;-;male;+;3;-;+;-;330;396;930;1080;0
1021.0;0;43;76.4;-;+;-;90.0;-;+;+;724;-;male;+;3;-;-;+;210;150;430;440;0
1040.0;2;62;83.4624;-;+;-;100.0;-;-;+;0;-;male;-;1;-;+;-;234;342;845;1254;0
654.0;2;29;68.0;-;+;-;100.0;-;+;+;779;+;male;+;3;-;+;-;289;380;1054;1102;1
1186.0;1;38;78.9264;-;-;-;90.0;-;+;+;2342;-;female;+;3;-;+;-;392;848;272;560;0
1167.0;3;49;60.7824;-;+;-;100.0;-;+;+;777;-;male;+;3;-;+;-;352;336;912;944;0
664.0;0;27;71.2152;-;+;-;100.0;-;-;+;0;-;male;-;1;-;-;+;336;364;960;756;0
208.0;3;19;68.04;-;-;+;100.0;-;+;+;85;+;male;+;2;-;+;+;276;169;612;741;0
1020.0;3;41;80.0;-;+;-;100.0;-;-;+;335;-;male;+;2;+;+;+;506;336;990;816;0
476.0;2;28;65.5;+;-;-;100.0;-;+;+;206;+;male;+;2;-;+;-;325;270;770;522;1
975.0;2;26;70.0812;-;-;-;100.0;-;-;+;0;+;male;-;1;-;+;-;735;496;798;656;0
1040.0;2;28;68.0;-;+;-;100.0;-;-;+;0;-;male;-;1;-;+;-;336;528;976;1254;0
202.0;1;68;70.7616;-;+;-;90.0;-;+;+;1770;-;male;+;3;-;+;+;196;190;952;570;1
1125.0;2;33;73.0296;-;+;-;100.0;-;+;+;609;-;male;+;3;-;+;-;228;286;708;728;0
643.0;0;35;97.524;-;+;-;90.0;-;+;+;889;-;male;+;3;-;-;-;414;380;1495;1280;1
1117.0;1;31;66.2256;-;+;-;100.0;-;-;+;0;+;male;-;1;-;+;-;198;693;1206;1914;0
1116.0;1;39;74.844;-;+;-;90.0;-;+;+;586;-;male;+;3;-;+;-;306;378;1224;840;0
1112.0;2;43;62.1432;-;+;-;100.0;-;+;+;1626;-;male;+;3;-;+;-;294;352;308;336;0
944.0;0;42;48.0816;-;-;-;90.0;-;+;+;493;+;female;+;3;-;-;-;480;352;705;583;1
498.0;3;38;79.38;-;+;-;90.0;-;+;+;325;-;male;+;2;-;+;+;180;144;804;756;1
1104.0;0;47;64.4112;-;+;-;90.0;-;+;+;508;-;male;+;2;-;-;-;264;243;392;432;0
906.0;1;41;73.9368;-;+;-;90.0;-;+;+;1039;-;male;+;3;-;+;+;209;285;1216;1083;1
949.0;0;38;69.8544;-;+;-;90.0;-;+;+;189;-;male;+;2;-;-;+;304;286;1140;1496;0
218.0;1;32;87.5448;-;+;-;90.0;-;-;+;0;-;male;-;1;-;+;+;345;342;1518;1116;0
1034.0;1;51;96.1632;-;+;-;;-;-;+;0;-;male;-;1;-;+;-;276;406;648;658;0
409.0;3;35;56.7;-;-;-;90.0;-;-;+;0;-;female;-;1;-;+;+;456;414;1608;1134;0
1083.0;3;40;73.8;-;+;-;90.0;-;-;+;0;-;male;-;1;+;+;-;360;391;1180;1020;0
1103.0;0;42;59.1;-;+;-;;-;+;+;123;-;male;+;2;-;-;+;380;369;1020;1544;0
1098.0;1;26;81.0;-;+;-;80.0;-;+;+;103;-;male;+;2;-;+;-;260;340;550;480;0
1153.0;2;35;66.2256;-;+;-;;+;+;+;437;-;male;+;3;+;+;-;180;234;744;676;0
1153.0;3;39;80.5;-;+;-;80.0;-;-;+;0;-;male;-;1;-;+;-;168;230;864;1633;0
1057.0;3;31;60.5;-;+;-;90.0;-;+;+;634;-;male;+;3;-;+;+;480;675;720;1200;0
1131.0;1;42;79.0;-;+;-;90.0;-;+;+;677;-;male;+;3;+;+;-;378;450;1134;846;0
982.0;0;32;86.9;-;+;-;100.0;-;+;+;710;+;male;+;3;-;-;+;600;418;1575;1197;0
1097.0;2;46;81.0;-;+;-;90.0;-;-;+;0;-;male;-;1;-;+;-;460;364;960;468;0
836.0;2;58;80.3;-;+;-;;-;+;+;483;-;male;+;3;-;+;-;364;375;826;930;0
956.0;2;33;61.2;-;+;+;90.0;-;+;+;383;-;female;+;3;-;+;-;506;540;1408;1206;0
947.0;3;43;92.5;-;+;-;100.0;-;+;+;295;-;male;+;2;-;+;-;342;418;893;950;0
987.0;1;37;107.1;-;+;-;100.0;-;+;+;204;-;male;+;2;-;+;+;324;209;1890;1292;0
975.0;1;41;75.1;-;+;-;100.0;-;-;+;0;-;male;-;1;+;+;+;414;400;1080;976;0
835.0;0;23;66.4;-;+;-;100.0;-;-;+;0;+;male;-;1;-;-;+;420;384;600;468;0
1020.0;1;35;76.4;-;+;-;90.0;-;-;+;0;-;male;-;1;-;+;-;504;462;1323;1239;0
795.0;1;34;79.2;-;+;-;80.0;-;+;+;0;-;male;-;1;-;+;+;252;253;744;594;0
560.0;0;32;80.0;-;+;-;;-;-;+;0;-;male;-;1;-;-;+;288;273;672;741;0
875.0;2;30;59.9;-;+;-;90.0;-;-;+;0;+;male;-;1;+;+;-;363;532;2442;2016;1
231.0;1;35;69.8;-;+;-;100.0;-;-;+;0;+;male;-;1;-;+;+;221;252;702;1008;0
395.0;0;40;78.0192;-;-;+;90.0;-;+;+;870;+;female;+;3;+;-;+;527;378;702;812;0
931.0;3;45;53.9784;-;-;-;90.0;-;+;+;479;-;female;+;3;-;+;-;448;671;686;777;0
979.0;3;47;78.0192;-;+;-;90.0;-;+;+;1598;-;male;+;3;-;+;+;457;479;804;690;0
653.0;1;30;67.3596;-;+;-;100.0;-;+;+;1316;-;male;+;3;-;+;-;489;297;1829;1203;1
949.0;3;34;57.1536;-;-;-;90.0;-;+;+;821;+;female;+;3;-;+;-;371;467;877;1027;0
357.0;1;42;72.576;-;+;-;90.0;-;+;+;861;+;male;+;3;-;+;+;242;323;1077;1059;0
310.0;1;32;75.5244;-;-;-;;-;+;+;411;+;female;+;3;-;+;-;174;202;522;865;1
390.0;0;36;84.8232;-;-;-;100.0;-;+;+;463;-;female;+;3;-;-;+;338;269;730;603;1
908.0;0;26;47.4012;-;-;-;90.0;-;+;+;632;+;female;+;3;-;-;-;377;359;801;873;0
1161.0;3;32;78.9264;-;+;-;90.0;-;+;+;917;-;male;+;3;-;+;-;359;390;1048;812;0
868.0;2;38;55.3392;-;-;-;90.0;-;+;+;1068;+;female;+;3;-;+;+;210;272;1111;1498;0
929.0;0;27;59.8752;-;-;-;90.0;-;-;+;0;+;female;-;1;-;-;-;500;540;617;867;0
959.0;3;55;82.1016;-;+;-;90.0;+;-;+;587;-;male;+;3;-;+;-;229;145;1078;1100;0
1087.0;2;35;66.6792;-;+;-;90.0;-;-;+;0;+;male;-;1;-;+;-;448;470;1253;957;0
1147.0;0;32;70.308;-;+;-;;-;-;+;0;-;male;-;1;-;-;+;413;497;516;708;0
410.0;0;35;94.8024;-;+;+;90.0;-;+;+;100;-;male;+;2;-;-;-;418;344;1197;1048;1
1175.0;2;27;71.2152;-;+;-;100.0;-;-;+;0;+;male;-;1;-;+;-;299;443;1029;1202;0
1179.0;3;22;55.7928;-;+;-;90.0;-;-;+;0;+;male;-;1;-;+;-;775;865;795;640;0
542.0;1;28;45.36;-;-;-;100.0;-;-;+;0;+;female;-;1;-;+;-;198;155;572;441;1
985.0;3;31;75.2976;-;-;-;100.0;-;+;+;343;+;female;+;2;-;+;-;392;249;864;604;1
796.0;0;24;70.7616;-;+;+;90.0;-;+;+;75;-;male;+;2;-;-;+;410;88;834;396;0
393.0;0;44;60.3288;-;+;-;90.0;-;+;+;817;-;male;+;3;-;-;-;381;227;604;369;1
867.0;2;33;79.1532;-;+;-;90.0;-;+;+;311;-;male;+;2;+;+;-;145;191;769;840;1
1129.0;1;26;63.1;-;+;-;90.0;-;+;+;35;-;male;+;2;-;+;-;368;571;503;905;0
1066.0;3;23;84.1428;-;+;-;100.0;-;-;+;243;-;male;+;2;-;+;-;376;684;667;1125;0
1157.0;2;29;78.4728;-;+;-;100.0;-;-;+;0;-;male;-;1;-;+;-;358;351;699;532;0
896.0;0;32;78.4728;-;+;-;90.0;-;-;+;0;-;male;-;1;-;-;-;397;262;1519;886;1
1029.0;1;27;77.112;-;+;-;90.0;-;-;+;0;-;male;-;1;-;+;+;288;212;1167;989;0
1116.0;1;36;118.3896;-;-;-;90.0;-;-;+;0;+;male;-;1;+;+;-;235;261;2348;3044;0
1063.0;3;35;83.4624;-;+;+;90.0;-;-;+;0;+;male;-;1;-;+;-;457;341;1053;900;0
847.0;2;30;87.0912;-;+;-;90.0;-;+;+;230;-;male;+;2;-;+;+;519;400;649;915;1
;3;64;72.3;-;+;-;90.0;-;-;+;0;-;male;-;1;-;+;-;258;475;1623;1768;0
995.0;2;36;68.04;-;-;-;;-;-;+;0;+;male;-;1;+;+;-;334;610;1068;989;1
979.0;1;30;75.7512;-;+;-;90.0;-;-;+;0;+;male;-;1;+;+;-;526;391;1254;717;1
1089.0;0;33;69.8544;-;-;-;90.0;-;+;+;105;+;female;+;2;-;-;-;362;367;785;621;0
544.0;1;25;63.0504;-;+;-;90.0;-;-;+;0;-;male;-;1;+;+;+;372;529;1464;1080;1
1068.0;0;28;73.71;-;+;-;90.0;-;-;+;0;-;male;-;1;-;-;-;373;467;631;779;0
947.0;2;32;63.504;-;-;-;90.0;-;-;+;0;+;female;-;1;-;+;-;385;298;827;507;0
1054.0;3;22;72.576;-;-;-;100.0;-;-;+;0;+;female;-;1;-;+;-;373;493;1205;1010;0
1010.0;2;33;70.5348;-;+;-;90.0;-;-;+;0;-;male;-;1;-;+;-;308;352;376;396;0
831.0;1;43;77.112;-;+;-;90.0;-;-;+;0;-;male;-;1;-;+;-;441;546;1943;1661;1
;0;34;64.638;-;+;-;90.0;-;-;+;0;+;male;-;1;-;-;+;527;340;884;1041;0
890.0;1;30;89.8128;-;-;-;90.0;-;-;+;0;-;female;-;1;-;+;-;165;547;515;884;0
575.0;1;24;61.6896;-;-;-;90.0;-;-;+;34;+;female;+;2;-;+;-;210;231;1327;1733;1
945.0;3;32;90.72;-;-;-;90.0;-;-;+;0;+;female;-;1;-;+;-;362;426;1267;1136;0
;0;32;75.978;-;-;-;90.0;-;+;+;312;+;female;+;2;-;-;+;223;159;535;318;0
931.0;1;45;66.6792;-;-;-;90.0;-;+;+;327;+;female;+;2;-;+;-;124;411;705;1027;0
1121.0;2;20;66.6792;+;-;-;100.0;-;+;+;921;-;male;+;3;-;+;-;601;642;1294;1180;0
1139.0;1;30;66.8;-;+;-;90.0;-;+;+;1902;+;male;+;3;-;+;-;400;590;40;630;0
1185.0;2;28;68.81112;-;+;-;80.0;-;+;+;1586;-;male;+;3;-;+;-;333;390;564;569;0
373.0;2;31;75.2976;-;+;-;100.0;-;+;+;1538;-;male;+;3;+;+;+;344;291;1607;1543;1
662.0;0;26;77.5656;-;+;-;100.0;-;+;+;1540;-;male;+;3;+;-;-;251;208;850;1007;1
564.0;1;46;64.95552;-;+;-;;-;+;+;1098;-;male;+;3;+;+;-;259;283;770;916;1
204.0;3;50;63.7308;-;+;-;90.0;-;+;+;931;-;male;+;3;+;+;+;161;132;393;441;1
361.0;0;37;65.772;-;-;+;100.0;-;+;+;1203;-;female;+;3;-;-;+;368;334;896;1162;1
392.0;2;35;73.9;-;+;-;100.0;-;+;+;1898;-;male;+;3;-;+;-;431;274;1466;1248;1
1042.0;3;36;62.5968;-;-;+;100.0;-;+;+;853;-;female;+;3;-;+;+;197;376;998;1223;0
1182.0;0;37;47.8;+;-;-;100.0;+;-;+;391;-;male;+;3;-;-;-;170;130;420;420;0
1126.0;1;37;68.04;-;+;+;100.0;-;+;+;658;-;male;+;3;-;+;-;246;345;594;591;0
184.0;0;25;78.10992;-;+;+;90.0;-;+;+;517;-;male;+;3;+;-;+;404;350;1039;1130;0
1182.0;2;33;80.0;-;+;-;100.0;-;+;+;414;-;male;+;3;-;+;-;320;390;1600;1420;0
1154.0;2;38;67.5;-;-;-;100.0;-;+;+;420;-;female;+;3;-;+;-;460;420;840;660;0
301.0;3;39;104.0;-;+;-;100.0;-;+;+;245;-;male;+;2;-;+;+;300;240;1950;1580;0
1140.0;2;37;65.5;-;+;-;90.0;-;+;+;289;-;male;+;2;+;+;+;370;600;1260;1230;0
1104.0;3;39;62.5968;+;-;-;;-;+;+;1250;-;male;+;3;-;+;-;220;270;1070;1280;0
1097.0;0;37;77.0;-;+;-;100.0;-;+;+;411;-;male;+;3;-;-;-;450;410;840;560;0
996.0;0;31;90.35712;-;+;-;100.0;-;+;+;976;-;male;+;3;-;-;-;316;432;741;1318;0
1039.0;1;58;68.4936;-;-;-;;-;+;+;1142;-;female;+;3;-;+;+;247;381;689;997;0
1164.0;1;32;80.514;-;-;-;;-;+;+;237;-;male;+;2;-;+;-;343;858;1059;1901;0
1146.0;0;32;64.1844;-;+;-;90.0;-;+;+;388;-;male;+;3;-;-;-;269;223;1387;1018;0
1194.0;1;27;65.3184;-;+;-;100.0;-;-;+;0;-;male;-;1;-;+;-;336;487;1470;1257;0
1195.0;3;31;65.772;-;+;-;100.0;-;-;+;0;+;male;-;1;-;+;-;303;493;880;898;0
395.0;2;36;78.9264;-;+;-;;-;-;+;0;-;male;-;1;-;+;-;230;249;1274;1674;1
1140.0;1;39;66.2256;-;-;-;100.0;-;+;+;154;+;male;+;2;-;+;-;365;586;1823;996;0
822.0;1;38;93.4416;-;+;-;100.0;-;-;+;0;-;male;-;1;-;+;-;564;510;1495;1156;1
;2;40;74.3904;-;+;-;100.0;-;+;+;655;-;male;+;3;-;+;-;321;458;1264;1186;0
1123.0;2;38;64.8648;-;+;-;100.0;-;-;+;0;-;male;-;1;-;+;-;400;552;1060;1003;0
954.0;2;36;120.6576;-;+;-;100.0;-;+;+;132;-;male;+;2;-;+;+;276;230;1441;1008;0
578.0;2;32;87.5448;-;+;-;100.0;-;+;+;160;-;male;+;2;-;+;+;246;240;1250;1218;1
1088.0;1;15;50.8032;+;-;-;100.0;-;+;+;1574;-;male;+;3;-;+;-;212;192;877;564;0
1048.0;1;28;85.2768;-;+;-;;-;-;+;0;-;male;-;1;-;+;-;385;572;820;831;0
1056.0;3;41;77.112;-;+;-;100.0;-;-;+;0;-;male;-;1;-;+;-;428;570;602;590;0
135.0;3;44;51.2568;-;+;-;;-;-;+;0;-;male;-;1;+;+;-;222;92;1366;669;1
1042.0;3;37;73.4832;-;+;-;100.0;-;-;+;0;+;male;-;1;-;+;-;193;280;469;636;0
653.0;0;30;77.112;-;+;-;100.0;-;-;+;0;-;male;-;1;-;-;-;453;478;631;669;1
583.0;0;25;110.6784;-;-;-;100.0;-;-;+;0;+;female;-;1;-;-;+;611;431;1426;899;0
904.0;3;34;74.6172;-;+;-;100.0;-;+;+;167;+;male;+;2;+;+;-;385;186;843;716;1
1133.0;3;34;74.844;-;+;-;90.0;-;+;+;420;-;male;+;3;+;+;-;237;299;725;641;0
;3;37;70.9884;-;-;+;90.0;-;+;+;819;+;male;+;3;-;+;+;309;350;995;1010;0
1050.0;0;37;56.8;-;-;+;90.0;-;+;+;920;-;female;+;3;-;-;-;281;371;675;613;0
476.0;3;35;48.762;-;-;-;90.0;-;-;+;0;-;female;-;1;-;+;+;258;293;546;720;1
1009.0;0;39;66.906;-;-;+;90.0;-;+;+;577;+;male;+;3;-;-;+;256;306;1099;1296;0
726.0;0;46;77.112;-;+;-;;-;+;+;735;-;male;+;3;+;-;-;240;189;1071;1418;1
62.0;3;41;79.8336;-;+;+;90.0;-;+;+;361;+;male;+;2;+;+;+;305;251;1023;843;0
990.0;3;51;68.4936;-;+;-;90.0;-;+;+;364;-;male;+;2;+;+;+;410;283;717;588;0
978.0;2;27;59.6484;-;+;-;100.0;-;-;+;0;-;male;-;1;-;+;+;447;441;729;661;0
822.0;1;39;81.648;-;-;+;;-;+;+;243;-;male;+;2;-;+;+;407;325;1201;1264;1
1064.0;1;45;82.87272;-;-;-;90.0;-;+;+;406;+;male;+;3;-;+;-;324;349;1427;2064;0
973.0;2;30;97.2972;-;+;-;90.0;-;+;+;302;+;male;+;2;-;+;+;480;877;1320;2807;0
1087.0;2;41;84.3;-;-;+;100.0;-;+;+;315;+;female;+;2;-;+;-;340;390;680;730;0
1068.0;0;36;80.0;-;-;+;100.0;-;-;+;0;+;male;-;1;-;-;-;600;810;2090;1700;0
968.0;0;22;78.0;-;-;-;100.0;-;-;+;0;-;female;-;1;-;-;-;360;420;610;620;0
976.0;3;45;69.0;-;-;+;100.0;-;-;+;0;+;female;-;1;-;+;-;350;480;620;570;0
904.0;2;34;108.864;-;+;-;90.0;-;-;+;0;-;male;-;1;-;+;+;302;386;786;1020;0
1087.0;1;28;90.5;-;+;-;100.0;-;+;+;1508;+;male;+;3;-;+;-;428;416;1832;1314;0
1096.0;2;44;71.2152;-;+;-;90.0;-;+;+;952;-;male;+;3;-;+;-;360;251;691;600;0
1160.0;3;29;80.7408;-;+;-;;-;+;+;893;+;male;+;3;-;+;-;375;264;538;545;0
1160.0;2;37;81.648;-;+;-;90.0;-;+;+;585;-;male;+;3;-;+;-;211;247;1289;1073;0
1065.0;1;33;67.5864;-;+;-;90.0;-;+;+;868;+;male;+;3;-;+;-;394;292;323;512;1
1139.0;3;32;69.4008;-;+;-;90.0;-;+;+;910;-;male;+;3;-;+;-;496;601;1442;1631;0
224.0;1;33;76.6584;-;+;-;90.0;-;+;+;875;-;male;+;3;-;+;+;264;179;636;549;1
981.0;2;25;64.4112;-;+;-;90.0;-;+;+;659;+;male;+;3;-;+;-;157;237;288;601;1
309.0;3;58;63.504;-;+;-;90.0;-;+;+;141;+;male;+;2;-;+;+;275;297;550;673;0
307.0;3;25;59.8752;-;+;-;100.0;-;+;+;677;-;male;+;3;-;+;+;199;187;899;1156;0
1161.0;0;52;68.04;-;+;-;90.0;-;+;+;270;+;male;+;2;-;-;-;319;389;465;609;0
730.0;0;26;58.2;-;+;-;90.0;-;-;+;445;-;male;+;3;-;-;-;302;283;544;787;1
1154.0;1;44;104.5;-;+;-;90.0;-;+;+;42;-;male;+;2;-;+;-;468;305;605;352;0
1154.0;0;42;55.2;-;+;-;90.0;-;-;+;0;-;male;-;1;-;-;-;522;329;1066;1340;0
1147.0;2;46;72.0;-;+;-;90.0;-;-;+;0;+;male;-;1;-;+;-;380;579;1929;882;0
1132.0;1;34;96.5;-;+;-;90.0;-;-;+;273;-;male;+;2;-;+;-;703;530;641;483;0
;0;26;79.0;-;+;-;90.0;-;-;+;0;+;male;-;1;-;-;+;176;301;880;1227;0
1117.0;1;32;59.4216;-;-;-;90.0;-;-;+;0;+;female;-;1;-;+;-;231;327;682;720;0
522.0;3;41;73.2;-;-;+;90.0;-;+;+;371;-;male;+;3;-;+;+;304;367;1022;1274;0
1097.0;2;38;75.0;-;+;-;90.0;-;-;+;31;+;male;+;2;-;+;-;310;314;601;813;0
414.0;3;32;57.2;-;+;-;90.0;-;-;+;0;-;male;-;1;+;+;+;490;381;1078;1574;0
1080.0;1;30;70.7616;-;-;-;;-;+;+;104;-;female;+;2;-;+;-;611;793;1363;960;0
1090.0;2;33;88.2252;-;+;-;90.0;-;-;+;0;+;male;-;1;-;+;-;285;285;571;598;0
232.0;0;26;61.8;-;+;-;90.0;-;+;+;140;+;male;+;2;+;-;+;173;256;734;1453;0
350.0;3;29;64.4112;-;+;-;90.0;-;-;+;0;+;male;-;1;-;+;+;265;548;437;579;0
560.0;2;25;111.132;-;+;-;90.0;-;-;+;0;+;male;-;1;-;+;+;451;682;1214;924;0
680.0;0;51;60.3288;-;+;-;90.0;-;-;+;0;-;male;-;1;-;-;+;291;334;1012;1104;0
1034.0;2;28;60.3288;-;+;-;90.0;-;-;+;0;-;male;-;1;-;+;-;388;528;885;740;0
569.0;1;33;90.2664;-;+;-;90.0;-;-;+;0;-;male;-;1;-;+;+;293;310;1044;986;1
315.0;3;33;78.9264;-;+;-;90.0;-;-;+;0;+;male;-;1;+;+;+;234;292;666;1041;0
994.0;1;40;72.3492;-;+;-;90.0;-;-;+;0;-;male;-;1;-;+;+;234;360;2076;1314;0
985.0;3;28;88.452;-;-;-;90.0;-;-;+;0;+;male;-;1;-;+;-;478;403;1310;807;0
979.0;2;46;74.6172;-;+;-;90.0;-;-;+;0;-;male;-;1;+;+;-;604;497;982;1043;0
561.0;0;49;66.2256;-;+;-;90.0;-;-;+;0;-;male;-;1;-;-;-;528;453;827;907;1
1000.0;2;43;80.4;-;+;-;100.0;-;+;+;937;-;male;+;3;-;+;-;352;308;755;695;0
252.0;3;34;83.5;-;+;+;90.0;+;+;+;811;-;male;+;3;+;+;+;252;144;1143;708;1
895.0;3;36;74.1;-;+;-;80.0;-;+;+;1452;-;male;+;3;-;+;-;277;257;1237;899;1
;2;39;71.8;-;+;+;;-;+;+;971;-;male;+;3;+;+;-;474;590;894;1004;0
1098.0;3;43;81.8;-;+;-;100.0;-;+;+;1424;-;male;+;3;-;+;-;425;378;1029;826;0
1094.0;3;39;69.5;-;+;-;90.0;-;+;+;1394;-;male;+;3;-;+;-;490;646;850;901;0
964.0;1;20;66.0;+;-;-;100.0;-;+;+;830;-;male;+;3;-;+;-;504;445;2340;1518;1
252.0;1;27;88.6;+;-;-;100.0;-;+;+;1005;-;male;+;3;+;+;+;234;265;228;224;0
1131.0;0;40;75.9;-;+;-;90.0;-;+;+;1318;-;male;+;3;+;-;-;381;390;1332;1690;0
1132.0;0;50;68.2;-;+;-;90.0;-;+;+;959;-;male;+;3;-;-;-;740;713;1428;1145;0
1078.0;1;34;56.4;-;+;-;;-;+;+;1237;-;male;+;3;+;+;+;202;189;1336;1273;0
140.0;1;39;81.8;-;+;-;90.0;-;+;+;445;-;male;+;3;+;+;+;623;83;606;919;1
1096.0;2;27;55.9;-;+;-;100.0;-;+;+;996;-;male;+;3;-;+;-;316;456;742;962;0
1055.0;2;32;79.5;-;+;-;100.0;-;-;+;199;-;male;+;2;-;+;+;395;477;526;702;0
646.0;1;35;77.5;-;+;-;90.0;-;+;+;722;-;male;+;3;+;+;-;280;265;1703;1020;1
1187.0;3;34;68.2;-;+;-;100.0;-;+;+;1104;-;male;+;3;-;+;-;292;405;1098;1156;0
;2;49;84.1;-;+;-;100.0;-;+;+;1008;-;male;+;3;-;+;+;195;258;351;280;1
1121.0;1;41;85.5;-;+;-;100.0;-;+;+;1131;-;male;+;3;-;+;+;522;408;1682;1417;0
919.0;3;36;77.112;-;+;-;100.0;-;+;+;29;+;male;+;2;-;+;+;266;454;601;1073;0
1181.0;3;43;81.0;-;+;-;100.0;-;-;+;0;-;male;-;1;-;+;-;458;614;931;979;0
;2;45;66.4;-;-;+;;-;+;+;224;-;female;+;2;-;+;-;171;202;237;367;0
817.0;0;63;92.0808;-;+;-;90.0;-;+;+;76;-;male;+;2;-;-;-;213;254;1314;1481;1
1167.0;1;43;70.0812;-;+;-;100.0;-;-;+;0;-;male;-;1;-;+;-;273;276;737;697;0
415.0;2;38;78.2;-;-;-;100.0;-;+;+;105;-;male;+;2;-;+;+;176;271;832;801;1
;0;43;94.1;-;+;-;100.0;-;-;+;0;-;male;-;1;-;-;-;280;226;1706;1456;1
896.0;1;34;75.0;-;+;-;100.0;-;+;+;112;-;male;+;2;+;+;-;286;447;709;972;1
1179.0;2;29;105.9;-;+;-;100.0;-;+;+;387;-;male;+;3;-;+;-;477;612;893;936;0
901.0;3;35;75.0;-;+;-;90.0;-;-;+;0;-;male;-;1;-;+;+;421;374;1079;1104;1
;3;31;88.6;-;+;-;100.0;-;-;+;0;-;male;-;1;-;+;+;343;363;581;557;0
284.0;3;45;76.0;-;+;+;90.0;-;+;+;866;-;male;+;3;+;+;+;340;406;1277;1652;1
1172.0;0;36;88.6;-;+;-;100.0;-;-;+;0;-;male;-;1;-;-;-;370;435;1076;1263;0
1027.0;1;38;79.6068;-;+;-;;-;+;+;116;-;male;+;2;-;+;+;151;130;691;819;1
1133.0;3;45;59.0;-;+;+;90.0;-;+;+;49;-;male;+;2;-;+;+;475;419;1260;1389;0
1124.0;1;30;81.1944;-;+;+;100.0;-;-;+;0;-;male;-;1;-;+;+;0;566;998;1078;0
576.0;0;34;79.0;-;+;-;90.0;-;+;+;335;-;male;+;2;-;-;+;403;361;910;918;1
1063.0;3;38;87.0;-;+;-;90.0;-;+;+;832;-;male;+;3;-;+;-;255;285;1149;1155;0
406.0;0;29;71.2152;-;+;-;90.0;-;+;+;420;-;male;+;3;+;-;+;320;199;1359;1300;1
;2;29;69.1;-;+;-;90.0;-;-;+;0;-;male;-;1;-;+;-;359;372;612;716;0
1154.0;1;35;86.6376;-;+;-;100.0;-;+;+;138;-;male;+;2;-;+;-;520;600;1253;1152;0
1154.0;2;34;91.0;-;+;-;100.0;-;+;+;70;-;male;+;2;-;+;-;396;340;1044;940;0
1101.0;2;27;75.9;-;+;-;100.0;-;-;+;0;-;male;-;1;-;+;+;252;272;1093;1190;0
1042.0;1;31;84.3696;-;+;-;90.0;-;-;+;0;-;male;-;1;-;+;-;275;353;446;596;0
1151.0;1;43;75.9;-;+;+;100.0;-;+;+;142;-;male;+;2;-;+;-;519;610;2412;2262;0
;1;48;64.0;-;+;-;90.0;-;-;+;0;-;male;-;1;-;+;-;439;586;497;700;0
1140.0;0;29;70.308;-;+;-;90.0;-;+;+;135;-;male;+;2;-;-;-;237;300;494;636;0
484.0;3;46;75.9;-;+;+;100.0;-;-;+;0;-;male;-;1;-;+;-;338;308;1072;1060;1
379.0;0;30;71.8956;-;+;-;90.0;-;-;+;0;-;male;-;1;-;-;+;336;322;959;873;1
805.0;2;35;82.3;-;+;+;;-;+;+;496;-;male;+;3;-;+;+;323;486;860;954;0
883.0;2;31;92.3;-;+;+;100.0;-;-;+;0;-;male;-;1;-;+;-;293;425;1658;1090;1
1068.0;1;53;93.6;-;+;-;100.0;-;-;+;0;-;male;-;1;-;+;+;364;426;1213;1237;0
1076.0;1;34;67.7;-;-;+;90.0;-;+;+;284;-;male;+;2;-;+;+;231;419;681;904;0
1124.0;3;49;63.6;-;+;+;90.0;-;+;+;397;-;male;+;3;+;+;-;321;356;574;789;0
984.0;0;27;78.2;-;+;-;90.0;-;-;+;0;-;male;-;1;+;-;-;449;493;1768;1942;1
1069.0;3;50;83.3;-;+;-;80.0;-;-;+;0;-;male;-;1;+;+;-;391;441;858;779;0
1024.0;3;36;67.0;-;+;+;80.0;-;+;+;754;+;male;+;3;-;+;+;239;244;1280;1846;0
105.0;0;33;70.5;-;+;-;100.0;-;+;+;1119;-;male;+;3;-;-;-;181;81;1156;1013;1
1115.0;2;55;60.7824;-;+;-;100.0;-;-;+;0;-;male;-;1;-;+;-;362;677;739;1241;0
1111.0;1;25;83.6892;-;+;-;100.0;-;-;+;0;-;male;-;1;-;+;-;350;574;1068;888;0
972.0;2;39;94.5;-;+;+;;-;+;+;114;-;male;+;2;+;+;+;149;311;564;1037;1
218.0;1;46;67.7;-;+;-;80.0;-;+;+;73;-;male;+;2;+;+;+;255;190;578;535;1
1102.0;1;38;59.5;-;+;-;100.0;-;-;+;0;+;male;-;1;-;+;-;440;381;861;486;0
738.0;2;44;72.5;-;+;+;80.0;-;+;+;135;-;male;+;2;+;+;+;421;387;2106;1903;1
210.0;0;50;82.7;-;+;-;90.0;-;+;+;119;-;male;+;2;-;-;+;187;139;811;512;1
1043.0;2;39;73.6;-;+;-;100.0;-;+;+;836;-;male;+;3;-;+;+;187;293;899;879;0
308.0;0;44;76.4;-;+;-;;-;+;+;974;-;male;+;3;-;-;-;345;235;1157;890;1
586.0;3;27;80.9;-;+;+;100.0;-;+;+;842;+;male;+;3;-;+;-;390;312;1562;886;1
1089.0;3;34;80.9;-;+;-;90.0;-;+;+;1452;-;male;+;3;-;+;-;228;298;1642;1333;0
991.0;3;27;63.6;-;+;-;90.0;-;+;+;600;-;male;+;3;-;+;-;303;454;771;751;0
1058.0;1;30;64.5;-;+;-;90.0;+;+;+;1665;-;male;+;3;-;+;+;295;440;1065;782;0
561.0;1;50;77.5;-;+;-;90.0;-;-;+;0;-;male;-;1;-;+;+;442;713;950;994;0
1063.0;1;20;71.1;-;-;-;100.0;-;-;+;0;-;male;-;1;-;+;+;353;485;859;1151;0
;0;38;77.7;-;-;+;90.0;-;+;+;817;+;female;+;3;-;-;+;356;341;499;614;0
1053.0;1;48;70.5;-;+;-;90.0;-;-;+;0;-;male;-;1;-;+;-;526;490;1149;816;0
827.0;0;65;60.5;-;+;-;90.0;-;-;+;0;-;male;-;1;-;-;+;414;459;2016;1507;1
1047.0;3;34;70.0;-;-;+;80.0;-;-;+;0;+;female;-;1;+;+;-;404;488;2607;2753;0
981.0;1;44;82.7;-;+;-;90.0;-;-;+;0;-;male;-;1;+;+;-;310;485;1068;1180;0
982.0;0;43;69.4008;-;-;+;90.0;-;-;+;0;-;female;-;1;-;-;-;457;345;556;559;0
923.0;3;29;77.3;-;+;-;100.0;-;-;+;0;-;male;-;1;-;+;-;357;497;1000;1301;0
896.0;2;33;82.7;-;+;-;90.0;-;-;+;0;-;male;-;1;-;+;+;399;248;723;363;0
917.0;3;33;78.1;-;+;-;90.0;-;-;+;0;-;male;-;1;-;+;+;420;464;1457;1281;0
594.0;0;29;70.0;-;+;+;100.0;-;-;+;0;-;male;-;1;-;-;+;259;263;975;735;1
990.0;1;37;90.9;-;+;-;;-;-;+;0;-;male;-;1;-;+;-;639;617;979;573;0
1165.0;2;31;83.1;-;+;-;;-;+;+;911;+;male;+;3;-;+;-;449;576;1992;2736;0
1050.0;0;37;77.9;-;+;-;80.0;-;+;+;949;-;male;+;3;+;-;+;222;145;1093;478;1
1166.0;0;23;62.0;-;-;-;90.0;-;+;+;1662;-;male;+;3;-;-;-;421;536;1243;1556;0
1079.0;3;35;74.3;-;+;-;90.0;-;+;+;896;-;male;+;3;-;+;+;438;451;716;857;0
802.0;3;42;95.2;-;+;-;90.0;-;+;+;912;-;male;+;3;-;+;-;255;275;453;376;1
54.0;0;46;86.1;-;+;+;90.0;-;+;+;1423;-;male;+;3;-;-;+;311;88;1867;813;1
237.0;0;42;74.6;-;+;-;90.0;-;+;+;1303;-;male;+;3;+;-;-;188;111;1025;473;1
1039.0;0;38;90.4;-;+;-;100.0;-;+;+;917;-;male;+;3;+;-;+;310;328;818;573;0
1159.0;2;37;74.1;-;+;-;90.0;-;+;+;903;-;male;+;3;-;+;-;220;271;720;758;0
1180.0;3;30;73.4832;-;+;-;100.0;-;+;+;540;-;male;+;3;-;+;-;251;421;306;385;0
904.0;3;35;66.0;-;+;-;90.0;-;+;+;1729;-;male;+;3;-;+;+;387;713;1074;1505;1
163.0;0;45;62.0;-;+;-;80.0;-;+;+;933;-;male;+;3;-;-;+;203;87;1217;511;1
557.0;0;32;90.2;-;+;-;70.0;-;+;+;1696;-;male;+;3;-;-;-;248;251;626;658;1
1132.0;0;42;78.5;-;+;-;90.0;-;+;+;434;-;male;+;3;-;-;-;316;425;778;1236;0
1014.0;1;43;88.5;-;+;-;;-;-;+;996;+;male;+;3;+;+;-;658;635;1026;1317;0
1160.0;0;59;86.0;-;+;-;80.0;-;+;+;969;-;male;+;3;-;-;-;308;312;627;739;0
459.0;0;37;93.5;-;+;-;;-;+;+;917;+;male;+;3;-;-;-;240;249;894;1197;1
402.0;3;49;99.0;-;-;-;100.0;-;+;+;931;-;male;+;3;+;+;+;297;214;1863;1322;1
1131.0;1;40;78.4;-;+;-;90.0;-;-;+;1306;-;male;+;3;+;+;-;507;392;1498;1255;0
1167.0;3;48;70.5;-;+;-;100.0;-;+;+;1474;-;male;+;3;-;+;-;232;311;603;668;0
1132.0;3;45;76.1;-;+;-;90.0;-;+;+;1348;-;male;+;3;-;+;-;315;330;1332;1024;0
1153.0;0;38;70.0;+;-;-;90.0;-;+;+;1287;-;male;+;3;-;-;-;463;294;686;589;0
1152.0;1;45;85.5;-;+;-;90.0;-;+;+;1314;-;male;+;3;-;+;-;211;163;918;668;0
1161.0;1;41;73.0;-;+;-;100.0;-;+;+;913;-;male;+;3;-;+;-;252;264;677;752;0
795.0;1;31;78.1;+;-;+;90.0;-;+;+;1174;-;male;+;3;-;+;-;257;361;137;515;0
651.0;1;33;89.9;-;-;-;90.0;-;+;+;945;-;male;+;3;-;+;+;688;457;1255;1371;1
1154.0;3;28;66.4;-;+;-;;-;+;+;909;-;male;+;3;-;+;-;238;176;1469;1014;0
477.0;3;47;68.4;-;+;-;90.0;+;-;+;56;-;male;+;2;-;+;-;230;153;450;214;1
1072.0;2;38;59.5;-;+;-;80.0;-;+;+;437;-;male;+;3;+;+;+;253;147;478;371;0
1167.0;2;58;91.0;-;+;-;90.0;-;-;+;0;-;male;-;1;-;+;-;368;426;735;622;0
1167.0;3;38;81.2;-;+;-;90.0;-;-;+;0;-;male;-;1;-;+;-;478;485;661;509;0
1064.0;0;53;98.5;-;+;+;80.0;-;+;+;248;+;male;+;2;-;-;-;255;304;615;781;1
1032.0;2;30;64.4;-;-;-;90.0;-;-;+;0;+;male;-;1;-;+;+;327;370;818;1058;0
1166.0;1;27;56.7;-;+;-;90.0;-;-;+;0;-;male;-;1;-;+;-;464;497;1206;975;0
312.0;1;42;76.1;-;+;-;90.0;-;+;+;2071;-;male;+;2;-;+;+;293;233;1171;976;1
1094.0;2;39;64.5;-;+;+;80.0;-;+;+;101;-;male;+;2;-;+;+;296;310;1647;2012;0
713.0;0;38;76.7;-;+;-;90.0;-;+;+;297;+;male;+;2;-;-;-;184;236;368;575;1
1050.0;3;29;79.9;-;+;-;;-;-;+;0;-;male;-;1;-;+;+;265;451;1061;1037;0
770.0;1;27;87.0;-;+;-;90.0;-;+;+;892;-;male;+;3;+;+;-;317;475;903;1226;1
1153.0;1;27;72.0;-;+;-;100.0;-;+;+;106;-;female;+;2;-;+;-;523;615;964;1019;0
484.0;3;29;74.7;-;+;-;80.0;-;+;+;339;-;male;+;2;-;+;+;339;231;999;1056;1
477.0;2;25;80.4;-;+;+;90.0;-;+;+;238;-;male;+;2;-;+;+;526;343;1304;1028;0
1152.0;0;37;83.9;-;+;-;90.0;-;-;+;20;-;male;+;2;-;-;-;534;450;763;738;0
1158.0;1;31;69.4;-;+;-;90.0;-;+;+;210;-;male;+;2;-;+;-;449;459;1054;1261;0
613.0;2;38;75.1;-;+;-;90.0;-;+;+;118;-;male;+;2;-;+;+;239;246;620;502;0
154.0;0;42;74.6;-;+;-;90.0;-;+;+;742;+;male;+;3;+;-;+;293;196;746;633;1
923.0;2;35;94.4;-;+;-;90.0;-;+;+;96;-;male;+;2;-;+;-;202;192;585;460;1
;0;27;78.5;-;+;+;90.0;-;+;+;476;-;male;+;3;-;-;-;436;430;817;584;0
1146.0;2;42;85.4;-;+;-;90.0;-;+;+;140;-;male;+;2;-;+;-;522;416;1714;994;0
1030.0;2;28;68.1;-;+;-;90.0;-;+;+;185;-;male;+;2;+;+;+;269;372;538;791;0
174.0;0;31;84.3;-;+;-;90.0;-;+;+;1112;-;male;+;3;-;-;+;230;108;726;745;1
1145.0;3;31;78.9;-;+;-;90.0;-;-;+;0;-;male;-;1;-;+;-;382;720;710;630;0
977.0;2;31;72.2;-;+;-;90.0;-;+;+;773;-;male;+;3;-;+;-;191;211;996;782;1
755.0;1;26;57.5;-;+;-;90.0;-;-;+;0;+;male;-;1;-;+;+;551;497;1914;1490;0
1140.0;3;29;119.7;-;+;-;90.0;-;+;+;275;-;male;+;2;-;+;-;599;566;1176;962;0
;0;26;79.4;-;+;-;90.0;-;+;+;334;-;male;+;2;-;-;-;356;286;978;601;0
1016.0;2;43;72.5;-;+;-;80.0;-;+;+;687;-;male;+;3;+;+;+;176;227;782;844;0
331.0;0;33;67.4;-;-;-;90.0;-;+;+;56;+;female;+;2;-;-;-;447;357;1080;946;1
1139.0;1;48;77.5;-;+;-;90.0;-;+;+;307;-;male;+;2;-;+;-;231;330;326;480;0
1138.0;0;31;72.6;-;-;-;90.0;-;-;+;0;+;male;-;1;-;-;-;373;339;976;1016;0
1133.0;1;33;67.7;-;+;-;90.0;-;+;+;221;-;male;+;2;-;+;-;450;518;731;588;0
1010.0;3;31;64.0;-;+;-;90.0;-;+;+;918;-;male;+;3;-;+;+;300;323;571;493;0
1062.0;0;26;71.3;-;+;-;90.0;-;+;+;2;-;male;-;1;+;-;-;277;315;704;538;0
983.0;2;41;75.5;-;+;-;90.0;-;+;+;197;-;male;+;2;-;+;-;362;293;1156;738;0
816.0;1;29;71.7;+;-;-;90.0;-;+;+;1138;-;male;+;3;-;+;+;353;257;657;547;0
303.0;3;32;73.5;-;+;-;90.0;-;+;+;137;-;male;+;2;-;+;-;188;207;774;883;1
995.0;3;27;67.9;-;+;-;80.0;-;+;+;455;+;male;+;3;+;+;-;257;290;831;1111;1
1115.0;1;39;86.0;-;-;+;100.0;-;-;+;0;-;male;-;1;+;+;-;221;309;1045;2132;0
646.0;3;35;76.1;-;+;-;90.0;-;+;+;213;-;male;+;2;+;+;-;228;187;871;601;1
1110.0;0;35;83.5;-;-;-;90.0;-;+;+;213;-;female;+;2;+;-;-;414;367;740;673;0
1105.0;1;29;75.7;-;+;-;90.0;-;-;+;0;-;male;-;1;-;+;-;524;803;1254;1636;0
1042.0;1;34;74.9;-;-;-;100.0;-;-;+;0;+;male;-;1;-;+;-;249;310;635;672;0
992.0;0;36;69.3;-;+;+;80.0;-;+;+;368;-;male;+;3;-;-;+;267;272;839;842;0
1110.0;3;41;76.0;-;+;-;90.0;-;+;+;517;-;male;+;3;-;+;-;367;410;1183;969;0
1105.0;2;36;67.5;-;-;-;90.0;-;+;+;91;-;male;+;2;-;+;-;319;385;870;947;0
1105.0;1;36;71.1;-;+;-;90.0;-;+;+;280;-;male;+;2;-;+;-;267;477;840;987;0
;2;38;70.2;-;+;-;100.0;-;-;+;0;-;male;-;1;-;+;-;476;424;476;391;0
287.0;1;38;73.3;-;-;-;;-;+;+;531;+;male;+;3;-;+;+;273;285;2096;1544;0
974.0;3;32;85.8;-;+;-;80.0;-;+;+;1116;-;male;+;3;-;+;+;270;297;740;709;0
626.0;3;37;45.6;-;-;-;90.0;-;+;+;432;-;female;+;3;+;+;-;340;267;794;764;1
960.0;2;28;75.5;-;+;-;90.0;-;-;+;0;-;male;-;1;+;+;-;468;618;1206;1177;0
1090.0;1;32;89.5;-;+;-;90.0;-;+;+;1055;-;male;+;3;-;+;-;282;250;2666;1456;0
146.0;2;30;68.2;-;+;-;80.0;-;+;+;37;-;male;+;2;+;+;+;228;81;497;311;1
672.0;3;39;65.2;-;+;-;100.0;-;+;+;1423;-;male;+;3;+;+;+;413;428;522;503;1
1087.0;3;39;68.3;-;+;-;90.0;-;+;+;885;-;male;+;3;+;+;-;194;267;745;764;0
1083.0;0;33;78.8;-;+;-;100.0;-;-;+;0;-;male;-;1;-;-;-;307;549;998;705;0
;2;31;87.3;-;+;-;100.0;-;-;+;0;-;male;-;1;-;+;+;352;316;928;902;0
;1;31;60.1;-;-;+;100.0;-;+;+;693;-;female;+;3;-;+;+;153;235;418;513;0
;2;44;102.1;-;+;-;80.0;-;-;+;0;+;male;-;1;-;+;+;225;261;729;550;1
;2;26;89.5;-;+;-;90.0;-;-;+;0;-;male;-;1;-;+;-;214;237;1014;755;0
1062.0;1;27;78.1;-;-;-;80.0;-;-;+;0;-;male;-;1;-;+;-;410;689;390;766;0
825.0;0;35;87.2;-;+;-;100.0;-;-;+;0;-;male;-;1;-;-;-;529;459;696;705;1
916.0;1;39;81.7;-;+;+;;-;-;+;0;-;male;-;1;-;+;+;445;484;1277;1475;0
392.0;3;27;81.2;-;+;-;90.0;-;-;+;0;-;male;-;1;+;+;+;355;411;1026;772;1
1024.0;2;35;85.7;-;+;-;100.0;-;-;+;0;-;male;-;1;-;+;-;350;433;1255;1084;0
993.0;0;24;90.7;-;+;-;90.0;-;-;+;0;-;male;-;1;-;-;-;359;302;482;380;0
;3;31;79.3;-;+;-;100.0;-;-;+;0;+;male;-;1;-;+;-;276;331;371;408;0
986.0;2;30;62.7;-;+;-;100.0;-;-;+;0;-;male;-;1;-;+;-;374;405;1802;1150;0
903.0;2;40;72.2;-;+;-;100.0;-;-;+;0;-;male;-;1;+;+;+;281;309;941;785;0
147.0;3;30;79.5;-;+;-;100.0;-;-;+;0;+;male;-;1;+;+;+;348;165;1060;632;1
990.0;2;25;59.1;-;+;-;100.0;-;-;+;0;-;male;-;1;-;+;-;378;560;1628;1220;0
847.0;3;49;94.6;-;+;+;100.0;-;-;+;0;-;male;-;1;-;+;+;627;401;1302;816;1
1071.0;2;30;74.57184;-;+;-;;-;+;+;957;-;male;+;3;-;+;-;469;437;1430;1289;0
1034.0;0;36;69.31008;-;-;-;100.0;-;+;+;987;+;female;+;3;-;-;-;309;630;867;1259;0
749.0;0;31;78.9264;-;+;-;90.0;-;+;+;1469;-;male;+;3;-;-;-;526;436;1373;839;1
1071.0;3;32;89.22312;-;+;-;100.0;-;+;+;986;-;male;+;3;-;+;-;445;512;1356;1471;0
1057.0;3;44;86.36544;-;-;-;100.0;-;+;+;1339;-;male;+;3;-;+;-;464;236;1230;687;0
595.0;1;48;77.7;-;+;-;100.0;-;+;+;1201;-;male;+;3;-;+;-;270;240;1220;980;1
1066.0;3;63;65.0916;-;-;-;;-;+;+;965;-;female;+;3;-;+;-;373;394;837;1024;0
413.0;1;24;79.92432;-;+;-;100.0;-;+;+;988;-;male;+;3;-;+;+;469;411;1572;1693;0
;2;39;80.7;-;+;-;100.0;-;+;+;986;+;male;+;3;-;+;-;400;484;889;1094;0
1047.0;2;29;81.37584;-;+;-;100.0;-;+;+;876;-;male;+;3;-;+;-;440;401;1139;693;0
1116.0;0;29;71.442;-;+;-;100.0;-;+;+;175;-;male;+;2;-;-;-;421;475;644;700;0
1065.0;2;31;79.9;-;+;-;100.0;-;+;+;152;-;male;+;2;-;+;-;468;406;1357;797;0
1064.0;3;33;58.10616;-;-;-;100.0;-;+;+;42;-;female;+;2;-;+;-;491;464;737;760;0
1015.0;1;31;57.3804;-;-;-;100.0;-;+;+;39;-;female;+;2;-;+;+;559;546;1097;1131;0
1072.0;1;31;85.77576;-;+;-;100.0;-;+;+;865;-;male;+;3;-;+;-;549;513;1526;1686;0
1087.0;2;65;71.07912;-;+;-;100.0;-;-;+;0;-;male;-;1;-;+;-;425;435;788;814;0
1012.0;0;46;79.1532;-;+;-;90.0;-;+;+;949;-;male;+;3;-;-;-;413;387;2663;2640;0
316.0;3;32;72.576;-;-;-;;-;-;+;0;+;male;-;1;-;+;+;203;366;572;620;0
1021.0;0;30;83.50776;-;+;-;100.0;-;-;+;0;-;male;-;1;-;-;-;375;294;1054;645;0
974.0;3;28;44.18064;-;-;-;100.0;-;-;+;0;+;female;-;1;-;+;-;502;507;1363;1014;0
582.0;0;25;84.1428;-;-;-;100.0;-;-;+;0;-;male;-;1;-;-;-;264;379;950;1652;1
;3;26;63.504;-;-;-;;-;+;+;813;-;male;+;3;-;+;+;287;238;1223;882;0
150.0;2;43;69.4008;-;+;-;90.0;+;+;+;1000;+;male;+;3;+;+;+;186;138;1889;2232;1
263.0;0;46;90.72;-;+;-;100.0;-;+;+;855;+;male;+;3;-;-;+;275;277;1822;1368;0
1132.0;3;29;69.4008;-;-;-;90.0;-;+;+;1528;-;male;+;3;-;+;-;499;591;1002;1096;0
;0;28;83.32632;+;-;-;90.0;-;+;+;510;-;male;+;3;-;-;-;334;266;1127;896;0
286.0;2;26;82.1;+;-;-;100.0;-;+;+;1231;-;male;+;3;-;+;+;216;240;660;761;0
284.0;0;50;97.0704;-;+;-;90.0;-;+;+;957;-;male;+;3;+;-;+;163;138;408;286;1
1123.0;0;37;94.8024;-;+;-;90.0;-;-;+;732;-;male;+;3;-;-;+;494;451;1059;1036;0
254.0;3;55;77.7924;-;-;-;90.0;-;+;+;1146;+;male;+;3;-;+;+;160;129;1076;631;1
1130.0;1;34;74.3904;-;+;-;100.0;-;+;+;985;-;male;+;3;-;+;-;449;608;1337;996;0
839.0;0;31;58.8;-;+;-;100.0;+;+;+;764;+;male;+;3;+;-;-;203;166;820;618;1
1116.0;2;48;82.3284;-;+;-;90.0;-;+;+;829;-;male;+;3;-;+;-;332;419;618;538;0
1080.0;3;29;88.9056;-;-;-;90.0;-;-;+;0;+;male;-;1;-;+;-;437;569;2753;4113;0
786.0;2;36;71.8956;-;+;-;90.0;-;+;+;403;-;male;+;3;+;+;+;224;122;743;720;1
1019.0;0;43;77.112;-;+;-;90.0;+;-;+;433;-;male;+;3;+;-;+;296;312;1013;832;0
980.0;3;32;82.1016;-;+;-;100.0;-;-;+;0;-;male;-;1;+;+;-;224;332;1078;1173;0
1123.0;3;30;98.4312;-;+;+;90.0;-;-;+;0;-;male;-;1;-;+;-;417;772;702;749;0
;2;36;73.0296;-;+;-;90.0;-;-;+;578;-;male;+;3;+;+;-;311;359;812;815;0
;3;25;66.5;-;-;-;90.0;-;-;+;0;-;male;-;1;-;+;-;420;477;819;584;0
286.0;0;41;62.1432;-;+;-;90.0;-;+;+;103;+;male;+;2;-;-;+;299;323;494;849;1
1116.0;2;48;45.4;-;-;-;90.0;-;-;+;0;-;female;-;1;-;+;-;436;509;519;510;0
1102.0;2;45;67.5864;-;+;-;90.0;-;+;+;494;-;male;+;3;+;+;-;408;354;395;398;0
493.0;1;30;60.102;-;+;-;100.0;-;+;+;430;-;male;+;3;-;+;-;162;165;1294;900;1
1109.0;2;43;65.772;-;-;+;90.0;-;+;+;320;-;female;+;2;+;+;-;375;570;806;967;0
1104.0;1;41;74.3904;-;-;-;;-;+;+;111;+;female;+;2;-;+;-;480;715;707;677;0
1109.0;1;31;42.4116;-;-;+;80.0;-;+;+;99;+;female;+;2;-;+;-;448;320;749;730;0
823.0;0;44;82.1016;-;+;-;90.0;-;+;+;749;-;male;+;3;-;-;+;219;258;604;882;0
1087.0;0;29;57.1536;-;-;+;100.0;-;+;+;68;+;female;+;2;-;-;-;448;681;721;770;0
1022.0;1;43;69.4008;-;+;-;90.0;-;-;+;0;-;male;-;1;-;+;-;293;313;890;613;0
470.0;1;27;79.38;-;+;-;90.0;-;+;+;55;-;male;+;2;-;+;-;330;326;1738;1399;1
1088.0;2;28;92.7;-;+;-;100.0;-;+;+;38;+;male;+;2;-;+;-;433;402;836;642;0
832.0;3;39;45.8136;-;-;+;90.0;-;+;+;723;+;female;+;3;-;+;+;207;356;1261;1236;0
1087.0;1;35;97.5;-;-;-;100.0;-;+;+;585;+;male;+;3;-;+;-;396;522;968;929;0
138.0;1;35;88.6788;-;+;-;90.0;-;-;+;0;+;male;-;1;+;+;+;345;372;927;1039;0
1074.0;0;27;76.2048;-;+;-;90.0;-;-;+;0;-;male;-;1;-;-;-;456;438;757;632;0
476.0;3;26;57.834;-;-;-;90.0;-;-;+;0;+;female;-;1;-;+;+;218;327;990;1155;1
1133.0;3;36;63.0504;-;+;-;90.0;-;+;+;493;-;male;+;3;-;+;-;243;276;680;629;0
571.0;0;30;90.0396;-;+;-;100.0;-;+;+;106;+;male;+;2;-;-;+;329;307;1254;1233;0
470.0;1;26;63.6;-;+;-;90.0;-;-;+;0;-;male;-;1;-;+;+;307;411;443;523;0
834.0;0;29;81.4212;-;+;-;100.0;-;-;+;0;-;male;-;1;-;-;-;356;433;828;684;1
833.0;2;57;57.1536;-;-;-;90.0;-;+;+;193;+;female;+;2;-;+;-;498;263;659;323;1
1000.0;3;41;63.0504;-;+;-;100.0;-;+;+;245;+;male;+;2;-;+;+;174;276;296;328;0
1123.0;2;36;81.1944;-;+;-;90.0;-;-;+;0;-;male;-;1;-;+;-;421;536;590;522;0
1112.0;3;45;78.9264;-;+;-;90.0;-;+;+;369;-;male;+;3;-;+;-;512;474;1901;1489;0
1116.0;1;40;75.2976;-;+;+;90.0;-;+;+;25;-;male;+;2;-;+;-;434;617;1236;940;0
1119.0;0;30;78.0;-;+;-;90.0;-;-;+;0;-;male;-;1;-;-;-;422;510;1040;858;0
925.0;0;37;88.6788;-;+;-;90.0;-;-;+;0;-;male;-;1;-;-;+;355;370;595;349;0
1049.0;3;39;73.0296;-;+;-;100.0;-;-;+;0;-;male;-;1;-;+;-;226;383;761;995;0
479.0;2;27;53.16192;-;-;-;90.0;-;-;+;0;-;female;-;1;+;+;+;230;287;1014;561;1
329.0;3;26;77.112;-;-;+;80.0;-;-;+;0;-;male;-;1;-;+;+;172;149;2267;1621;1
795.0;0;38;130.6368;-;-;-;90.0;-;-;+;0;-;female;-;1;-;-;+;385;394;949;659;0
452.0;0;29;79.38;-;+;-;90.0;-;-;+;0;+;female;-;1;-;-;+;264;330;644;617;0
552.0;1;30;83.8;-;+;-;90.0;-;-;+;0;-;male;-;1;-;+;+;249;433;1341;847;0
306.0;2;49;59.1948;-;+;-;90.0;-;-;+;0;-;female;-;1;-;+;+;331;320;471;368;0
681.0;2;36;50.3496;-;-;-;100.0;-;-;+;0;+;female;-;1;-;+;+;332;663;1016;832;0
942.0;0;17;51.2568;-;-;-;90.0;-;-;+;0;+;female;-;1;-;-;+;549;415;1222;711;0
1173.0;1;47;72.3;-;-;-;100.0;-;+;+;447;-;male;+;3;-;+;-;210;464;481;1347;0
1194.0;0;41;73.8;-;+;-;100.0;-;+;+;191;-;male;+;3;-;-;-;461;424;691;623;0
1195.0;1;55;76.6584;-;+;-;90.0;-;+;+;1759;-;male;+;3;-;+;-;460;453;1335;1380;0
302.0;3;40;78.2;-;+;-;100.0;-;+;+;685;-;male;+;3;-;+;+;251;341;610;1023;1
230.0;3;34;68.04;-;+;-;100.0;-;+;+;883;-;male;+;3;-;+;-;385;211;816;782;1
739.0;1;31;57.6072;-;-;-;100.0;-;-;+;0;+;female;-;1;-;+;-;468;584;576;482;0
1095.0;3;46;62.23392;+;-;-;100.0;-;+;+;1218;-;male;+;3;-;+;+;282;184;747;512;0
;2;31;68.04;-;+;-;100.0;-;+;+;1147;-;male;+;3;-;+;+;660;842;1822;2028;0
869.0;3;34;72.7;-;+;-;;-;+;+;225;+;male;+;2;-;+;-;279;357;993;1015;0
482.0;0;22;77.112;+;-;-;100.0;-;+;+;1051;-;male;+;3;-;-;+;364;224;1295;694;0
;2;33;75.4;-;+;-;;-;+;+;915;-;male;+;3;-;+;-;439;365;1117;1003;0
;1;29;68.9472;-;-;-;100.0;-;+;+;57;+;female;+;2;-;+;+;421;551;662;836;0
368.0;3;37;70.7616;-;+;-;90.0;-;-;+;0;+;male;-;1;-;+;-;207;353;618;953;1
1067.0;1;45;82.782;-;+;-;100.0;-;-;+;0;-;male;-;1;+;+;-;288;423;502;700;0
927.0;3;36;66.2256;-;-;-;100.0;-;+;+;307;+;female;+;2;+;+;-;393;347;655;620;0
585.0;0;29;69.4008;-;-;+;90.0;-;+;+;893;-;female;+;3;+;-;+;236;153;542;419;1
1087.0;1;37;74.3904;-;-;-;100.0;-;+;+;145;+;male;+;2;-;+;-;314;238;1313;1030;0
;3;22;105.6888;-;-;-;100.0;-;-;+;0;-;female;-;1;-;+;+;281;172;766;624;1
1049.0;1;56;82.1016;-;+;-;100.0;-;-;+;0;+;male;-;1;-;+;-;460;602;519;369;0
961.0;2;39;85.2768;-;-;+;90.0;-;-;+;0;-;male;-;1;-;+;+;180;475;274;950;0
1000.0;0;25;48.3084;-;-;-;100.0;-;-;+;0;+;female;-;1;-;-;-;410;217;760;549;0
919.0;1;56;71.2152;-;-;+;80.0;-;+;+;858;+;male;+;3;-;+;-;341;646;773;1053;0
1085.0;2;29;71.8;-;-;+;90.0;-;+;+;161;+;male;+;2;-;+;-;479;454;959;718;0
745.0;0;35;77.7;-;-;+;90.0;-;+;+;248;+;male;+;2;-;-;-;341;372;1058;922;0
482.0;0;36;75.4;-;+;-;80.0;-;+;+;127;-;male;+;2;-;-;-;395;471;1059;807;1
1120.0;2;37;63.6;-;-;+;90.0;-;-;+;0;+;male;-;1;-;+;-;263;374;677;1106;0
1085.0;3;44;84.3696;-;+;+;;-;+;+;1137;+;male;+;3;-;+;+;359;431;1040;1438;0
1011.0;2;49;115.668;-;+;-;;-;-;+;0;+;male;-;1;-;+;-;442;461;1794;883;0
1044.0;3;45;69.8544;-;+;-;90.0;-;+;+;4;+;male;-;1;-;+;-;470;374;986;698;0
1002.0;3;50;65.0;-;+;-;90.0;-;-;+;0;+;male;-;1;-;+;-;452;465;1583;1175;0
406.0;1;35;81.1;-;+;-;100.0;+;-;+;551;-;male;+;3;-;+;+;174;207;1394;1551;1
1180.0;1;29;88.6;-;-;-;100.0;-;-;+;0;+;male;-;1;-;+;-;380;634;1673;2462;0
1079.0;2;38;83.6;-;+;-;100.0;-;-;+;0;-;male;-;1;-;+;-;276;415;414;860;0
1120.0;2;28;62.5;-;+;-;100.0;-;+;+;68;-;male;+;2;-;+;+;226;313;950;816;0
;3;32;73.4;-;+;-;90.0;-;-;+;0;+;male;-;1;-;+;-;441;383;1123;1072;0
1174.0;1;30;77.3;-;+;-;;-;-;+;0;-;male;-;1;-;+;-;309;666;806;1110;0
1081.0;3;49;76.5;-;+;-;100.0;-;-;+;0;+;male;-;1;-;+;+;335;234;2312;955;0
825.0;0;47;93.2;-;-;-;100.0;-;+;+;405;+;male;+;3;-;-;-;476;417;680;888;0
1120.0;1;39;110.7;-;+;-;;-;+;+;109;-;male;+;2;-;+;+;230;285;1518;1685;0
1146.0;1;59;58.6;-;-;-;100.0;-;+;+;763;+;female;+;3;-;+;-;339;368;1113;1103;0
1070.0;0;38;49.8;-;-;+;90.0;-;-;+;354;+;female;+;2;-;-;-;357;376;796;1228;0
1139.0;0;62;95.4;-;+;-;;-;+;+;1798;+;male;+;3;-;-;-;287;282;620;915;0
720.0;3;42;65.4;-;+;-;90.0;-;-;+;340;+;male;+;2;-;+;-;238;265;677;1005;1
783.0;3;33;73.2;-;+;-;90.0;-;-;+;0;+;male;-;1;-;+;+;464;491;524;672;0
1024.0;0;29;61.4;-;-;-;100.0;-;+;+;335;+;female;+;2;-;-;-;272;264;1071;1232;0
713.0;2;32;92.7;-;-;-;90.0;-;+;+;304;-;male;+;2;-;+;-;289;336;714;687;1
1055.0;3;44;77.3;-;+;-;90.0;-;-;+;0;-;male;-;1;-;+;-;559;707;805;728;0
958.0;2;37;59.1;-;-;-;90.0;-;-;+;0;-;female;-;1;-;+;+;213;252;515;557;1
517.0;2;32;71.4;-;+;-;90.0;-;-;+;154;-;male;+;2;-;+;+;216;346;744;1038;1
1093.0;2;39;80.9;-;-;+;90.0;-;+;+;1265;+;female;+;3;-;+;-;408;380;952;745;0
1103.0;3;38;82.2;-;+;-;100.0;-;-;+;0;-;male;-;1;-;+;-;316;335;1402;1094;0
1081.0;2;35;62.3;-;-;-;90.0;-;+;+;493;+;female;+;3;-;+;-;401;400;836;713;0
993.0;3;31;70.0;-;-;-;100.0;-;-;+;365;+;female;+;2;-;+;-;376;357;1013;1174;0
1076.0;1;43;70.5;-;-;-;100.0;-;-;+;0;+;female;-;1;-;+;-;415;443;1853;1246;0
557.0;2;31;86.8;-;-;+;100.0;-;-;+;0;+;male;-;1;-;+;+;224;346;776;562;0
477.0;2;35;79.0;-;-;-;100.0;-;+;+;142;+;male;+;2;-;+;+;300;246;1073;930;0
975.0;0;32;86.184;-;+;-;90.0;-;-;+;304;-;male;+;2;-;-;-;379;358;728;944;0
;1;27;57.6072;-;+;-;90.0;-;+;+;945;-;male;+;3;+;+;+;453;367;1550;1154;0
702.0;1;33;71.6688;-;+;-;90.0;-;+;+;838;-;male;+;3;+;+;+;210;149;602;586;1
1165.0;0;32;100.6992;-;+;-;90.0;-;+;+;213;-;male;+;2;+;-;-;375;343;1028;920;0
736.0;2;30;80.7408;-;-;-;100.0;-;-;+;0;-;male;-;1;-;+;+;389;408;1355;941;0
;0;31;102.06;-;+;-;90.0;+;-;+;307;-;male;+;2;-;-;+;262;258;622;638;0
872.0;2;45;71.6688;-;+;-;100.0;-;+;+;875;-;male;+;3;-;+;-;397;598;1455;1403;0
312.0;0;33;67.7;-;+;-;100.0;-;-;+;0;+;male;-;1;-;-;+;267;126;1469;1083;1
;3;36;58.0608;-;-;+;90.0;-;+;+;855;+;female;+;3;-;+;+;342;158;1229;713;0
1103.0;2;39;98.4312;-;+;-;100.0;-;-;+;0;-;male;-;1;-;+;-;410;530;1426;1304;0
1132.0;0;36;84.3696;-;+;-;90.0;-;-;+;0;-;male;-;1;-;-;-;370;376;1287;1241;0
1126.0;2;36;86.184;-;+;-;90.0;-;+;+;1111;-;male;+;3;-;+;-;413;345;1084;642;0
318.0;1;25;67.5864;-;+;-;100.0;-;+;+;365;-;male;+;2;+;+;+;298;307;1428;1557;1
299.0;2;47;95.2;-;+;-;80.0;-;-;+;730;-;male;+;3;+;+;+;254;222;2792;2534;1
1117.0;1;44;82.1016;-;+;-;90.0;-;+;+;602;-;male;+;3;-;+;-;423;517;1111;1193;0
1110.0;1;40;79.38;-;+;+;90.0;-;+;+;31;-;male;+;2;-;+;-;386;476;2012;2232;0
;0;37;85.7304;-;-;+;100.0;-;-;+;0;+;male;-;1;-;-;-;352;343;975;1029;0
1043.0;3;32;76.6584;-;+;-;;-;+;+;31;-;male;+;2;-;+;-;245;192;1428;852;0
393.0;0;30;70.7616;-;+;-;100.0;-;-;+;0;+;male;-;1;-;-;-;331;191;1510;919;1
1077.0;1;47;85.2768;-;+;+;90.0;-;-;+;0;-;male;-;1;-;+;-;286;468;571;646;0
;1;36;84.3696;-;+;-;;-;-;+;0;-;male;-;1;-;+;-;400;373;2185;1913;0
983.0;0;39;78.4728;-;+;-;100.0;-;-;+;0;-;male;-;1;-;-;+;361;379;984;1033;0
639.0;0;35;73.9368;-;-;-;100.0;-;+;+;879;+;female;+;3;-;-;-;213;238;1132;750;1
589.0;1;24;61.236;-;+;-;90.0;-;-;+;0;+;male;-;1;-;+;+;276;162;1381;1247;1
1026.0;0;33;66.6792;-;-;-;100.0;-;-;+;0;+;female;-;1;-;-;-;341;593;1112;889;0
1010.0;3;42;103.4208;-;-;+;;-;-;+;0;-;male;-;1;-;+;-;318;485;438;523;0
638.0;3;38;76.2048;-;+;-;100.0;-;-;+;0;+;male;-;1;-;+;+;199;295;707;900;0
986.0;3;29;64.4112;-;+;-;100.0;-;+;+;1668;+;male;+;3;-;+;-;392;513;771;1067;0
1059.0;3;47;71.2152;-;-;-;100.0;-;+;+;67;+;female;+;2;-;+;-;162;264;459;573;0
1095.0;3;42;69.8544;-;-;-;100.0;-;+;+;230;+;female;+;2;-;+;-;429;468;1267;920;0
1096.0;1;31;80.2872;-;-;-;100.0;-;+;+;238;+;male;+;2;-;+;-;290;244;828;585;0
1091.0;0;37;69.8544;-;-;-;100.0;-;+;+;650;+;female;+;3;-;-;-;279;306;354;444;0
1090.0;2;42;67.1328;-;-;-;100.0;-;+;+;822;-;female;+;3;-;+;-;388;343;1040;710;0
1091.0;1;34;61.6896;-;-;-;100.0;-;+;+;249;+;female;+;2;-;+;-;247;201;982;1240;0
520.0;0;42;86.8644;-;-;-;100.0;-;+;+;25;+;female;+;2;+;-;+;242;219;516;465;1
1087.0;3;29;58.2876;-;-;-;100.0;-;+;+;959;+;female;+;3;-;+;-;324;280;713;714;0
948.0;0;30;70.7616;-;-;-;100.0;-;+;+;230;-;female;+;2;-;-;+;346;300;337;318;0
569.0;1;27;59.4216;-;-;-;100.0;-;-;+;0;+;male;-;1;-;+;+;179;325;391;800;0
1097.0;3;34;100.3;-;-;-;100.0;-;+;+;1019;-;male;+;3;-;+;-;365;370;499;392;0
1056.0;0;37;63.0;-;-;-;100.0;-;+;+;768;+;female;+;3;-;-;-;421;346;2398;2190;0
1089.0;1;31;41.0;-;-;+;100.0;-;+;+;1027;-;female;+;3;-;+;-;714;330;1155;585;0
1091.0;3;40;72.7;-;-;+;100.0;-;+;+;668;-;female;+;3;+;+;-;313;479;708;942;0
1002.0;2;30;79.5;-;+;-;100.0;-;+;+;1633;+;male;+;3;-;+;+;235;233;1529;1495;0
1088.0;1;31;69.0;-;-;-;100.0;-;+;+;402;+;female;+;3;-;+;-;363;277;596;388;0
1153.0;2;32;77.0;-;-;-;100.0;-;+;+;847;+;female;+;3;-;+;-;342;490;1108;1248;0
211.0;0;34;61.2;-;-;-;100.0;-;+;+;329;+;female;+;2;-;-;+;212;135;899;785;1
964.0;0;33;68.0;-;-;+;100.0;-;+;+;842;-;male;+;3;-;-;+;304;264;632;549;0
1147.0;3;38;95.5;-;-;+;100.0;-;+;+;909;+;male;+;3;-;+;-;411;358;1276;1173;0
1133.0;0;45;69.5;-;-;-;;-;+;+;329;+;female;+;2;-;-;-;312;333;1168;1103;0
383.0;3;37;69.0;-;-;-;;-;-;+;0;+;female;-;1;-;+;-;209;251;653;541;1
1001.0;1;24;60.0;-;-;-;100.0;-;+;+;359;+;female;+;2;-;+;+;324;269;624;560;0
;0;26;67.6;-;-;-;100.0;-;-;+;0;-;female;-;1;-;-;-;512;566;800;711;0
968.0;1;33;43.8;-;-;+;100.0;-;-;+;0;-;female;-;1;-;+;+;263;315;305;247;0
999.0;2;39;127.7;-;-;-;100.0;-;-;+;0;+;male;-;1;-;+;-;508;557;853;783;0
890.0;0;31;58.0608;-;-;-;100.0;-;-;+;0;+;female;-;1;-;-;+;419;310;679;480;0
678.0;3;38;70.7616;-;-;+;100.0;-;+;+;1673;-;male;+;3;-;+;+;317;285;716;516;0
1119.0;0;34;55.3392;-;-;-;100.0;-;+;+;1635;-;female;+;3;-;-;-;337;336;622;661;0
991.0;0;41;61.236;+;-;-;100.0;-;-;+;195;+;female;+;2;-;-;-;459;414;604;457;0
1008.0;2;45;58.5144;-;-;-;100.0;-;+;+;1651;+;female;+;3;-;+;-;357;332;611;550;0
1147.0;2;33;57.1536;-;-;-;100.0;-;-;+;1420;+;female;+;3;-;+;-;463;489;594;554;0
561.0;3;45;64.4112;-;-;-;100.0;-;+;+;1583;+;female;+;3;-;+;-;273;273;1190;1209;1
1030.0;2;50;53.5248;-;-;-;100.0;-;+;+;1648;+;female;+;3;-;+;-;481;372;944;485;0
1087.0;0;40;71.6688;-;-;-;100.0;-;-;+;0;+;female;-;1;-;-;-;440;499;493;353;0
963.0;1;42;73.0296;-;+;-;100.0;-;+;+;676;-;male;+;3;-;+;+;245;384;561;753;0
1003.0;3;31;57.6072;-;-;-;100.0;-;+;+;1356;+;female;+;3;-;+;+;368;403;352;393;0
955.0;2;52;55.3392;-;-;-;;-;+;+;1439;+;female;+;3;-;+;-;493;430;1114;925;0
1140.0;1;41;76.2048;-;-;+;100.0;-;+;+;289;+;male;+;2;-;+;-;336;280;896;871;0
1064.0;1;22;47.628;-;-;-;100.0;-;+;+;200;+;female;+;2;-;+;+;303;319;744;613;0
1109.0;2;29;45.8136;-;-;+;100.0;-;+;+;671;+;female;+;3;-;+;-;237;267;748;788;0
1103.0;3;33;79.8336;-;-;-;100.0;-;+;+;436;+;female;+;3;-;+;-;209;239;823;567;0
491.0;0;36;80.7408;-;-;-;100.0;-;-;+;0;+;female;-;1;-;-;-;211;291;1007;1224;1
513.0;2;20;84.8232;-;-;+;100.0;-;-;+;0;-;male;-;1;+;+;+;422;574;1356;1053;0
;2;37;58.5144;-;-;-;;-;-;+;0;+;female;-;1;-;+;-;223;288;404;391;0
970.0;1;39;100.4724;-;-;-;100.0;-;-;+;0;+;male;-;1;-;+;-;297;393;669;682;0
445.0;1;35;63.5;-;+;-;90.0;-;+;+;1272;-;male;+;3;-;+;+;278;285;520;230;0
313.0;3;38;74.3904;-;-;-;90.0;-;+;+;374;-;male;+;3;-;+;-;146;130;1774;1469;1
;3;38;88.2;-;+;-;90.0;-;-;+;355;-;male;+;2;-;+;-;342;301;1095;1234;0
400.0;0;30;149.0;-;+;-;90.0;-;-;+;0;-;male;-;1;-;-;+;345;152;1052;760;1
1165.0;2;35;60.3288;-;+;-;90.0;-;+;+;665;-;male;+;3;+;+;-;400;380;1554;1089;0
566.0;0;31;72.1224;-;+;-;100.0;-;+;+;807;-;male;+;3;-;-;-;443;360;1129;823;1
1058.0;2;45;68.4936;-;+;-;100.0;-;+;+;818;-;male;+;3;-;+;-;242;309;653;649;0
1087.0;3;41;71.442;-;+;-;100.0;-;+;+;802;-;male;+;3;-;+;-;216;332;1451;1190;0
1140.0;2;41;69.4008;-;+;-;100.0;-;+;+;739;+;male;+;3;-;+;-;204;338;417;500;0
1090.0;2;40;74.3904;-;+;-;100.0;-;+;+;782;-;male;+;3;-;+;-;400;470;1178;960;0
1139.0;3;34;61.6896;-;+;-;100.0;-;+;+;930;+;male;+;3;-;+;-;336;285;1344;887;0
;2;32;73.9;-;+;-;100.0;-;+;+;902;-;male;+;3;+;+;+;296;362;1706;1120;1
826.0;3;38;89.3592;-;+;-;90.0;-;+;+;792;-;male;+;3;+;+;+;349;312;562;520;1
1224.0;0;35;66.6792;-;+;-;100.0;-;+;+;1232;-;male;+;3;-;-;-;530;568;1267;1277;0
1055.0;0;44;83.916;-;+;-;100.0;-;+;+;793;-;male;+;3;-;-;-;450;454;791;738;0
1154.0;3;35;75.978;-;+;-;;-;+;+;869;+;male;+;3;-;+;+;516;411;1243;1211;0
476.0;2;47;64.638;-;+;-;;-;+;+;1360;-;male;+;3;-;+;-;496;399;992;784;1
1154.0;1;37;89.04168;-;+;-;100.0;-;+;+;882;-;male;+;3;-;+;-;384;472;1151;964;0
1036.0;1;26;67.5864;-;+;-;100.0;-;+;+;792;-;male;+;3;-;+;+;257;378;368;605;0
;3;31;69.4008;-;+;-;90.0;-;-;+;30;+;male;+;2;-;+;+;400;323;743;620;0
381.0;3;41;69.4008;-;+;-;100.0;-;-;+;168;-;male;+;2;+;+;+;258;265;1548;1457;1
1159.0;1;39;81.648;-;+;+;90.0;-;+;+;482;-;male;+;3;-;+;-;358;216;1574;1242;0
653.0;3;29;53.0712;-;+;-;90.0;-;-;+;0;-;male;-;1;-;+;+;477;400;1034;1475;1
627.0;0;62;76.4316;-;+;-;;-;-;+;0;-;male;-;1;-;-;+;408;257;1392;1244;1
1160.0;0;33;60.7824;-;+;-;90.0;+;-;+;497;+;male;+;3;+;-;-;348;221;1326;698;0
559.0;0;30;89.8128;-;+;-;;-;+;+;793;-;male;+;3;-;-;-;290;176;1352;934;1
226.0;0;36;66.6792;-;-;-;90.0;-;+;+;728;-;female;+;3;+;-;+;278;224;955;964;1
1006.0;0;49;91.1736;-;+;-;90.0;-;-;+;0;-;male;-;1;+;-;-;331;363;1426;877;0
1152.0;1;33;67.8132;-;+;-;;-;-;+;0;-;male;-;1;-;+;-;404;464;558;548;0
1224.0;1;32;70.7616;-;+;-;90.0;-;-;+;0;-;male;-;1;-;+;-;370;635;959;1293;0
1151.0;2;42;93.4416;-;+;-;;-;+;+;372;-;male;+;3;+;+;-;516;483;716;869;0
939.0;2;24;71.6688;-;+;-;90.0;-;-;+;0;-;male;-;1;+;+;+;372;321;1066;1232;0
169.0;0;49;82.1016;-;+;-;100.0;-;+;+;480;-;male;+;3;-;-;+;425;246;2248;1814;1
730.0;0;55;83.4624;-;+;-;100.0;-;-;+;168;-;male;+;2;-;-;-;312;247;1000;1199;1
637.0;0;37;76.4316;-;+;-;100.0;-;+;+;298;-;male;+;2;-;-;-;548;636;979;1181;1
646.0;3;27;65.3184;-;-;-;90.0;-;+;+;460;-;male;+;2;-;+;+;284;252;537;780;0
;0;31;86.6376;-;+;-;90.0;-;+;+;333;-;male;+;2;-;-;-;343;300;1244;1220;1
1217.0;3;39;96.1632;-;+;-;90.0;-;-;+;0;-;male;-;1;+;+;-;411;679;1020;1334;0
1224.0;3;53;97.524;-;+;-;;-;-;+;0;-;male;-;1;-;+;-;374;506;1342;1012;0
706.0;2;42;91.6272;-;+;-;90.0;-;-;+;0;-;male;-;1;+;+;-;281;353;1161;1149;1
478.0;2;54;60.7824;-;+;-;90.0;-;+;+;178;-;male;+;2;-;+;-;246;157;1230;879;1
504.0;0;20;72.7;-;+;-;;-;+;+;21;-;male;+;2;-;-;+;283;334;694;836;0
1191.0;1;26;69.4008;-;+;-;100.0;-;+;+;272;+;male;+;2;-;+;-;324;339;1044;1169;0
644.0;3;30;53.3;-;+;-;100.0;-;+;+;302;-;male;+;2;+;+;-;578;524;849;1149;1
347.0;0;31;81.8748;-;-;-;90.0;-;-;+;0;-;male;-;1;-;-;+;354;297;680;659;1
1182.0;3;30;82.3;-;+;-;90.0;-;+;+;85;+;male;+;2;-;+;-;357;357;821;1032;0
147.0;0;32;83.2;-;+;+;90.0;-;+;+;7;+;male;-;1;-;-;+;234;108;1250;461;1
1148.0;2;31;75.7;-;+;-;100.0;-;-;+;0;-;male;-;1;+;+;-;540;551;660;630;0
1070.0;1;29;65.5;-;+;-;100.0;-;+;+;367;+;male;+;3;-;+;-;431;420;843;745;0
898.0;1;30;64.5;-;+;-;100.0;-;+;+;45;-;male;+;2;+;+;-;350;292;833;794;1
959.0;3;23;85.5;-;+;-;90.0;-;-;+;0;+;male;-;1;-;+;-;715;716;770;774;1
1074.0;1;33;80.1;-;+;-;90.0;-;+;+;679;+;male;+;3;-;+;-;426;460;706;609;0
1099.0;3;30;72.7;-;+;-;90.0;-;+;+;539;-;male;+;3;-;+;+;311;360;1408;1802;0
1084.0;3;27;62.0;-;+;-;;-;+;+;149;+;male;+;2;-;+;-;378;580;892;1136;0
963.0;1;27;75.8;-;-;-;90.0;-;-;+;0;+;male;-;1;-;+;-;689;439;919;787;0
;3;37;78.9264;-;+;-;90.0;-;-;+;0;-;male;-;1;-;+;-;462;528;776;688;0
1161.0;2;27;87.318;-;+;-;100.0;-;-;+;0;-;male;-;1;-;+;-;560;470;980;635;0
1203.0;1;37;92.5344;-;+;-;90.0;-;-;+;0;-;male;-;1;-;+;-;295;500;868;920;0
1189.0;2;20;67.2;-;+;-;90.0;-;+;+;86;-;male;+;2;-;+;-;537;509;736;679;0
1176.0;3;29;78.4728;-;+;-;90.0;-;-;+;0;+;male;-;1;-;+;+;229;249;688;611;0
484.0;3;37;78.0192;-;+;+;90.0;-;+;+;152;-;male;+;2;+;+;-;384;208;1537;1057;1
1173.0;1;30;81.8748;-;+;-;100.0;-;-;+;0;-;male;-;1;-;+;-;476;496;1315;1250;0
1167.0;1;33;80.514;-;+;-;90.0;-;+;+;90;+;male;+;2;-;+;-;246;365;1574;1740;0
641.0;1;33;76.2048;-;+;-;90.0;-;-;+;0;-;male;-;1;-;+;+;1199;565;509;348;0
1126.0;0;37;76.6584;-;+;-;;-;-;+;0;-;male;-;1;-;-;-;416;467;1420;1454;0
1138.0;2;26;65.3184;+;-;-;80.0;-;-;+;0;-;male;-;1;-;+;-;336;356;516;585;0
1069.0;1;30;81.3;-;+;-;90.0;-;-;+;0;-;male;-;1;-;+;-;418;450;1722;1043;0
;1;23;78.4728;-;+;-;100.0;-;+;+;238;-;male;+;2;-;+;+;168;246;512;1214;0
1132.0;1;69;81.648;-;+;-;100.0;-;-;+;0;-;male;-;1;-;+;-;455;566;2216;1220;0
973.0;2;46;76.7;-;+;-;100.0;-;-;+;0;-;male;-;1;-;+;-;454;422;1115;784;0
961.0;3;36;65.772;-;-;-;100.0;-;+;+;155;-;female;+;2;-;+;-;378;341;697;382;1
406.0;0;19;50.8032;-;-;-;90.0;-;-;+;0;+;female;-;1;-;-;+;298;267;442;353;0
1054.0;0;28;78.9264;-;+;-;90.0;-;-;+;0;-;male;-;1;+;-;-;506;342;758;459;0
989.0;0;29;69.8544;-;+;-;90.0;-;+;+;5;-;male;-;1;-;-;+;414;447;920;801;0
252.0;2;29;100.6992;-;+;-;90.0;-;-;+;0;-;male;-;1;+;+;+;562;444;978;586;1
587.0;0;34;68.4936;-;-;-;90.0;-;-;+;0;+;male;-;1;-;-;+;416;656;1567;2333;0
1039.0;2;48;69.8544;-;-;-;90.0;-;-;+;0;-;male;-;1;-;+;-;389;321;931;864;0
636.0;3;27;86.184;-;+;-;90.0;-;-;+;0;+;male;-;1;-;+;-;123;157;780;941;1
1018.0;3;70;63.0504;-;+;-;90.0;-;-;+;0;-;male;-;1;-;+;-;479;574;682;500;0
1007.0;3;28;80.2872;-;+;-;90.0;-;-;+;0;+;male;-;1;-;+;-;558;516;1421;1247;0
1004.0;1;28;65.772;-;+;-;90.0;-;-;+;0;+;male;-;1;-;+;-;467;423;1786;1230;0
145.0;2;27;62.5968;-;-;-;90.0;-;-;+;0;+;male;-;1;-;+;+;270;242;917;983;0
330.0;1;36;77.112;+;-;+;;-;-;+;0;-;male;-;1;-;+;+;346;360;1018;719;0
;1;42;73.0;-;+;-;100.0;-;+;+;1224;-;male;+;3;+;+;+;340;276;1094;689;1
1119.0;0;55;71.2152;-;+;-;90.0;+;-;+;89;+;male;+;2;-;-;+;448;379;752;798;0
1146.0;1;44;69.0;-;+;-;100.0;-;+;+;933;-;male;+;3;-;+;-;580;537;2617;1896;0
1119.0;0;30;57.6072;-;-;-;100.0;-;+;+;1003;-;female;+;3;-;-;-;672;642;636;686;0
727.0;3;41;72.0;-;+;-;90.0;-;-;+;0;-;male;-;1;-;+;-;213;441;906;1232;0
50.0;2;43;64.4112;-;+;-;70.0;-;+;+;29;-;male;+;2;+;+;+;164;52;944;927;1
1144.0;3;38;78.4728;-;+;-;100.0;-;+;+;88;-;male;+;2;-;+;-;321;278;582;525;0
977.0;1;32;72.2;-;+;-;;-;+;+;113;-;male;+;2;-;+;-;225;234;503;629;0
570.0;0;48;112.0;-;-;-;100.0;-;+;+;548;-;female;+;3;-;-;-;124;172;715;1320;1
992.0;1;40;66.3;-;-;+;100.0;-;+;+;382;+;male;+;3;-;+;-;197;429;531;902;0
977.0;2;39;91.0;-;+;-;;-;+;+;178;-;male;+;2;-;+;+;653;395;1359;756;0
981.0;2;35;73.71;-;+;-;100.0;-;-;+;0;-;male;-;1;-;+;+;236;281;593;634;0
;1;38;50.0;-;-;+;100.0;-;-;+;0;-;female;-;1;-;+;+;275;515;946;1361;1
1112.0;3;30;129.0;-;+;-;100.0;-;-;+;0;+;male;-;1;-;+;-;299;332;1228;1250;0
1095.0;0;29;61.5;-;+;-;;-;+;+;382;+;male;+;3;-;-;-;321;342;650;912;0
1091.0;1;41;58.0;-;-;-;100.0;-;-;+;0;+;female;-;1;-;+;-;413;623;1106;1102;0
334.0;2;36;69.5;-;-;+;90.0;-;+;+;799;-;female;+;3;-;+;+;215;178;265;311;1
1088.0;2;36;65.9;-;-;+;100.0;-;+;+;503;+;male;+;3;-;+;-;237;383;919;1042;0
993.0;3;32;63.6;-;-;-;100.0;-;+;+;353;-;female;+;2;-;+;+;275;473;301;715;0
1088.0;0;28;63.6;-;-;-;90.0;-;+;+;728;+;male;+;3;-;-;-;267;274;721;929;0
1087.0;3;35;59.1;-;-;-;100.0;-;+;+;33;-;female;+;2;-;+;-;327;560;740;613;0
727.0;0;42;72.576;-;+;-;;-;-;+;0;-;male;-;1;-;-;+;316;221;841;731;1
1049.0;3;38;55.7928;-;-;-;100.0;-;+;+;770;-;female;+;3;-;+;-;482;237;684;441;0
1059.0;3;35;62.1432;-;+;-;100.0;-;-;+;0;-;male;-;1;-;+;-;225;547;321;651;0
749.0;2;29;66.6792;-;-;-;100.0;-;-;+;0;+;male;-;1;-;+;+;286;379;784;752;1
901.0;2;35;99.0;-;+;-;;-;-;+;0;-;male;-;1;-;+;+;399;500;1920;1261;0
1020.0;1;36;62.7;-;-;-;100.0;-;-;+;0;-;female;-;1;-;+;-;670;693;1571;871;0
;3;36;78.246;-;-;+;90.0;-;-;+;0;+;male;-;1;-;+;+;379;243;740;827;0
852.0;0;45;70.9;-;-;+;100.0;-;-;+;0;+;female;-;1;-;-;+;422;401;673;633;0
667.0;1;27;75.3;-;+;-;100.0;-;-;+;0;-;male;-;1;-;+;+;499;330;870;599;0
986.0;0;37;78.5;-;+;-;100.0;-;-;+;0;-;male;-;1;-;-;-;410;397;623;525;0
1089.0;0;42;61.236;-;+;-;90.0;-;+;+;1253;-;male;+;3;+;-;-;643;515;1285;1148;0
140.0;0;34;63.59472;-;+;-;100.0;-;+;+;1356;-;male;+;3;+;-;+;293;142;895;614;0
1088.0;3;43;61.236;-;+;-;90.0;-;+;+;1420;-;male;+;3;-;+;-;286;325;602;568;0
812.0;0;29;74.844;-;+;-;100.0;-;+;+;889;-;male;+;3;+;-;-;323;372;576;655;1
468.0;0;40;88.9056;-;+;-;90.0;-;+;+;804;-;male;+;3;-;-;+;248;371;1861;2486;1
1077.0;1;34;57.6072;-;+;-;80.0;-;+;+;1292;-;male;+;3;+;+;+;200;407;380;814;0
;2;45;86.184;-;+;-;90.0;-;+;+;1594;-;male;+;3;+;+;-;174;179;392;472;1
1064.0;1;33;89.3592;-;+;-;100.0;-;+;+;925;-;male;+;3;+;+;-;194;321;1162;1478;0
1157.0;0;34;64.4112;-;+;-;70.0;-;+;+;930;-;male;+;3;-;-;-;351;371;1109;965;0
1087.0;3;32;74.844;-;+;-;100.0;-;+;+;1475;-;male;+;3;-;+;-;362;640;742;1229;0
1154.0;2;48;71.8956;-;+;-;100.0;-;+;+;370;-;male;+;3;-;+;-;282;353;780;761;0
391.0;3;38;64.4112;-;+;-;90.0;-;+;+;917;-;male;+;3;-;+;-;175;131;460;737;1
308.0;2;45;73.0296;-;+;-;90.0;-;+;+;1113;-;male;+;3;-;+;-;309;237;988;1067;1
1081.0;1;45;86.6376;-;+;-;100.0;-;-;+;0;-;male;-;1;-;+;-;423;615;847;884;0
223.0;0;42;62.5968;-;+;-;90.0;-;+;+;768;-;male;+;3;-;-;+;187;98;827;885;1
1157.0;2;33;72.48528;-;+;-;90.0;-;+;+;75;-;male;+;2;-;+;-;508;600;1220;1028;0
980.0;1;30;69.8544;-;-;+;90.0;-;-;+;167;-;female;+;2;+;+;+;184;214;605;642;0
1090.0;1;34;68.4936;-;-;-;;-;+;+;796;-;female;+;3;+;+;-;347;342;732;550;0
1139.0;2;43;71.8956;-;+;+;100.0;-;+;+;686;-;male;+;3;-;+;-;524;442;1373;1225;0
559.0;1;35;90.9468;-;+;-;80.0;-;+;+;630;-;male;+;3;+;+;-;259;343;609;884;1
231.0;3;29;73.71;-;+;-;90.0;-;+;+;33;+;male;+;2;+;+;+;186;131;529;608;1
810.0;3;32;78.4728;-;+;+;100.0;-;-;+;0;-;male;-;1;-;+;-;306;267;572;576;1
1032.0;0;54;73.2564;-;+;-;90.0;-;-;+;0;-;male;-;1;+;-;-;271;281;825;637;0
982.0;3;42;70.308;-;+;-;90.0;-;+;+;857;-;male;+;3;+;+;-;285;237;1030;920;1
1158.0;3;34;76.8852;-;+;-;90.0;-;-;+;0;-;male;-;1;+;+;-;376;582;2444;1965;0
476.0;3;23;53.9784;-;+;-;80.0;-;+;+;816;-;male;+;3;-;+;-;208;171;847;539;1
1129.0;3;35;67.5864;-;-;-;100.0;+;+;+;755;+;female;+;3;-;+;-;259;205;549;380;0
1102.0;1;30;85.2768;-;+;-;;-;-;+;108;-;male;+;2;+;+;-;338;389;648;706;0
993.0;1;40;73.0296;-;+;+;100.0;-;+;+;650;+;male;+;3;-;+;-;163;184;581;830;1
744.0;3;32;77.112;-;+;-;90.0;-;+;+;24;-;male;+;2;+;+;+;370;475;601;931;0
310.0;0;26;68.9472;-;+;-;90.0;+;-;+;561;-;male;+;3;-;-;-;297;161;1188;756;1
799.0;0;42;71.6688;-;+;-;100.0;-;-;+;0;-;male;-;1;+;-;-;180;246;623;738;1
733.0;1;38;82.3284;-;+;-;100.0;-;+;+;287;-;male;+;2;-;+;-;446;545;601;390;0
1157.0;3;26;76.6584;-;+;-;90.0;-;-;+;0;-;male;-;1;-;+;-;369;360;534;559;0
1105.0;0;35;87.0912;-;+;-;;-;+;+;795;+;male;+;3;+;-;-;369;289;654;474;0
1094.0;3;33;78.6996;-;+;-;;-;-;+;188;-;male;+;2;+;+;-;269;378;1025;978;0
903.0;2;27;81.78408;-;+;-;100.0;-;-;+;0;-;male;-;1;-;+;-;471;705;886;992;0
658.0;2;39;63.9576;-;+;-;100.0;-;-;+;0;-;male;-;1;-;+;-;342;396;699;908;1
1101.0;1;48;82.5552;-;+;-;100.0;-;+;+;678;-;male;+;3;-;+;-;257;393;1726;2789;0
1089.0;3;38;77.7924;-;+;-;100.0;-;+;+;629;-;male;+;3;+;+;-;328;423;756;747;0
1012.0;2;40;92.5344;-;+;-;100.0;-;+;+;1169;-;male;+;3;-;+;+;264;314;594;702;0
1154.0;1;26;92.0808;-;+;-;90.0;-;-;+;0;-;male;-;1;-;+;-;375;708;1971;3407;0
1102.0;2;44;66.2256;-;+;-;90.0;-;-;+;0;-;male;-;1;+;+;-;197;232;552;381;0
1124.0;1;29;65.3184;-;+;-;100.0;-;-;+;0;-;male;-;1;-;+;-;532;686;684;704;0
1157.0;2;37;82.782;-;+;-;100.0;-;-;+;0;-;male;-;1;+;+;-;440;554;752;1036;0
446.0;3;28;81.1944;-;+;-;100.0;-;-;+;0;-;male;-;1;-;+;+;370;491;924;716;0
1158.0;0;45;63.0504;-;-;-;80.0;-;-;+;0;-;male;-;1;-;-;-;218;284;921;1229;0
1095.0;2;46;54.8856;-;+;-;;-;-;+;304;-;male;+;2;+;+;-;193;292;370;547;0
1159.0;3;26;90.72;-;-;-;90.0;-;+;+;741;+;female;+;3;+;+;-;419;581;789;769;0
586.0;0;21;112.4928;-;+;-;100.0;-;-;+;0;+;male;-;1;-;-;+;382;387;1314;1343;0
1139.0;1;24;102.06;+;-;-;100.0;-;+;+;138;+;male;+;2;-;+;-;387;422;1462;1391;0
223.0;3;34;91.1736;-;+;-;90.0;-;+;+;46;-;male;+;2;-;+;+;232;200;1391;1872;1
472.0;0;27;97.9776;-;-;-;100.0;-;+;+;934;-;female;+;3;+;-;+;386;337;806;931;1
1138.0;2;27;70.7616;+;-;-;100.0;-;+;+;289;-;male;+;2;-;+;-;410;434;850;632;0
1123.0;1;29;86.72832;-;+;-;100.0;-;+;+;20;-;male;+;2;-;+;-;218;303;1142;1492;0
1041.0;0;52;90.58392;+;-;-;90.0;-;+;+;103;-;male;+;2;-;-;+;390;441;780;900;0
1084.0;3;29;78.0192;-;+;+;100.0;-;-;+;0;-;male;-;1;+;+;-;372;500;1032;1134;0
389.0;3;26;68.04;-;+;-;90.0;-;+;+;930;-;male;+;3;-;+;+;282;422;894;1290;0
370.0;2;28;78.4728;-;+;-;100.0;-;-;+;0;-;male;-;1;-;+;+;425;498;979;789;0
33.0;0;36;74.3904;-;+;-;80.0;-;+;+;381;-;male;+;3;+;-;+;173;160;724;649;1
1088.0;2;32;80.7408;-;+;-;90.0;-;-;+;0;-;male;-;1;-;+;-;447;490;1247;1180;0
1084.0;2;43;91.6272;-;+;-;90.0;-;-;+;0;-;male;-;1;+;+;-;249;259;1305;1254;0
549.0;0;38;68.4936;-;-;+;100.0;-;+;+;370;+;female;+;3;-;-;-;198;202;1334;1753;1
527.0;2;35;100.6992;-;-;-;100.0;-;-;+;0;-;female;-;1;-;+;+;465;637;1152;1421;0
1073.0;1;35;78.0192;-;+;-;100.0;-;-;+;0;-;male;-;1;+;+;-;236;385;769;936;0
1054.0;1;28;59.10408;-;-;-;80.0;-;+;+;1166;-;female;+;3;-;+;-;251;285;337;338;0
1069.0;3;23;66.906;-;-;-;100.0;-;-;+;0;-;male;-;1;-;+;-;275;328;1248;984;0
959.0;0;26;95.256;-;-;-;90.0;-;-;+;0;+;female;-;1;-;-;-;628;706;1984;1782;0
1060.0;3;34;100.6992;-;+;-;100.0;-;-;+;0;+;male;-;1;-;+;-;503;567;1760;1157;0
512.0;2;33;84.8232;-;+;-;90.0;-;-;+;0;+;male;-;1;-;+;+;352;493;1102;1049;0
569.0;0;32;84.8232;-;-;-;100.0;-;-;+;0;+;male;-;1;-;-;-;289;349;1245;1855;1
989.0;1;30;77.5656;-;-;-;90.0;-;-;+;0;+;male;-;1;-;+;-;309;318;910;477;0
997.0;1;24;70.7616;-;-;-;;-;-;+;0;+;female;-;1;-;+;-;622;585;1010;1073;0
990.0;3;34;68.9472;-;+;-;100.0;-;-;+;0;-;male;-;1;-;+;-;459;443;1485;1269;0
954.0;0;41;83.4624;-;+;-;90.0;-;-;+;0;-;male;-;1;+;-;+;198;281;1859;2190;0
948.0;1;34;58.0608;-;-;-;100.0;-;-;+;0;-;female;-;1;-;+;-;307;519;1102;1402;1
398.0;0;41;83.916;-;+;-;100.0;-;+;+;94;-;male;+;2;-;-;-;359;272;1173;1191;1
1104.0;1;44;100.2456;-;-;+;90.0;-;+;+;245;-;female;+;2;-;+;-;353;403;794;1063;0
1096.0;2;33;77.8;+;+;-;100.0;-;+;+;928;-;male;+;3;-;+;-;275;297;605;459;0
862.0;1;48;76.6584;-;+;+;90.0;-;+;+;210;+;male;+;2;-;+;+;483;362;1334;1105;1
1096.0;2;36;83.6892;-;+;-;100.0;-;-;+;0;-;male;-;1;-;+;-;321;401;1354;1126;0
995.0;0;29;59.8752;-;-;-;90.0;-;+;+;344;-;female;+;2;-;-;+;314;180;504;399;0
804.0;3;28;59.8752;-;+;-;100.0;-;-;+;0;-;male;-;1;-;+;-;481;480;873;924;1
1104.0;2;33;69.4008;-;+;-;90.0;-;+;+;233;-;male;+;2;-;+;-;494;441;1690;1129;0
993.0;3;35;76.4316;-;+;-;90.0;-;-;+;0;-;male;-;1;+;+;-;562;470;899;773;0
908.0;2;42;78.0192;-;+;-;;-;-;+;0;+;male;-;1;+;+;-;514;346;1146;1018;0
479.0;3;26;80.7408;-;+;-;100.0;-;-;+;0;-;male;-;1;-;+;+;416;371;1363;1361;1
1087.0;1;42;81.648;-;+;-;90.0;-;+;+;722;-;male;+;3;-;+;-;232;179;1352;1072;0
324.0;2;28;69.4008;-;-;-;100.0;-;+;+;288;+;female;+;2;-;+;+;225;179;933;676;1
1089.0;3;41;63.9576;-;+;-;90.0;-;+;+;432;-;male;+;3;+;+;-;201;262;1186;1289;0
1097.0;1;35;81.648;-;+;-;;-;+;+;111;-;male;+;2;-;+;-;505;431;847;1076;0
988.0;2;47;86.6376;-;+;+;90.0;-;+;+;195;-;male;+;2;+;+;+;440;358;1320;1111;0
1100.0;3;33;71.6688;-;+;-;90.0;-;+;+;293;+;male;+;2;-;+;-;507;414;1336;990;0
998.0;1;23;73.71;-;-;-;90.0;-;+;+;82;-;female;+;2;-;+;+;511;502;752;656;0
1021.0;0;36;56.2464;-;+;+;90.0;-;+;+;1938;-;male;+;3;+;-;+;593;653;1754;1609;0
261.0;0;32;68.9472;-;+;-;90.0;-;+;+;1308;-;male;+;3;-;-;+;626;538;828;826;1
1036.0;3;31;73.4832;-;+;-;100.0;-;+;+;997;-;male;+;3;+;+;-;368;448;1021;1301;0
476.0;2;44;67.1328;-;+;-;90.0;-;+;+;690;-;male;+;3;+;+;+;477;386;1074;1025;1
1092.0;3;32;71.2152;-;+;-;100.0;-;+;+;991;-;male;+;3;-;+;-;505;455;894;993;0
318.0;1;34;68.2668;-;+;-;90.0;-;+;+;980;-;male;+;3;-;+;+;276;142;1299;996;1
126.0;0;43;73.0296;-;+;-;90.0;+;-;+;1270;-;male;+;3;-;-;-;474;138;1523;1244;1
729.0;0;32;75.7512;-;+;-;90.0;-;+;+;975;-;male;+;3;+;-;-;301;236;437;541;1
649.0;1;39;65.0916;-;+;+;90.0;-;+;+;983;-;male;+;3;+;+;-;393;385;2910;2134;1
1103.0;2;28;103.4208;-;+;-;90.0;-;+;+;949;-;male;+;3;-;+;-;522;606;1085;1150;0
899.0;2;29;52.6176;-;-;+;90.0;-;+;+;781;+;female;+;3;-;+;+;408;636;898;985;0
993.0;2;41;73.0296;-;+;-;90.0;-;+;+;1110;-;male;+;3;+;+;+;318;255;2139;1392;0
902.0;2;35;52.3908;-;-;-;100.0;-;-;+;0;-;female;-;1;-;+;-;479;666;496;549;0
975.0;1;51;68.9472;-;+;-;;-;-;+;0;-;male;-;1;+;+;-;458;598;244;364;0
299.0;0;67;82.1016;-;+;-;90.0;-;-;+;0;-;male;-;1;-;-;+;296;292;760;814;1
1095.0;1;27;55.3392;-;-;-;90.0;-;+;+;273;+;female;+;2;+;+;-;234;293;936;1116;0
815.0;0;31;89.3592;-;+;-;90.0;-;-;+;0;-;male;-;1;-;-;-;505;392;1179;734;1
1097.0;0;45;89.8128;-;-;-;100.0;-;-;+;0;-;female;-;1;-;-;-;443;350;812;686;0
230.0;3;33;78.0192;-;+;-;90.0;-;+;+;36;-;male;+;2;+;+;+;374;273;838;760;1
750.0;2;27;64.4112;-;+;-;90.0;-;+;+;21;-;male;+;2;-;+;+;297;292;698;404;0
1003.0;1;26;55.566;-;-;+;;-;+;+;342;-;female;+;2;-;+;-;356;473;739;740;0
1093.0;3;26;82.1016;-;+;-;;-;-;+;0;-;male;-;1;-;+;-;325;553;1009;1149;0
1034.0;3;49;80.7408;-;+;-;90.0;-;-;+;0;-;male;-;1;-;+;-;392;410;1566;2205;0
898.0;3;36;78.9264;-;+;-;90.0;-;-;+;0;-;male;-;1;-;+;+;350;252;946;757;0
140.0;0;39;89.3592;-;+;-;90.0;-;+;+;28;-;male;+;2;-;-;+;429;217;1528;549;1
896.0;2;32;69.8544;-;-;+;100.0;-;-;+;0;+;male;-;1;-;+;+;425;265;637;759;0
917.0;2;44;95.256;-;+;-;90.0;-;-;+;0;-;male;-;1;-;+;+;332;366;881;375;0
;3;30;64.638;-;+;-;90.0;-;-;+;0;-;male;-;1;+;+;-;131;253;227;496;1
1006.0;3;26;91.6272;-;+;-;90.0;-;-;+;0;-;male;-;1;-;+;-;402;490;821;942;0
1014.0;1;35;70.7616;-;+;-;90.0;-;-;+;0;-;male;-;1;+;+;-;433;445;849;1124;0
297.0;1;42;79.8336;-;+;-;80.0;-;-;+;0;-;male;-;1;-;+;+;232;266;560;285;1
921.0;1;45;78.0192;-;+;-;;-;-;+;0;-;male;-;1;+;+;+;490;591;1592;1801;0
737.0;1;49;67.1328;-;+;-;;-;-;+;0;-;male;-;1;+;+;-;390;336;1656;959;1
987.0;3;27;86.6376;-;+;-;100.0;-;+;+;937;-;male;+;3;-;+;-;300;250;1620;1180;1
1133.0;0;33;76.2048;-;+;-;100.0;-;+;+;626;-;male;+;3;-;-;-;350;400;2570;2020;0
1116.0;2;27;67.5864;-;+;+;100.0;-;+;+;770;-;male;+;3;-;+;+;300;310;540;590;0
386.0;3;40;75.7512;-;+;-;100.0;-;+;+;923;-;male;+;3;-;+;+;390;250;400;350;0
351.0;0;26;112.4928;-;-;-;80.0;-;+;+;931;+;female;+;3;-;-;+;190;150;690;610;1
1131.0;1;39;79.1;-;-;-;100.0;-;+;+;778;+;female;+;3;-;+;-;340;320;870;590;0
815.0;0;29;68.4936;-;+;-;100.0;-;+;+;1026;-;male;+;3;-;-;-;280;290;810;630;1
1153.0;1;34;92.7612;-;+;-;;-;+;+;1107;-;male;+;3;-;+;-;270;400;620;420;0
1147.0;0;36;66.6792;-;+;-;80.0;-;+;+;943;-;male;+;3;-;-;-;300;300;1110;990;0
;3;21;65.5452;-;+;-;90.0;-;+;+;1148;-;male;+;3;-;+;-;520;750;1800;1450;0
1137.0;3;25;69.8544;-;+;-;;-;-;+;947;-;male;+;3;-;+;-;410;442;1368;1221;0
1147.0;3;30;59.6484;-;+;-;100.0;-;+;+;922;-;male;+;3;-;+;-;310;480;1000;1110;0
1130.0;1;38;66.8;-;+;-;90.0;-;+;+;959;-;male;+;3;-;+;-;580;750;1480;1370;0
896.0;0;54;74.5;-;+;-;;-;+;+;959;-;male;+;3;+;-;-;460;300;1210;740;1
805.0;2;35;68.04;-;+;-;100.0;-;+;+;922;+;male;+;3;-;+;-;230;320;580;860;1
1145.0;2;46;73.0296;-;+;-;100.0;-;+;+;925;-;male;+;3;-;+;-;280;330;1500;1070;0
1037.0;0;35;77.7;-;+;-;90.0;-;+;+;427;-;male;+;3;+;-;+;490;510;1130;820;0
1101.0;2;35;78.246;-;+;-;100.0;-;+;+;574;-;male;+;3;-;+;-;320;390;870;790;0
1131.0;1;28;76.6584;-;+;-;100.0;-;-;+;0;-;male;-;1;-;+;-;440;570;1210;730;0
1110.0;2;49;86.184;-;+;+;90.0;-;-;+;0;-;male;-;1;-;+;-;300;510;660;570;0
977.0;0;34;76.2048;-;+;-;90.0;-;-;+;0;-;male;-;1;-;-;-;630;590;940;940;0
1126.0;3;30;76.2048;-;+;-;90.0;-;-;+;0;-;male;-;1;-;+;-;680;590;850;490;0
226.0;2;56;46.8;-;-;-;80.0;-;+;+;137;+;female;+;2;-;+;+;290;320;860;660;0
896.0;3;40;85.5;-;+;-;90.0;-;-;+;0;-;male;-;1;-;+;-;380;570;770;710;0
1082.0;3;41;77.7;-;-;+;90.0;-;-;+;0;+;male;-;1;-;+;-;390;450;1190;930;0
1111.0;0;22;67.5864;-;-;-;90.0;-;+;+;34;+;female;+;2;-;-;+;390;250;530;600;0
1143.0;0;44;72.1224;-;+;-;;-;-;+;0;-;male;-;1;-;-;-;380;580;520;770;0
499.0;0;35;61.4628;-;+;-;80.0;-;+;+;348;-;male;+;2;-;-;+;420;530;880;710;0
314.0;1;40;62.1432;-;-;-;100.0;-;+;+;139;+;female;+;2;-;+;+;200;290;760;680;0
1136.0;2;35;79.6068;-;+;-;90.0;-;+;+;505;-;male;+;3;-;+;-;470;420;930;530;0
1143.0;0;33;68.04;-;+;-;90.0;-;-;+;0;-;male;-;1;-;-;-;320;420;610;440;0
974.0;3;37;90.2664;-;+;-;100.0;-;+;+;641;-;male;+;3;-;+;-;210;210;720;950;0
1064.0;3;28;67.1328;-;+;-;90.0;-;+;+;141;-;male;+;2;-;+;-;440;590;780;790;0
1132.0;1;37;76.2048;-;+;-;90.0;-;+;+;768;-;male;+;3;-;+;-;380;390;710;940;0
1078.0;3;28;87.0912;-;-;+;100.0;-;+;+;97;+;female;+;2;-;+;-;250;320;1260;830;0
896.0;2;27;67.1328;-;-;-;100.0;-;+;+;950;+;female;+;3;-;+;+;210;370;730;790;0
1133.0;1;36;70.7616;-;+;-;100.0;-;+;+;233;+;male;+;2;-;+;-;350;300;1180;960;0
1129.0;3;30;52.164;-;-;-;100.0;-;+;+;7;+;female;-;1;+;+;+;270;210;980;1140;0
1123.0;3;27;75.2976;-;+;-;90.0;-;+;+;336;-;male;+;2;-;+;-;760;630;1480;980;0
1124.0;3;39;76.2048;-;+;-;100.0;-;-;+;0;-;male;-;1;+;+;-;390;480;910;770;0
111.0;0;39;96.1632;-;-;-;100.0;-;+;+;166;+;male;+;2;-;-;+;230;50;650;150;1
1103.0;1;51;73.0296;-;+;-;;-;+;+;540;-;male;+;3;-;+;-;300;310;1160;920;0
1118.0;1;52;65.3184;-;+;-;100.0;-;+;+;646;-;male;+;3;-;+;-;410;580;1400;1600;0
236.0;2;41;98.4312;-;+;-;90.0;-;+;+;2283;-;male;+;3;+;+;+;250;270;1380;1750;1
693.0;2;34;64.8648;-;+;-;90.0;-;-;+;0;-;male;-;1;-;+;+;410;460;800;700;0
1117.0;1;32;79.38;-;+;-;100.0;-;-;+;0;+;male;-;1;-;+;-;390;640;870;1140;0
1110.0;3;28;74.75328;-;+;-;90.0;-;-;+;0;-;male;-;1;-;+;+;360;540;670;960;0
561.0;2;28;68.4;-;-;-;90.0;-;-;+;0;-;female;-;1;+;+;+;160;220;730;950;1
1117.0;3;45;95.7096;-;+;-;100.0;-;+;+;155;+;male;+;2;-;+;-;630;490;1290;930;0
981.0;1;45;109.3176;-;+;-;90.0;-;+;+;585;-;male;+;3;+;+;-;380;500;1610;1510;0
1117.0;0;41;68.9472;-;+;-;;-;+;+;404;-;male;+;2;-;-;-;210;270;1090;870;0
321.0;3;35;89.6;-;+;-;100.0;-;-;+;181;-;male;+;2;-;+;-;320;390;690;1140;1
1066.0;0;33;77.112;-;+;-;100.0;-;-;+;0;-;male;-;1;-;-;-;280;240;1490;760;0
610.0;2;56;75.0708;-;+;-;90.0;-;+;+;582;-;male;+;3;-;+;+;200;360;590;860;1
;0;37;93.8952;-;+;-;100.0;-;+;+;1384;-;male;+;3;-;-;-;470;400;870;660;1
959.0;3;42;58.0;-;+;-;100.0;-;+;+;2851;-;male;+;2;-;+;+;280;330;590;630;1
987.0;1;42;67.8132;-;+;-;100.0;-;-;+;65;-;male;+;2;-;+;+;320;320;1860;1290;0
1110.0;2;31;82.23768;-;+;-;90.0;-;+;+;359;+;male;+;2;-;+;-;490;480;610;810;0
1038.0;3;30;73.2;-;+;-;100.0;-;-;+;0;-;male;-;1;-;+;+;270;430;560;740;0
987.0;0;34;67.5864;-;+;-;;-;+;+;245;-;male;+;2;-;-;+;280;230;510;340;0
;1;27;78.4728;-;+;-;100.0;-;-;+;0;-;male;-;1;-;+;+;420;460;1070;1280;0
;3;52;51.4;-;-;-;90.0;-;+;+;665;+;male;+;3;-;+;+;480;580;1020;880;1
280.0;3;24;56.4732;-;+;-;80.0;-;+;+;206;+;male;+;2;-;+;-;270;160;1540;1280;1
1098.0;2;42;97.7;-;+;-;100.0;-;+;+;358;-;male;+;2;-;+;-;410;350;830;840;0
;0;43;74.6;-;+;-;100.0;-;+;+;816;-;male;+;3;-;-;-;300;380;970;580;1
477.0;0;31;114.534;-;+;-;100.0;-;+;+;685;+;male;+;3;-;-;+;160;220;620;970;0
763.0;3;20;63.6;-;+;-;;-;+;+;85;-;male;+;2;+;+;+;220;350;470;530;0
980.0;3;43;77.112;-;+;+;90.0;-;-;+;0;-;male;-;1;-;+;+;260;340;1680;1510;0
1096.0;3;48;69.6276;-;+;-;100.0;-;-;+;0;-;male;-;1;-;+;-;260;430;910;1400;0
1089.0;1;49;95.7096;-;+;-;100.0;-;+;+;183;+;male;+;2;-;+;-;480;750;700;910;0
1091.0;2;29;58.0608;-;+;-;100.0;-;+;+;314;+;male;+;2;-;+;+;240;370;820;890;0
946.0;1;28;66.6792;-;-;-;100.0;-;+;+;971;+;female;+;3;-;+;-;300;180;690;410;1
1091.0;1;29;74.5;-;+;-;100.0;-;-;+;0;-;male;-;1;-;+;-;500;660;900;660;0
652.0;2;28;79.1;-;+;-;100.0;-;+;+;237;-;male;+;2;-;+;+;440;310;1000;790;1
1090.0;0;27;97.524;-;+;-;100.0;-;+;+;495;-;male;+;3;-;-;-;410;570;950;1140;0
818.0;2;22;81.1944;-;-;-;;-;+;+;394;+;female;+;3;-;+;-;490;250;1090;710;1
426.0;2;34;85.5036;-;-;-;100.0;-;-;+;0;+;male;-;1;-;+;+;480;450;1200;1160;0
;1;47;87.9984;-;+;-;80.0;-;+;+;322;-;male;+;2;-;+;+;320;350;1350;1050;1
1090.0;0;31;64.8648;-;+;-;;-;-;+;0;-;male;-;1;-;-;-;460;440;770;700;0
1090.0;2;38;91.1736;-;+;-;90.0;-;+;+;735;-;male;+;3;-;+;-;240;300;500;450;0
1087.0;0;32;115.9;-;+;-;100.0;-;+;+;456;-;male;+;3;-;-;-;280;240;960;470;0
1087.0;1;21;70.308;-;+;-;100.0;-;+;+;83;-;male;+;2;-;+;-;280;280;550;730;0
897.0;2;34;105.0084;-;+;-;90.0;-;-;+;0;-;male;-;1;-;+;-;230;330;1470;1160;1
1087.0;1;31;72.8028;-;+;-;100.0;-;+;+;718;-;male;+;3;-;+;-;310;360;640;600;0
952.0;3;32;67.1328;-;-;-;100.0;-;-;+;0;+;female;-;1;-;+;+;310;310;640;530;0
1049.0;1;38;65.3184;-;+;-;100.0;-;-;+;0;+;male;-;1;-;+;-;290;590;510;460;0
1041.0;1;25;75.2976;-;+;-;100.0;-;-;+;0;+;male;-;1;-;+;-;400;480;870;500;0
1033.0;0;34;81.648;-;+;+;100.0;-;-;+;0;-;male;-;1;-;-;-;420;470;890;490;0
;0;44;89.8128;-;+;-;100.0;-;-;+;0;-;male;-;1;-;-;-;270;370;890;850;0
919.0;2;28;73.9368;-;+;-;100.0;-;-;+;0;-;male;-;1;-;+;+;550;750;370;840;0
1011.0;3;27;93.8952;-;+;-;100.0;-;-;+;0;-;male;-;1;-;+;-;210;260;690;610;0
835.0;2;21;58.968;-;-;-;100.0;-;-;+;0;-;female;-;1;-;+;+;300;520;570;740;0
882.0;3;32;91.1736;-;-;-;90.0;-;-;+;0;+;female;-;1;-;+;-;380;330;430;530;0
948.0;0;53;71.442;-;+;-;100.0;-;-;+;0;-;male;-;1;-;-;-;350;320;460;740;0
560.0;2;26;83.4624;-;+;-;90.0;-;+;+;1177;+;male;+;3;-;+;-;340;200;650;800;1
391.0;2;32;71.2152;-;+;-;90.0;-;+;+;196;-;male;+;2;-;+;+;189;265;116;680;1
1077.0;1;33;66.906;-;+;-;90.0;-;+;+;780;-;male;+;3;-;+;+;468;648;1011;1404;0
1003.0;0;35;64.4112;-;+;-;80.0;-;+;+;91;-;male;+;2;-;-;+;588;437;1115;889;0
988.0;2;38;79.38;-;+;-;100.0;-;+;+;928;-;male;+;3;+;+;-;239;140;1180;543;0
1121.0;1;26;79.6068;-;+;-;;-;+;+;548;-;male;+;3;-;+;-;448;339;756;644;0
337.0;2;45;73.9368;+;-;-;90.0;-;+;+;480;-;male;+;3;+;+;+;193;206;1652;1172;1
999.0;3;32;79.8336;-;+;-;80.0;-;+;+;1073;-;male;+;3;+;+;+;248;162;1305;1081;0
1123.0;0;37;65.772;-;+;-;;-;+;+;113;-;male;+;2;+;-;-;358;391;1054;768;0
1117.0;0;34;74.3904;-;+;-;;-;-;+;0;-;male;-;1;+;-;-;286;366;2444;1855;0
;3;31;72.1224;-;+;-;90.0;-;+;+;956;-;male;+;3;-;+;-;259;311;1238;901;0
1110.0;0;43;95.256;-;+;-;90.0;-;-;+;0;-;male;-;1;+;-;-;232;184;512;656;0
1097.0;1;27;73.2564;-;+;-;100.0;-;-;+;0;-;male;-;1;-;+;-;444;582;1159;1082;0
;2;34;65.3184;-;+;-;100.0;-;-;+;0;-;male;-;1;-;+;-;214;204;591;703;0
415.0;1;26;73.4832;-;+;-;100.0;-;+;+;1053;-;male;+;3;+;+;-;160;223;390;568;1
980.0;3;25;48.3084;-;+;-;90.0;-;+;+;431;-;male;+;3;-;+;+;438;399;700;646;0
1054.0;3;40;71.6688;-;+;-;100.0;-;-;+;0;-;male;-;1;+;+;-;335;463;327;500;0
1088.0;2;42;62.37;-;+;-;90.0;-;+;+;249;+;male;+;2;-;+;-;499;312;796;376;0
;1;31;70.308;-;+;+;90.0;-;-;+;121;-;male;+;2;-;+;-;510;588;1557;1324;1
222.0;0;37;65.3184;-;+;+;100.0;-;-;+;0;-;male;-;1;+;-;+;142;81;786;601;1
980.0;3;36;72.1224;-;+;-;90.0;-;+;+;175;+;male;+;2;-;+;-;446;162;1338;1444;0
896.0;0;21;99.792;-;-;-;100.0;-;+;+;17;+;female;+;2;+;-;+;159;232;565;882;0
1055.0;2;28;65.3184;-;+;-;100.0;-;-;+;0;+;male;-;1;-;+;-;265;311;3101;2627;0
169.0;3;48;83.4624;-;-;-;90.0;-;-;+;0;-;female;-;1;-;+;+;291;328;617;686;1
1021.0;0;29;94.8024;-;+;-;90.0;-;-;+;0;-;male;-;1;-;-;-;302;552;941;1742;0
1011.0;1;45;127.008;-;+;-;100.0;-;-;+;0;-;male;-;1;-;+;-;207;597;633;1248;0
691.0;1;29;68.4936;-;+;-;100.0;-;-;+;0;-;male;-;1;-;+;+;706;853;980;1195;1
824.0;1;40;68.04;-;+;-;100.0;-;-;+;0;+;male;-;1;-;+;+;477;566;542;616;0
988.0;3;48;83.4;-;+;+;100.0;-;+;+;1409;-;male;+;3;+;+;+;378;373;977;987;0
557.0;0;43;65.2;-;+;-;;-;+;+;974;-;male;+;3;-;-;+;469;336;2739;2240;1
1130.0;2;31;72.0;-;+;-;100.0;-;+;+;273;-;male;+;2;-;+;-;274;364;673;971;0
1064.0;3;31;103.6;-;+;-;100.0;-;+;+;942;-;male;+;3;-;+;+;350;475;1196;1044;0
1117.0;1;36;77.6;-;+;-;100.0;-;+;+;934;-;male;+;3;+;+;-;484;686;1645;1637;0
1089.0;3;32;102.5;-;+;-;100.0;-;+;+;478;-;male;+;3;-;+;-;257;334;621;640;0
1046.0;3;38;102.5;-;+;-;100.0;-;-;+;0;-;male;-;1;-;+;+;293;183;930;730;0
987.0;3;35;83.0;-;+;-;100.0;-;-;+;0;-;male;-;1;-;+;-;447;568;894;913;0
1139.0;2;31;76.5;-;+;-;100.0;-;+;+;148;-;male;+;3;-;+;-;246;194;346;497;0
1138.0;1;39;99.0;-;+;-;100.0;-;+;+;402;-;male;+;3;+;+;-;321;167;1076;1066;0
1026.0;2;31;90.3;-;+;-;100.0;+;+;+;422;-;male;+;3;-;+;-;277;326;705;828;1
1029.0;1;43;101.0;-;+;-;100.0;-;-;+;75;-;male;+;2;-;+;+;70;197;314;893;0
1070.0;0;39;62.8;-;+;-;100.0;-;-;+;0;-;male;-;1;-;-;-;337;420;724;756;0
1001.0;0;31;99.0;-;+;-;100.0;-;+;+;364;-;male;+;2;-;-;+;364;353;952;1126;0
;2;34;57.5;-;+;-;90.0;-;+;+;355;-;male;+;2;-;+;-;217;379;1123;1209;1
260.0;1;33;102.8;-;-;-;100.0;-;-;+;0;-;male;-;1;-;+;+;339;352;477;519;0
1091.0;0;27;67.7;-;+;-;100.0;-;+;+;262;-;male;+;2;-;-;-;238;202;998;699;0
1142.0;3;29;79.6;-;+;-;100.0;-;+;+;606;-;male;+;3;-;+;-;273;653;1040;1901;0
1141.0;0;30;80.0;-;+;-;100.0;-;-;+;0;-;male;-;1;-;-;-;417;565;780;1021;0
1067.0;2;28;74.2;-;+;-;100.0;-;+;+;184;-;male;+;2;-;+;+;384;296;1444;1068;0
916.0;1;32;69.8;-;+;+;100.0;-;-;+;0;-;male;-;1;-;+;+;435;459;886;855;0
1097.0;1;45;91.2;-;+;-;100.0;-;-;+;0;+;male;-;1;-;+;+;323;264;691;554;0
1147.0;1;24;67.9;-;+;-;100.0;-;+;+;118;-;female;+;2;-;+;-;310;437;1032;874;0
1088.0;3;23;87.6;-;+;-;100.0;-;+;+;136;-;male;+;2;+;+;-;493;655;927;1283;0
392.0;0;29;65.3;-;+;-;100.0;-;-;+;0;+;male;-;1;-;-;-;412;197;1115;732;1
1122.0;0;24;65.5;-;-;-;100.0;-;+;+;108;+;male;+;2;-;-;-;266;290;557;609;0
464.0;3;34;65.5;-;+;-;100.0;-;-;+;0;-;male;-;1;-;+;+;198;162;911;874;1
321.0;3;24;71.5;-;-;-;100.0;-;+;+;30;+;male;+;2;-;+;+;243;177;693;647;0
455.0;3;31;82.5;-;+;-;100.0;-;-;+;0;-;male;-;1;-;+;-;178;174;978;1059;1
1145.0;1;36;62.2;-;-;-;90.0;-;+;+;514;-;female;+;3;-;+;-;297;312;501;478;0
1098.0;2;29;83.0;-;+;-;;-;-;+;0;-;male;-;1;-;+;-;355;345;1085;870;0
1063.0;3;35;82.4;-;+;-;100.0;-;-;+;0;-;male;-;1;+;+;-;471;767;613;698;0
1054.0;2;36;75.2;-;+;-;100.0;-;-;+;0;-;male;-;1;-;+;+;297;142;606;524;0
822.0;1;31;74.7;-;-;-;100.0;-;-;+;0;-;male;-;1;-;+;-;360;525;662;778;1
430.0;0;36;88.9;-;+;-;;-;-;+;0;-;male;-;1;-;-;+;371;424;536;620;0
1035.0;0;23;70.308;-;+;-;100.0;-;-;+;0;-;male;-;1;-;-;-;540;562;1920;1145;0
723.0;1;26;63.7;-;+;+;100.0;-;-;+;0;+;male;-;1;-;+;+;347;286;1510;1107;0
1002.0;2;29;70.8;-;+;-;100.0;-;-;+;0;-;male;-;1;-;+;+;918;576;2793;1237;0
893.0;0;20;57.3;-;+;-;100.0;-;-;+;0;-;male;-;1;-;-;+;488;559;798;952;0
1029.0;2;32;86.8;-;+;-;100.0;-;-;+;0;-;male;-;1;-;+;-;420;657;995;1272;0
878.0;0;35;61.2;-;-;-;100.0;-;-;+;0;+;male;-;1;-;-;+;276;273;804;893;0
884.0;1;38;66.3;-;-;-;100.0;-;-;+;0;-;female;-;1;-;+;+;300;748;505;784;0
914.0;3;37;60.7;-;+;-;;-;-;+;0;-;male;-;1;-;+;+;283;364;656;668;0
991.0;3;35;71.0;-;+;-;100.0;-;-;+;0;-;male;-;1;-;+;-;388;386;1086;1030;0
963.0;1;25;79.5;-;+;-;100.0;-;-;+;0;-;male;-;1;-;+;-;420;508;873;979;0
935.0;3;41;75.7512;-;+;-;100.0;-;+;+;1599;-;male;+;3;-;+;-;343;565;577;941;0
815.0;0;33;78.7;-;+;-;100.0;-;+;+;703;-;male;+;3;-;-;-;622;357;941;757;1
1151.0;0;29;78.0192;-;+;-;100.0;-;+;+;906;+;male;+;3;-;-;-;374;353;671;742;0
1137.0;0;36;77.112;-;+;-;100.0;-;+;+;925;-;male;+;3;-;-;-;373;309;745;606;0
1160.0;3;36;86.184;-;+;-;100.0;-;+;+;925;-;male;+;3;-;+;-;384;195;1704;1926;0
721.0;1;40;84.8232;-;+;-;100.0;-;+;+;1282;-;male;+;3;-;+;-;400;464;896;1129;1
462.0;1;39;69.6276;-;+;-;100.0;-;+;+;917;-;male;+;3;+;+;+;262;267;1208;1334;1
224.0;0;30;65.772;-;+;-;100.0;-;+;+;894;-;male;+;3;-;-;-;430;393;1290;1118;1
649.0;0;40;82.5552;-;+;-;100.0;-;+;+;926;-;male;+;3;+;-;-;600;208;1745;1698;1
1154.0;0;41;62.1432;-;+;-;100.0;-;+;+;917;-;male;+;3;-;-;-;477;342;1273;1235;0
1126.0;3;35;78.4728;-;+;-;;-;+;+;967;-;male;+;3;-;+;-;365;265;1964;1546;0
560.0;2;42;76.2048;-;+;-;100.0;-;+;+;938;-;male;+;3;-;+;-;494;330;784;469;1
558.0;3;26;80.7408;-;+;-;100.0;-;-;+;0;-;male;-;1;-;+;-;343;296;873;888;1
1181.0;2;30;84.3696;-;+;-;100.0;-;-;+;0;-;male;-;1;-;+;-;270;428;1132;1856;0
910.0;1;38;70.7616;-;+;-;100.0;-;-;+;0;-;male;-;1;-;+;-;353;272;1275;1070;1
1181.0;1;39;75.2976;-;+;-;100.0;-;-;+;0;-;male;-;1;+;+;-;434;512;997;1358;0
350.0;2;27;101.0;-;-;-;100.0;-;+;+;190;-;female;+;2;-;+;+;337;378;702;643;0
966.0;3;39;63.504;-;-;+;100.0;-;+;+;54;+;female;+;2;-;+;-;202;299;327;431;0
1133.0;3;35;64.8648;-;-;-;100.0;-;+;+;234;+;female;+;2;-;+;-;434;378;768;403;0
1050.0;2;39;82.5552;-;+;-;100.0;-;-;+;0;-;male;-;1;-;+;+;342;469;574;1118;0
;1;29;65.772;-;+;-;100.0;-;+;+;817;-;male;+;3;-;+;-;403;266;854;447;0
1088.0;0;33;84.3696;-;+;-;100.0;-;+;+;888;-;male;+;3;-;-;-;235;220;1313;1439;0
572.0;3;29;70.7616;-;+;-;100.0;-;+;+;966;-;male;+;3;-;+;-;321;151;1400;680;1
1087.0;2;26;73.9368;-;+;-;100.0;-;+;+;772;-;male;+;3;-;+;-;293;147;1406;1103;0
1088.0;1;47;85.2768;-;+;-;100.0;-;+;+;840;-;male;+;3;+;+;-;355;360;880;841;0
938.0;0;43;88.452;-;+;-;100.0;-;+;+;843;-;male;+;3;+;-;+;225;238;649;570;0
423.0;3;25;61.236;-;-;-;100.0;-;-;+;0;-;female;-;1;+;+;+;377;410;584;743;0
917.0;1;33;78.9264;-;-;-;100.0;-;-;+;0;+;male;-;1;-;+;+;320;523;847;897;0
1068.0;1;27;84.3696;-;+;-;100.0;-;-;+;0;-;male;-;1;-;+;-;365;499;1169;1072;0
507.0;0;37;79.38;-;+;-;100.0;-;-;+;0;-;male;-;1;-;-;+;385;277;819;713;1
1054.0;1;25;75.5244;-;+;-;100.0;-;-;+;0;+;male;-;1;-;+;-;481;668;577;647;0
974.0;3;28;71.6688;-;+;-;100.0;-;-;+;0;+;male;-;1;-;+;+;441;552;378;537;0
1026.0;0;28;76.8852;-;+;-;100.0;-;-;+;0;-;male;-;1;-;-;-;562;491;463;590;0
938.0;2;36;113.4;-;-;-;100.0;-;+;+;249;-;female;+;2;-;+;+;283;564;500;933;0
1019.0;1;37;57.0;-;-;-;90.0;-;+;+;227;-;female;+;2;-;+;-;464;521;546;706;0
897.0;3;25;67.5864;-;+;-;;-;-;+;0;-;male;-;1;-;+;+;456;413;1766;843;0
1012.0;2;36;114.3072;-;+;-;100.0;-;-;+;0;-;male;-;1;-;+;-;284;481;716;962;0
1006.0;1;30;69.4008;-;+;-;100.0;-;-;+;0;-;male;-;1;-;+;-;659;511;1392;876;0
323.0;3;39;54.8856;-;+;-;100.0;-;-;+;0;+;male;-;1;-;+;-;319;250;3192;2856;1
466.0;1;34;63.504;-;+;-;100.0;-;+;+;918;+;male;+;3;-;+;+;294;282;1292;1646;0
142.0;0;45;78.246;-;+;-;100.0;-;+;+;233;-;male;+;2;-;-;-;180;49;1777;1046;1
1164.0;0;41;85.05;-;+;-;100.0;-;-;+;0;+;male;-;1;-;-;-;396;450;1034;1207;0
1022.0;2;22;62.5968;-;+;-;100.0;-;-;+;0;+;male;-;1;+;+;+;411;442;905;1160;0
307.0;1;40;97.88688;-;-;-;90.0;-;+;+;843;+;female;+;3;-;+;-;408;451;696;547;1
1159.0;3;47;104.1012;-;+;-;100.0;-;-;+;0;-;male;-;1;+;+;-;272;250;2178;1921;0
1154.0;0;32;70.7616;-;+;-;;-;-;+;576;-;male;+;3;-;-;-;271;304;566;739;0
1154.0;1;31;83.0088;-;+;-;90.0;-;-;+;0;+;male;-;1;-;+;-;548;466;1116;1067;0
565.0;0;31;80.2872;-;-;-;100.0;-;-;+;0;+;male;-;1;-;-;+;542;561;845;742;0
476.0;2;57;71.2152;-;+;-;90.0;-;+;+;326;+;male;+;2;-;+;+;301;232;689;445;1
1048.0;0;35;49.4424;-;+;-;100.0;-;-;+;0;-;male;-;1;-;-;+;441;318;1391;1198;0
1029.0;3;48;70.308;-;+;-;100.0;-;+;+;912;-;male;+;3;-;+;+;450;357;1666;1203;0
1065.0;3;34;67.5864;-;+;-;100.0;-;-;+;0;-;male;-;1;-;+;-;358;529;895;1124;0
382.0;1;36;78.38208;-;+;-;100.0;-;-;+;206;+;male;+;2;-;+;+;327;420;776;793;0
1131.0;3;39;76.6584;-;+;-;100.0;-;+;+;811;-;male;+;3;-;+;-;519;406;1189;847;0
1124.0;1;38;76.2048;-;+;-;100.0;-;+;+;15;-;male;+;2;-;+;-;346;390;864;1318;0
1124.0;1;49;76.2048;-;+;-;100.0;-;-;+;0;-;male;-;1;-;+;-;455;478;1176;534;0
624.0;0;35;75.5244;-;+;-;100.0;-;+;+;909;-;male;+;3;-;-;-;328;421;820;977;1
1119.0;2;36;67.5864;-;+;-;100.0;-;+;+;1132;-;male;+;3;-;+;-;489;577;887;1013;0
1112.0;3;37;82.1016;-;-;-;100.0;-;-;+;0;-;male;-;1;-;+;-;316;329;1124;931;0
1115.0;3;42;72.1224;-;+;-;100.0;-;+;+;606;-;male;+;3;-;+;-;292;314;626;549;0
979.0;1;34;70.308;-;+;-;100.0;-;+;+;960;-;male;+;3;-;+;+;218;559;519;888;0
1108.0;2;35;73.9368;-;+;-;100.0;-;+;+;59;-;male;+;2;-;+;-;347;333;891;594;0
1102.0;1;37;70.308;-;-;-;100.0;-;-;+;0;-;female;-;1;-;+;-;356;478;523;643;0
1098.0;0;40;81.8748;-;+;-;100.0;-;+;+;26;-;male;+;2;+;-;-;296;222;2048;1750;0
999.0;3;25;77.112;-;+;-;90.0;-;+;+;676;-;male;+;3;-;+;+;280;347;699;627;0
1093.0;1;34;86.6376;-;+;-;100.0;-;+;+;27;+;male;+;2;-;+;+;277;296;878;1096;0
859.0;0;31;64.4112;-;+;-;100.0;-;+;+;17;-;male;+;2;-;-;-;294;294;662;625;0
;3;36;72.3492;-;+;-;100.0;-;+;+;238;-;male;+;2;-;+;-;353;446;1389;1678;0
;1;25;51.4836;-;+;-;100.0;-;+;+;23;+;male;+;2;-;+;-;282;267;574;534;0
1087.0;0;33;74.98008;-;+;-;;-;+;+;342;-;male;+;2;+;-;-;252;225;1165;811;0
;3;30;55.7928;-;+;-;100.0;-;-;+;0;-;male;-;1;-;+;+;147;242;698;1089;0
1015.0;0;32;72.576;-;+;-;100.0;-;-;+;0;-;male;-;1;+;-;-;225;186;1161;1210;0
667.0;3;39;80.2872;-;+;-;100.0;-;-;+;0;+;male;-;1;-;+;+;353;374;3780;3552;1
167.0;3;32;41.2776;-;-;+;100.0;-;-;+;6;-;female;-;1;-;+;+;328;277;482;485;0
1063.0;2;40;75.978;-;-;-;100.0;-;+;+;291;+;female;+;2;-;+;-;335;339;1164;1214;0
1062.0;2;40;76.0;-;-;+;100.0;-;+;+;139;+;female;+;2;-;+;-;502;349;1568;1599;0
329.0;1;23;52.164;-;-;-;100.0;-;+;+;145;+;female;+;2;-;+;+;300;235;622;415;0
497.0;3;27;83.0088;-;-;-;100.0;-;-;+;0;+;male;-;1;-;+;+;213;211;526;632;1
1042.0;1;30;77.3388;-;+;-;100.0;-;-;+;0;+;male;-;1;-;+;-;209;275;452;517;0
1041.0;2;31;49.4424;-;-;-;100.0;-;-;+;0;-;female;-;1;-;+;-;407;464;925;815;0
1028.0;3;28;125.6472;-;-;-;100.0;-;-;+;0;+;male;-;1;-;+;-;257;395;570;893;0
1021.0;2;29;58.968;-;-;-;100.0;-;+;+;175;+;female;+;2;-;+;-;463;377;491;481;0
885.0;0;37;76.2048;-;+;-;100.0;-;-;+;0;-;male;-;1;-;-;+;450;436;1387;1963;0
1000.0;3;50;70.67088;-;+;-;;-;-;+;0;-;male;-;1;-;+;-;452;600;796;733;0
857.0;1;44;87.5448;-;+;-;100.0;-;-;+;0;-;male;-;1;-;+;+;452;426;1096;912;0
245.0;0;44;89.3592;-;-;-;100.0;-;-;+;0;-;male;-;1;-;-;+;308;314;484;351;0
517.0;2;37;82.1016;-;+;-;100.0;-;-;+;0;-;male;-;1;-;+;+;393;375;941;1125;0
847.0;0;29;100.0188;-;-;-;100.0;-;-;+;0;-;male;-;1;-;-;+;441;331;882;906;0
892.0;1;37;76.4316;-;-;-;;-;-;+;0;+;female;-;1;-;+;-;548;428;1949;1099;0
146.0;0;57;81.1944;-;+;-;100.0;-;+;+;1345;-;male;+;3;+;-;-;226;118;2008;1553;1
302.0;2;45;51.7104;-;-;-;100.0;-;+;+;1466;-;female;+;3;-;+;+;288;178;835;713;1
1067.0;3;54;86.6376;-;+;-;100.0;-;+;+;1377;-;male;+;3;-;+;-;345;388;762;900;0
1132.0;2;43;86.184;-;-;-;;-;+;+;953;-;male;+;3;-;+;-;390;505;1333;1273;0
1166.0;3;44;91.6272;-;+;-;100.0;-;+;+;1157;-;male;+;3;-;+;-;295;288;988;741;0
;3;50;83.4624;-;-;+;100.0;-;+;+;1188;-;male;+;3;-;+;-;606;548;1145;1053;0
965.0;2;30;58.5144;-;+;-;100.0;+;-;+;112;-;male;+;2;-;+;+;387;251;775;424;0
1137.0;2;36;69.4008;-;+;-;100.0;-;+;+;1155;-;male;+;3;-;+;-;186;348;1135;2713;0
896.0;0;30;81.648;-;-;-;;-;-;+;389;-;male;+;3;-;-;-;334;404;556;550;1
550.0;1;39;78.0192;-;+;-;80.0;-;+;+;1151;-;male;+;3;-;+;-;232;383;946;1150;1
898.0;2;28;83.2356;-;+;-;100.0;-;+;+;1104;-;male;+;3;-;+;-;313;205;1111;1435;1
1094.0;0;46;65.5452;-;+;-;100.0;-;+;+;523;-;male;+;3;-;-;-;441;435;592;583;0
;2;38;78.0192;-;+;-;90.0;-;+;+;1099;-;male;+;3;-;+;-;416;221;1663;1055;1
1098.0;1;29;89.3592;-;+;-;100.0;-;+;+;406;-;male;+;3;-;+;-;466;242;869;838;0
1154.0;1;37;76.6584;-;+;-;100.0;-;+;+;1049;-;male;+;3;-;+;-;428;259;1435;707;0
;1;28;85.7304;-;+;-;100.0;-;-;+;0;-;male;-;1;-;+;-;416;410;800;738;0
1040.0;2;34;62.8236;-;+;+;;-;-;+;0;+;female;-;1;-;+;-;223;381;839;1000;0
1178.0;3;26;79.8336;-;+;-;100.0;-;-;+;0;+;male;-;1;-;+;-;375;473;1000;945;0
1166.0;3;52;61.4628;-;-;-;100.0;-;+;+;807;+;female;+;3;-;+;-;440;690;645;755;0
618.0;2;25;70.21728;-;+;-;100.0;-;+;+;739;+;male;+;3;-;+;+;312;303;1679;1085;0
;1;32;58.0608;-;-;+;100.0;-;+;+;356;+;female;+;2;-;+;+;378;258;1049;870;0
381.0;3;30;64.638;-;-;-;80.0;-;+;+;13;-;female;+;2;-;+;+;433;252;883;428;0
1090.0;0;49;59.4216;-;-;+;100.0;-;+;+;1084;+;female;+;3;-;-;-;440;310;2126;1479;0
902.0;1;35;92.5344;-;-;+;90.0;-;-;+;0;+;female;-;1;-;+;+;349;323;1124;1398;0
839.0;3;36;57.6072;-;-;-;100.0;-;+;+;927;+;female;+;3;-;+;-;239;306;868;899;1
987.0;2;32;50.8032;-;-;+;80.0;-;-;+;0;-;female;-;1;-;+;-;253;444;933;806;0
96.0;2;40;79.38;-;-;+;70.0;-;+;+;1561;+;female;+;3;-;+;-;255;322;1190;1153;1
722.0;3;44;90.4932;-;+;-;90.0;-;+;+;1248;+;female;+;3;-;+;+;250;209;2677;2117;1
971.0;3;27;66.4524;-;-;+;80.0;-;+;+;943;-;female;+;3;-;+;-;649;784;2220;1874;0
1046.0;2;32;64.8648;-;-;-;100.0;-;+;+;95;+;female;+;2;-;+;-;567;516;3827;2801;0
424.0;1;26;47.628;-;-;-;100.0;-;+;+;202;+;female;+;2;-;+;+;391;568;681;803;0
1013.0;1;40;84.0;+;-;-;100.0;-;+;+;1484;-;male;+;3;-;+;+;295;375;801;722;0
;0;30;65.0;-;+;-;80.0;-;+;+;416;-;male;+;3;+;-;+;171;191;477;428;0
819.0;0;50;72.576;-;-;-;100.0;-;+;+;885;-;male;+;3;+;-;-;266;334;1482;1250;1
1087.0;1;33;78.4;+;-;-;;-;+;+;941;-;male;+;3;-;+;-;344;214;862;705;0
993.0;3;32;64.8648;-;-;+;100.0;-;+;+;878;-;female;+;3;-;+;-;386;365;941;1414;0
1062.0;2;38;75.2;-;-;-;100.0;-;+;+;940;+;male;+;3;-;+;-;265;238;1349;1372;0
1104.0;1;40;110.4516;-;-;-;90.0;+;+;+;179;-;male;+;2;-;+;-;548;548;1117;945;0
1188.0;2;38;66.2256;-;+;-;100.0;-;+;+;1017;-;male;+;3;-;+;-;368;292;1279;1290;0
1124.0;0;47;67.1328;-;+;-;100.0;-;+;+;22;-;male;+;2;-;-;-;499;477;1056;1044;0
980.0;2;37;81.1944;-;-;+;100.0;-;-;+;0;-;male;-;1;-;+;+;441;368;923;604;0
1066.0;0;43;97.524;-;-;-;100.0;-;-;+;0;+;male;-;1;-;-;-;240;521;410;494;0
299.0;2;29;63.9576;-;+;-;100.0;-;-;+;0;+;male;-;1;-;+;+;486;596;800;612;0
973.0;2;29;77.112;-;+;-;100.0;-;+;+;155;+;male;+;2;-;+;+;164;207;445;655;0
1087.0;2;31;122.472;-;-;-;100.0;-;+;+;68;-;female;+;2;+;+;-;250;251;985;732;0
1052.0;0;39;98.4312;-;-;-;100.0;-;-;+;0;-;male;-;1;-;-;-;434;383;1632;1373;0
934.0;1;27;83.4624;-;-;-;;-;-;+;53;+;female;+;2;-;+;-;427;460;510;870;0
;1;31;63.0504;-;-;+;90.0;-;-;+;83;-;female;+;2;-;+;-;428;748;551;983;0
343.0;2;19;59.8752;-;-;-;100.0;-;+;+;158;+;female;+;2;-;+;+;401;420;774;905;0
612.0;3;37;63.504;-;-;-;90.0;-;+;+;1191;+;female;+;3;-;+;-;389;372;552;586;1
1017.0;2;58;78.246;-;+;-;90.0;-;+;+;682;-;male;+;3;-;+;-;409;590;520;510;1
428.0;3;40;67.1328;-;+;-;90.0;-;+;+;424;-;male;+;3;-;+;-;423;306;1843;1576;1
1088.0;3;31;61.6896;-;+;-;90.0;-;+;+;751;-;male;+;3;-;+;-;296;328;560;725;0
1066.0;3;40;69.6276;-;+;+;;-;-;+;0;-;male;-;1;+;+;-;609;299;1430;883;0
818.0;0;24;66.2256;-;-;-;100.0;-;+;+;493;-;female;+;3;+;-;-;450;300;884;799;1
959.0;2;44;91.6272;-;-;-;100.0;-;+;+;1609;-;female;+;3;-;+;-;339;232;828;440;0
897.0;3;31;62.37;-;-;-;90.0;-;-;+;0;+;female;-;1;-;+;+;243;210;648;409;0
429.0;3;35;68.2668;-;-;+;90.0;-;-;+;0;+;female;-;1;-;+;+;366;481;614;703;0
1029.0;3;33;56.9268;-;+;-;90.0;-;-;+;0;+;male;-;1;-;+;-;329;433;419;480;0
507.0;3;26;56.2464;-;-;-;90.0;-;-;+;0;-;female;-;1;-;+;+;442;427;1211;839;0
876.0;0;36;117.0288;-;-;-;90.0;-;-;+;0;-;female;-;1;-;-;+;199;206;1228;1184;0
1000.0;2;33;71.2152;-;+;-;100.0;-;-;+;0;-;male;-;1;-;+;-;221;260;598;866;0
984.0;3;30;61.0092;+;-;-;100.0;-;-;+;0;+;female;-;1;-;+;-;424;495;878;794;0
562.0;1;59;53.3;-;-;-;80.0;-;+;+;1143;-;female;+;3;-;+;+;236;285;354;344;1
991.0;3;24;64.04832;+;-;-;90.0;-;-;+;406;-;male;+;3;-;+;+;296;172;444;664;0
813.0;0;41;89.5;-;+;-;90.0;-;+;+;980;-;male;+;3;-;-;-;308;306;972;1376;1
994.0;1;33;72.8028;+;-;-;90.0;-;+;+;176;-;male;+;2;-;+;+;446;532;368;336;0
1035.0;0;36;93.1;-;+;-;100.0;-;+;+;551;-;male;+;3;-;-;+;541;466;1434;1568;0
1110.0;0;24;62.1432;-;-;-;100.0;-;-;+;0;-;female;-;1;-;-;-;531;909;1927;1850;0
987.0;0;29;72.3;-;+;-;100.0;-;+;+;160;-;male;+;2;-;-;-;298;326;518;750;1
537.0;3;29;70.9884;-;+;-;90.0;-;+;+;139;-;male;+;2;-;+;+;404;254;866;871;1
982.0;3;35;67.94928;-;-;-;80.0;-;+;+;105;+;female;+;2;-;+;+;415;397;943;1228;0
555.0;3;25;79.7;-;-;-;;-;+;+;161;+;female;+;2;-;+;-;501;365;812;805;1
1078.0;2;35;68.0;-;+;-;90.0;-;+;+;205;-;male;+;2;-;+;-;213;198;568;563;0
1075.0;1;32;58.0;-;-;-;80.0;-;+;+;199;+;male;+;2;-;+;-;265;318;1132;1149;0
;3;31;95.5;-;+;-;90.0;-;+;+;199;-;male;+;2;-;+;-;302;554;478;595;0
;0;21;77.9;+;-;-;90.0;-;-;+;0;+;male;-;1;-;-;+;373;275;549;663;0
966.0;3;41;73.0296;+;-;+;90.0;-;-;+;0;-;male;-;1;-;+;-;480;403;700;864;0
385.0;2;30;68.0;-;+;-;90.0;-;+;+;981;-;male;+;3;+;+;+;184;246;563;834;1
950.0;1;24;72.5;-;-;-;80.0;-;-;+;0;+;female;-;1;+;+;+;347;343;1167;1300;0
1041.0;0;18;57.28968;+;-;-;100.0;-;+;+;344;-;female;+;2;-;-;-;445;371;766;691;0
970.0;2;47;59.0;-;-;+;90.0;-;-;+;0;-;female;-;1;-;+;+;186;260;462;357;0
1015.0;0;38;79.4;-;+;-;100.0;-;-;+;0;-;male;-;1;-;-;-;332;375;1289;860;0
991.0;0;40;65.5;-;+;-;;-;-;+;0;-;male;-;1;-;-;-;274;418;1352;1353;0
413.0;0;23;74.4;-;+;-;;-;-;+;0;+;male;-;1;-;-;+;221;205;731;643;1
993.0;3;37;71.8;-;+;-;90.0;-;-;+;0;-;male;-;1;-;+;-;338;508;675;457;0
992.0;2;33;72.576;-;+;-;90.0;-;-;+;0;-;male;-;1;-;+;-;383;492;1627;984;0
;1;27;70.5;-;+;-;90.0;-;-;+;0;-;male;-;1;-;+;+;227;208;1058;879;0
1008.0;2;27;70.7616;+;-;-;100.0;-;+;+;972;-;male;+;3;-;+;-;290;495;858;1602;1
1001.0;2;41;65.0916;+;-;-;100.0;+;-;+;962;-;male;+;3;-;+;+;99;80;105;173;0
1098.0;1;33;75.2976;+;-;-;;-;+;+;965;-;male;+;3;-;+;-;548;332;1672;1683;0
748.0;2;39;80.7408;+;-;-;100.0;+;+;+;806;-;male;+;3;-;+;-;457;230;1306;1094;1
994.0;1;38;82.3;+;-;-;100.0;+;+;+;371;-;male;+;3;-;+;+;341;264;741;583;0
840.0;2;33;65.4;+;-;-;100.0;-;+;+;369;+;male;+;3;-;+;-;343;316;1417;1489;1
561.0;1;24;59.0;+;-;-;100.0;-;+;+;195;-;male;+;2;-;+;-;172;157;847;804;1
1091.0;0;40;71.3;-;-;-;100.0;-;-;+;0;-;female;-;1;-;-;-;503;432;797;734;0
993.0;3;30;63.9576;+;+;-;100.0;-;+;+;1755;-;male;+;3;-;+;-;250;347;1248;1198;0
1103.0;3;45;72.7;+;-;-;100.0;-;+;+;661;-;male;+;3;-;+;-;288;232;1072;1292;0
1096.0;1;14;65.0;+;-;-;100.0;-;+;+;490;-;male;+;3;-;+;-;374;451;707;676;0
197.0;0;37;79.38;+;-;-;100.0;-;-;+;0;-;male;-;1;+;-;+;319;135;1412;563;1
989.0;3;31;72.3;-;+;-;90.0;-;+;+;380;-;male;+;3;-;+;+;480;470;1000;680;0
1134.0;0;34;84.2;-;+;-;90.0;-;+;+;979;-;male;+;3;-;-;-;220;230;620;600;0
1002.0;3;28;64.8;-;+;-;100.0;-;-;+;0;-;male;-;1;-;+;+;400;280;890;650;1
835.0;2;26;59.8752;-;+;-;90.0;-;-;+;0;-;male;-;1;+;+;+;170;288;348;376;0
1147.0;0;32;102.3;-;-;-;100.0;-;-;+;0;+;female;-;1;-;-;-;374;272;1474;864;0
394.0;1;22;53.298;-;-;-;100.0;-;-;+;0;+;female;-;1;-;+;+;306;238;1134;826;1
1151.0;1;31;64.1844;-;+;-;100.0;-;+;+;588;+;male;+;3;-;+;-;168;225;1656;795;0
1140.0;2;18;86.4;-;-;-;100.0;-;-;+;0;+;female;-;1;-;+;-;320;384;880;944;0
1147.0;0;42;82.3;-;-;+;100.0;-;+;+;6;+;female;-;1;-;-;-;341;456;429;504;0
1021.0;3;39;94.3;-;-;-;100.0;-;-;+;0;+;female;-;1;-;+;+;414;464;900;624;0
993.0;2;22;60.3288;-;+;-;100.0;-;-;+;0;-;male;-;1;-;+;-;525;540;1400;1100;0
1059.0;3;28;66.3;-;+;-;100.0;-;-;+;0;-;male;-;1;-;+;+;600;555;675;429;0
1132.0;0;47;74.844;-;-;-;100.0;-;-;+;0;+;female;-;1;-;-;-;504;210;1176;980;0
139.0;0;25;66.2256;-;+;-;100.0;-;-;+;62;-;male;+;2;-;-;+;612;403;522;403;0
1023.0;1;36;51.5;-;+;-;90.0;-;-;+;0;+;female;-;1;-;+;+;300;228;1240;1254;0
889.0;0;25;84.18816;-;+;-;100.0;-;+;+;1286;-;male;+;3;-;-;+;336;252;612;477;1
876.0;1;37;81.10368;-;+;-;90.0;-;+;+;898;-;male;+;3;-;+;-;375;275;690;539;1
549.0;2;25;63.59472;-;+;-;90.0;-;+;+;1856;-;male;+;3;-;+;+;280;154;1180;1408;1
1091.0;2;28;68.4936;-;+;-;100.0;-;+;+;1756;-;male;+;3;-;+;-;646;462;731;700;0
811.0;1;27;94.89312;-;+;+;90.0;-;+;+;188;-;male;+;2;-;+;-;370;450;860;918;1
1010.0;0;37;83.28096;-;+;-;100.0;-;-;+;0;-;male;-;1;-;-;-;420;465;700;675;0
1071.0;3;38;67.1;-;+;-;90.0;-;-;+;0;-;male;-;1;-;+;-;340;410;1160;980;0
493.0;1;25;68.3;-;+;-;90.0;-;+;+;10;-;male;+;2;+;+;-;340;190;916;560;1
1127.0;2;40;71.6;-;+;-;100.0;-;+;+;238;-;male;+;2;-;+;-;330;290;350;380;0
1135.0;2;34;74.0;-;-;-;;-;-;+;0;-;male;-;1;+;+;-;220;310;1540;1880;0
171.0;1;24;65.2;-;-;-;90.0;-;-;+;0;-;female;-;1;+;+;-;140;80;1380;790;1
1112.0;2;40;91.0;-;+;-;90.0;-;+;+;961;-;male;+;3;-;+;-;250;320;900;1010;0
1030.0;3;37;66.1;-;+;-;;-;+;+;854;-;male;+;3;-;+;-;280;380;540;700;0
739.0;3;42;93.5;-;+;-;;-;-;+;0;-;male;-;1;-;+;-;250;220;1510;1320;1
880.0;1;28;159.93936;-;+;-;;-;-;+;0;+;male;-;1;-;+;+;702;275;3348;1775;0
1042.0;1;49;56.42784;-;+;+;90.0;-;-;+;0;+;male;-;1;-;+;-;450;364;1152;686;0
1024.0;0;34;86.00256;-;-;+;100.0;-;-;+;0;+;female;-;1;-;-;-;348;372;492;432;0
929.0;1;31;85.14072;-;-;-;100.0;-;-;+;0;+;female;-;1;-;+;-;481;480;520;660;1
1046.0;2;29;65.5;-;+;-;;-;+;+;90;-;male;+;2;-;+;+;530;470;1100;710;0
1064.0;3;24;81.1;-;-;-;90.0;-;+;+;7;+;female;-;1;-;+;-;420;300;620;610;0
313.0;3;31;56.3;-;+;+;90.0;-;+;+;510;-;male;+;3;-;+;-;260;200;1140;940;1
746.0;0;61;69.8;-;-;-;90.0;-;-;+;0;-;male;-;1;-;-;-;440;550;1120;1470;1
826.0;1;33;101.0;-;+;-;90.0;-;+;+;106;-;male;+;2;-;+;-;400;310;860;720;1
;0;26;82.2;-;-;-;;-;+;+;173;-;female;+;2;-;-;-;560;410;970;920;0
1045.0;3;32;83.1;-;+;-;90.0;-;-;+;0;+;male;-;1;-;+;-;270;390;600;756;0
1049.0;3;30;69.1;-;+;-;90.0;-;+;+;152;-;male;+;2;-;+;-;200;250;1736;1590;0
1012.0;2;38;69.8;-;+;-;90.0;-;+;+;41;+;male;+;2;-;+;-;230;220;1690;1260;0
978.0;3;46;86.2;-;+;-;100.0;-;-;+;0;-;male;-;1;-;+;-;440;824;530;586;0
314.0;2;36;91.9;-;+;-;100.0;-;-;+;0;-;male;-;1;-;+;+;280;404;1305;1010;0
1087.0;2;32;69.3;-;+;-;100.0;-;-;+;0;+;male;-;1;-;+;-;390;350;540;450;0
886.0;0;25;103.5;-;+;-;90.0;-;+;+;508;-;male;+;3;+;-;+;280;300;850;1190;1
1009.0;0;45;75.3;-;-;+;90.0;-;+;+;391;-;female;+;3;+;-;+;240;220;520;412;0
1008.0;0;46;72.4;-;+;-;100.0;-;+;+;477;-;male;+;3;+;-;-;280;270;1590;1300;0
1008.0;1;26;67.2;-;+;-;90.0;-;+;+;540;-;male;+;3;+;+;-;330;400;1530;1230;0
1062.0;1;34;63.2;+;-;-;90.0;-;+;+;662;-;male;+;3;-;+;-;260;450;480;560;0
1014.0;0;22;62.3;-;+;-;90.0;-;+;+;60;-;male;+;2;-;-;-;530;510;816;806;0
477.0;1;32;84.8232;-;+;-;100.0;-;-;+;45;-;male;+;2;+;+;-;169;132;741;594;1
980.0;0;23;67.8132;-;+;-;100.0;-;-;+;0;-;male;-;1;-;-;+;360;234;1134;780;0
813.0;1;24;68.4936;-;+;-;;-;-;+;0;-;male;-;1;+;+;+;406;384;672;612;1
1035.0;0;32;76.8852;-;-;-;100.0;-;-;+;0;+;female;-;1;-;-;+;336;361;1632;1235;0
990.0;1;33;74.1636;-;+;-;100.0;-;-;+;0;-;male;-;1;-;+;-;348;495;552;705;0
927.0;3;35;96.3;-;+;-;90.0;-;+;+;6;-;male;-;1;-;+;-;130;150;400;390;1
981.0;0;29;73.9;-;+;-;90.0;-;-;+;0;-;male;-;1;-;-;+;520;590;1070;880;0
1027.0;3;30;76.3;-;-;-;90.0;-;-;+;0;+;male;-;1;+;+;-;170;270;330;460;0
963.0;1;38;72.9;-;+;-;90.0;-;-;+;0;-;male;-;1;-;+;+;380;500;1116;1270;0
986.0;3;23;82.1;-;-;-;90.0;-;+;+;616;+;female;+;3;-;+;+;380;570;1080;1150;0
963.0;3;24;71.3;-;+;-;;-;-;+;0;+;male;-;1;-;+;-;500;520;840;630;0
936.0;2;48;85.4;-;-;-;90.0;-;-;+;0;-;male;-;1;-;+;-;420;430;515;360;0
993.0;3;47;89.1;+;-;-;90.0;-;-;+;0;-;male;-;1;-;+;-;220;270;1020;1170;0
911.0;2;30;60.8;-;+;-;90.0;-;-;+;0;+;male;-;1;-;+;+;390;360;640;480;0
930.0;1;26;69.0;+;-;-;90.0;-;-;+;0;-;male;-;1;-;+;-;390;530;720;420;0
720.0;2;32;97.9;-;-;-;90.0;-;-;+;0;+;male;-;1;+;+;-;250;320;1170;1040;1
924.0;2;27;86.6;-;+;-;90.0;-;-;+;0;-;male;-;1;-;+;-;300;510;450;845;0
905.0;0;32;81.5;-;-;-;90.0;-;-;+;0;+;male;-;1;-;-;+;320;310;870;762;0
612.0;0;27;103.4208;-;+;-;90.0;-;-;+;0;-;male;-;1;-;-;-;143;140;858;994;1
932.0;2;30;77.7924;-;-;+;100.0;-;-;+;0;-;male;-;1;-;+;+;391;315;640;825;0
891.0;0;27;66.6;-;-;+;90.0;-;-;+;0;-;female;-;1;-;-;-;320;256;470;432;0
919.0;1;25;53.1;-;+;-;90.0;-;-;+;0;-;male;-;1;-;+;+;220;380;480;570;0
905.0;0;39;113.4;-;-;+;90.0;-;-;+;0;+;female;-;1;-;-;-;532;290;462;558;0
904.0;3;40;68.7204;-;-;+;100.0;-;-;+;0;-;male;-;1;-;+;+;450;300;630;540;0
964.0;2;32;64.4112;-;+;-;100.0;-;-;+;0;+;male;-;1;-;+;-;406;395;630;865;0
;0;46;84.8232;-;+;-;100.0;-;-;+;0;+;male;-;1;-;-;-;494;147;950;407;1
958.0;3;32;67.1328;-;-;+;100.0;-;-;+;0;-;male;-;1;-;+;-;200;164;2720;2266;0
957.0;1;22;57.1536;-;+;-;100.0;-;-;+;0;-;male;-;1;-;+;-;308;290;583;540;0
888.0;2;36;61.6896;-;-;-;90.0;-;-;+;0;+;male;-;1;-;+;+;416;270;1326;690;0
927.0;3;39;77.5656;-;-;+;100.0;-;+;+;162;+;female;+;2;-;+;-;221;336;1055;1348;0
691.0;3;35;112.7196;-;-;+;;-;+;+;953;-;male;+;3;-;+;-;290;250;930;670;1
1028.0;2;41;92.3076;-;+;-;90.0;+;-;+;996;-;male;+;3;-;+;+;220;200;990;730;0
1083.0;0;36;93.8952;-;+;-;;+;+;+;862;+;male;+;3;-;-;-;270;260;1040;1020;0
1081.0;2;37;47.628;-;-;-;100.0;+;+;+;561;-;female;+;3;-;+;+;350;270;930;690;0
631.0;3;53;107.5032;-;+;-;90.0;-;+;+;888;-;male;+;3;-;+;-;290;200;1060;1090;1
993.0;1;32;65.3184;-;+;-;90.0;-;+;+;471;-;male;+;3;-;+;-;360;340;590;540;0
1122.0;0;45;94.5756;-;-;+;100.0;-;+;+;372;+;male;+;3;+;-;-;310;450;1520;1450;0
1122.0;3;41;86.184;-;-;-;100.0;-;+;+;371;+;female;+;3;-;+;-;310;400;1230;1150;0
282.0;3;44;55.5;-;-;+;90.0;-;+;+;181;+;female;+;2;-;+;+;410;510;480;590;0
331.0;0;44;79.38;-;+;-;90.0;-;+;+;14;-;male;+;2;-;-;+;300;240;2130;1970;0
236.0;0;42;62.5;-;-;-;100.0;-;+;+;539;+;female;+;3;+;-;+;400;250;940;560;1
755.0;2;30;78.83568;-;-;+;;-;+;+;312;-;male;+;2;-;+;+;420;590;890;1080;0
1087.0;1;40;80.5;-;-;+;100.0;-;+;+;751;-;male;+;3;-;+;-;480;440;2638;1510;0
475.0;0;36;83.4624;-;-;+;100.0;-;+;+;655;-;male;+;3;-;-;+;240;200;540;710;1
990.0;2;30;135.1728;-;-;+;90.0;-;+;+;30;-;male;+;2;+;+;+;220;220;1120;1250;0
1017.0;1;33;83.0088;-;-;+;90.0;-;+;+;785;-;male;+;3;-;+;+;440;580;1000;960;1
790.0;2;39;75.0708;-;+;-;100.0;-;+;+;449;+;male;+;3;-;+;+;300;230;920;740;1
991.0;0;31;85.7304;-;+;-;90.0;-;+;+;504;-;male;+;3;-;-;-;350;410;410;620;0
1081.0;1;40;70.0812;-;-;+;80.0;-;-;+;0;-;female;-;1;-;+;+;400;550;1250;1020;0
388.0;3;42;76.2048;-;-;+;100.0;-;+;+;275;+;male;+;2;+;+;+;330;270;1650;1430;1
1110.0;3;33;70.5348;-;-;-;80.0;-;+;+;762;-;female;+;3;-;+;-;440;500;1050;1040;0
1098.0;2;29;92.5344;-;+;-;90.0;-;+;+;524;-;male;+;3;+;+;-;320;280;1360;940;0
1108.0;1;40;93.6684;-;-;+;90.0;-;+;+;792;+;male;+;3;-;+;-;470;980;1510;1700;0
1005.0;1;41;87.0912;-;-;+;90.0;-;+;+;310;-;male;+;2;+;+;-;300;360;560;590;0
1097.0;1;45;68.2668;-;-;+;90.0;+;+;+;653;+;male;+;3;-;+;-;410;390;980;760;0
1008.0;1;41;73.2564;-;+;-;90.0;-;+;+;777;-;male;+;3;-;+;+;280;210;920;1070;1
1013.0;2;29;94.8024;-;-;-;90.0;-;-;+;0;+;male;-;1;-;+;-;280;350;980;810;0
939.0;3;37;88.9056;-;+;-;80.0;-;+;+;629;-;male;+;3;-;+;-;260;200;2220;2050;1
628.0;0;45;60.7824;-;-;-;80.0;-;+;+;743;-;female;+;3;-;-;+;310;150;880;510;1
437.0;0;34;72.576;-;+;-;100.0;-;-;+;0;-;male;-;1;-;-;+;260;410;610;740;0
1070.0;1;31;56.7;-;+;-;90.0;-;+;+;822;-;male;+;3;-;+;-;380;380;1220;1290;0
143.0;0;27;64.77408;-;-;-;100.0;-;-;+;0;+;female;-;1;-;-;+;510;620;880;1180;0
392.0;0;30;52.6176;-;+;-;90.0;-;+;+;2;-;male;-;1;+;-;+;320;400;2460;1840;0
637.0;3;31;63.504;-;-;+;;-;-;+;0;+;female;-;1;-;+;+;230;200;960;1030;0
984.0;3;37;87.0912;-;-;-;100.0;-;+;+;6;-;male;-;1;-;+;+;450;460;970;690;0
655.0;0;26;105.9156;-;-;-;;-;-;+;0;-;male;-;1;-;-;+;270;210;3190;1730;1
1038.0;1;40;76.2048;-;-;+;90.0;-;+;+;803;+;female;+;3;-;+;-;520;560;1210;1160;0
1004.0;2;33;68.4936;-;+;-;100.0;-;-;+;0;-;male;-;1;-;+;+;190;260;830;890;0
;3;45;76.8852;-;+;-;100.0;-;-;+;0;-;male;-;1;-;+;-;150;249;400;536;0
991.0;3;32;96.1632;-;-;-;100.0;-;-;+;0;+;male;-;1;-;+;-;270;270;430;410;0
383.0;3;27;65.3184;-;+;-;;-;-;+;0;-;male;-;1;-;+;+;270;320;380;540;0
899.0;2;37;66.6792;-;-;+;100.0;-;-;+;0;-;male;-;1;-;+;-;530;720;450;820;0
1087.0;3;37;73.0296;-;+;-;100.0;-;+;+;1737;-;male;+;3;-;+;+;266;308;892;1016;0
983.0;1;43;69.8544;-;+;-;100.0;-;-;+;1267;-;male;+;3;-;+;-;648;595;858;941;0
894.0;3;28;58.5144;-;+;-;100.0;-;-;+;1016;+;male;+;3;-;+;-;549;475;875;591;0
602.0;1;41;70.308;-;+;-;100.0;-;-;+;621;-;male;+;3;-;+;+;385;587;654;991;0
1034.0;3;39;74.6172;-;+;-;100.0;-;+;+;1635;-;male;+;3;-;+;-;315;275;579;602;0
1101.0;2;38;83.916;-;+;-;100.0;-;+;+;1089;-;male;+;3;-;+;+;363;246;1164;830;0
999.0;1;53;69.8544;-;+;-;;-;+;+;1108;-;male;+;3;-;+;-;554;573;1039;1827;0
875.0;3;33;73.6;-;+;-;100.0;+;+;+;1080;-;male;+;3;-;+;-;422;501;739;981;1
1088.0;2;36;86.184;-;+;-;100.0;+;-;+;575;-;male;+;3;-;+;-;337;278;618;482;0
1062.0;3;32;86.6376;-;+;-;100.0;-;+;+;413;-;male;+;3;-;+;+;293;270;516;468;0
478.0;0;41;78.0192;-;+;-;100.0;-;+;+;472;-;male;+;3;-;-;-;348;245;932;649;1
1138.0;1;49;81.648;-;+;-;100.0;-;+;+;111;-;male;+;2;-;+;-;598;676;932;837;0
759.0;0;40;83.916;-;+;+;100.0;-;+;+;353;-;male;+;2;-;-;-;225;212;651;769;1
1066.0;2;31;78.9264;-;+;-;100.0;-;+;+;842;+;male;+;3;-;+;-;589;612;934;738;0
;2;39;63.0504;-;+;+;100.0;-;+;+;19;-;male;+;2;-;+;-;317;315;864;666;0
1063.0;1;30;62.5968;-;+;-;90.0;-;+;+;566;+;male;+;3;+;+;-;163;174;497;485;0
1117.0;2;46;78.0192;-;+;+;80.0;+;-;+;76;+;male;+;2;-;+;+;246;376;786;1088;0
1056.0;1;35;72.576;-;+;-;100.0;-;+;+;28;-;male;+;2;+;+;-;211;341;586;1056;0
709.0;0;28;77.112;-;-;-;100.0;-;-;+;0;+;female;-;1;-;-;-;386;521;671;597;0
1088.0;1;44;66.6792;-;-;-;100.0;-;+;+;447;+;male;+;3;-;+;-;204;281;543;827;0
984.0;2;26;75.7512;-;-;-;100.0;-;+;+;409;+;female;+;3;-;+;-;302;419;892;961;0
;0;37;58.968;-;-;+;100.0;-;-;+;0;-;female;-;1;-;-;-;485;561;908;673;0
645.0;0;30;48.0816;-;-;-;100.0;-;-;+;0;+;female;-;1;-;-;+;377;389;1113;1269;0
477.0;0;29;72.2;-;-;-;90.0;-;+;+;517;+;female;+;3;+;-;-;297;232;1246;1196;1
1038.0;2;37;105.0;-;-;-;100.0;-;-;+;0;-;male;-;1;-;+;+;242;283;1560;1869;0
984.0;2;25;56.2464;-;+;-;100.0;-;-;+;0;+;male;-;1;-;+;-;434;633;493;544;0
1002.0;0;19;74.844;-;+;-;100.0;-;-;+;0;+;male;-;1;-;-;-;503;452;429;480;0
1023.0;3;27;60.4;-;+;-;100.0;-;-;+;0;+;female;-;1;-;+;-;511;329;1171;846;0
1007.0;3;27;53.9784;-;-;-;100.0;-;+;+;816;+;female;+;3;-;+;-;237;312;1120;920;0
308.0;3;48;73.2564;-;+;-;;-;-;+;0;-;male;-;1;-;+;-;481;300;525;390;1
976.0;3;41;104.0;-;-;-;100.0;-;+;+;1320;-;male;+;3;-;+;-;528;500;607;695;0
;0;28;88.6;-;-;-;100.0;-;-;+;0;+;female;-;1;-;-;-;532;616;745;713;0
1087.0;2;30;73.8;-;-;-;100.0;-;-;+;0;+;female;-;1;-;+;-;539;660;623;682;0
1053.0;3;42;56.2;-;-;-;90.0;-;-;+;0;+;female;-;1;-;+;-;558;406;586;714;0
984.0;0;20;72.0;-;+;-;100.0;-;-;+;539;+;male;+;3;-;-;+;215;249;439;389;0
1001.0;2;29;86.6376;-;-;+;90.0;-;+;+;939;-;male;+;3;-;+;+;223;338;892;1206;0
308.0;1;33;120.6576;-;+;-;100.0;-;-;+;0;+;male;-;1;-;+;-;429;242;1180;1497;1
890.0;0;34;70.308;-;-;-;100.0;-;+;+;124;+;male;+;2;-;-;-;390;527;1239;1635;1
1028.0;1;52;61.236;-;+;-;90.0;-;+;+;933;-;male;+;3;+;+;-;319;410;1596;1382;0
;0;32;66.6792;-;+;-;90.0;-;+;+;267;+;male;+;2;-;-;+;214;325;816;1146;1
404.0;2;30;73.9368;-;+;-;;-;-;+;0;+;male;-;1;-;+;+;263;262;998;1273;0
1054.0;3;28;98.8848;-;+;-;90.0;-;+;+;219;+;male;+;2;-;+;-;459;504;1355;774;0
406.0;0;41;66.2256;-;+;-;90.0;-;+;+;1102;-;male;+;3;-;-;+;248;259;874;1102;0
1019.0;3;19;54.432;-;-;-;100.0;-;-;+;0;+;female;-;1;-;+;-;374;450;590;519;0
448.0;2;57;50.8032;-;+;-;90.0;-;-;+;0;+;male;-;1;-;+;+;399;329;694;878;1
913.0;1;42;68.04;-;+;-;100.0;-;-;+;0;+;male;-;1;-;+;-;426;559;1520;1083;0
;0;28;68.2668;-;-;-;100.0;-;-;+;0;+;female;-;1;-;-;-;771;605;2257;2347;0
902.0;1;32;79.6068;-;-;-;100.0;-;+;+;213;+;female;+;2;-;+;-;230;355;308;330;0
408.0;2;29;61.4628;-;+;-;100.0;-;-;+;0;+;male;-;1;-;+;+;437;484;1139;974;0
927.0;3;48;72.1224;-;-;-;100.0;-;-;+;0;+;male;-;1;-;+;-;250;560;649;1348;0
505.0;3;26;50.3496;-;-;-;100.0;-;-;+;0;+;male;-;1;-;+;+;250;189;720;655;1
1015.0;2;30;92.0808;-;-;-;100.0;-;-;+;0;+;female;-;1;-;+;-;279;250;859;811;0
918.0;2;33;43.00128;-;-;-;;-;-;+;0;+;male;-;1;-;+;-;181;180;367;494;0
729.0;1;29;63.9576;-;-;-;100.0;-;-;+;0;+;female;-;1;-;+;-;326;399;1378;951;0
907.0;3;40;77.112;-;+;-;100.0;-;-;+;0;+;male;-;1;-;+;-;308;317;1441;1375;0
417.0;1;37;81.648;-;-;+;100.0;-;-;+;0;+;female;-;1;-;+;+;198;332;301;443;0
537.0;0;36;82.1016;-;-;+;100.0;-;-;+;0;+;male;-;1;-;-;+;378;204;572;231;0
432.0;2;32;65.4;-;-;-;100.0;-;+;+;588;+;female;+;3;-;+;+;250;240;570;600;1
1077.0;2;26;56.8;-;-;-;100.0;-;+;+;225;+;female;+;2;-;+;-;330;221;700;552;0
;0;32;48.62592;-;-;-;100.0;-;+;+;694;+;female;+;3;-;-;-;280;210;1190;760;1
817.0;3;28;61.6896;-;-;-;100.0;-;+;+;290;+;female;+;2;-;+;-;380;440;840;1470;1
1030.0;1;28;50.3496;-;-;-;100.0;-;+;+;672;+;female;+;3;-;+;-;310;168;997;516;0
485.0;0;34;72.576;-;-;+;100.0;-;-;+;0;+;male;-;1;-;-;+;370;380;1330;1270;0
1011.0;2;33;68.4936;-;-;+;80.0;-;-;+;0;+;male;-;1;+;+;-;170;250;1140;1120;0
989.0;3;27;52.70832;-;+;-;100.0;-;-;+;0;+;male;-;1;-;+;-;420;280;1800;1370;0
318.0;2;38;59.8752;-;-;+;100.0;-;-;+;0;+;female;-;1;-;+;+;610;500;1350;1250;0
492.0;3;39;67.1328;-;-;+;;-;-;+;0;+;male;-;1;-;+;-;420;360;690;710;1
986.0;1;43;79.8336;-;-;+;90.0;-;-;+;0;+;male;-;1;-;+;-;200;270;450;650;0
986.0;0;27;63.86688;-;+;-;100.0;-;-;+;0;+;male;-;1;-;-;-;490;510;990;920;0
986.0;2;39;73.9368;-;-;-;100.0;-;-;+;0;+;female;-;1;-;+;-;420;590;730;1050;0
986.0;0;28;52.164;-;-;-;100.0;-;-;+;0;+;female;-;1;-;-;-;410;440;890;820;0
261.0;1;31;68.9472;-;-;+;100.0;-;+;+;1033;-;female;+;3;+;+;+;266;496;740;1138;0
1019.0;2;21;58.968;-;-;-;100.0;-;+;+;349;-;female;+;2;-;+;-;344;365;603;730;0
1004.0;2;34;82.1016;-;-;+;100.0;-;-;+;0;+;female;-;1;-;+;-;539;523;1550;1212;0
569.0;0;45;90.2664;-;+;-;100.0;-;-;+;0;-;male;-;1;-;-;+;307;559;863;1046;1
990.0;0;27;70.7616;-;-;-;100.0;-;-;+;0;-;male;-;1;-;-;-;396;465;849;1008;0
990.0;3;43;83.0088;-;+;-;100.0;-;-;+;0;+;male;-;1;-;+;-;282;499;1034;1082;0
990.0;1;38;103.194;-;+;+;100.0;-;-;+;0;-;male;-;1;-;+;+;200;349;734;1175;0
1086.0;0;38;63.7308;-;+;+;100.0;-;+;+;1647;-;male;+;3;-;-;-;456;269;765;477;0
1084.0;3;36;70.7616;-;+;-;100.0;-;+;+;94;-;male;+;2;-;+;-;364;433;977;1066;0
1081.0;0;35;76.4316;-;+;-;100.0;-;+;+;1495;+;male;+;3;-;-;-;538;315;706;655;0
397.0;1;36;75.7512;-;+;-;100.0;-;+;+;691;-;male;+;3;-;+;+;349;755;925;1223;0
1076.0;3;36;67.3596;-;+;-;100.0;-;+;+;675;-;male;+;3;-;+;-;232;402;277;425;0
1082.0;1;43;94.8024;-;+;-;100.0;-;+;+;396;-;male;+;3;-;+;-;446;410;1868;1404;0
1018.0;0;29;80.5;-;+;-;100.0;-;-;+;0;-;male;-;1;-;-;-;450;413;978;826;0
305.0;2;34;73.4832;-;+;-;100.0;-;+;+;1011;-;male;+;3;-;+;+;350;417;865;527;1
1081.0;0;33;63.504;-;-;-;;-;+;+;919;-;female;+;3;-;-;-;348;437;441;379;0
1083.0;0;39;80.9676;-;+;-;100.0;-;+;+;327;-;male;+;2;-;-;-;424;409;524;460;0
1033.0;3;28;70.7616;-;+;-;100.0;-;+;+;600;-;male;+;3;-;+;+;464;402;1170;728;0
1033.0;2;33;73.0296;-;-;-;100.0;-;+;+;814;+;female;+;3;+;+;+;473;428;2451;2606;0
1077.0;2;29;78.6996;-;+;-;100.0;-;+;+;723;-;male;+;3;-;+;-;270;228;1296;1057;0
1085.0;2;42;70.5348;-;+;-;100.0;-;+;+;1057;-;male;+;3;-;+;-;289;266;1491;838;0
158.0;3;30;67.1328;-;+;-;;-;+;+;327;-;male;+;2;-;+;+;269;123;1613;651;1
1032.0;1;40;69.8544;-;+;-;;-;+;+;690;-;male;+;3;-;+;+;229;293;1038;653;0
1033.0;1;33;74.844;-;+;-;;-;+;+;595;-;male;+;3;-;+;+;364;460;655;712;0
1032.0;2;51;68.04;-;+;-;100.0;-;+;+;389;+;male;+;3;-;+;+;202;274;529;392;0
1032.0;0;44;77.5656;-;+;-;100.0;-;+;+;448;-;male;+;3;-;-;-;240;359;765;872;0
269.0;2;41;83.4624;-;-;-;100.0;-;+;+;1174;-;female;+;3;-;+;+;232;182;901;682;1
729.0;3;28;87.9984;-;-;-;100.0;-;+;+;832;-;female;+;3;-;+;-;316;336;700;890;1
582.0;0;39;73.0296;-;+;-;100.0;-;-;+;0;+;male;-;1;-;-;+;254;193;606;734;0
1046.0;3;35;89.3592;-;+;-;100.0;-;-;+;0;-;male;-;1;-;+;-;527;538;1156;1180;0
316.0;2;63;86.6376;-;-;-;100.0;-;-;+;0;+;male;-;1;-;+;+;593;440;537;647;0
1039.0;3;33;66.4524;-;-;-;100.0;-;-;+;0;+;female;-;1;-;+;-;310;372;800;1032;0
1014.0;1;30;70.9884;-;+;+;;-;-;+;0;-;male;-;1;-;+;-;300;484;1307;829;0
1013.0;2;47;84.8;-;+;-;100.0;-;-;+;0;-;male;-;1;-;+;-;468;470;716;438;0
1000.0;3;27;70.5348;-;+;-;100.0;-;-;+;0;-;male;-;1;-;+;-;252;358;1040;1348;0
986.0;2;26;70.0812;-;+;-;100.0;-;-;+;0;-;male;-;1;-;+;-;340;513;875;984;0
992.0;2;27;62.5968;-;-;-;90.0;-;-;+;0;+;female;-;1;-;+;-;647;486;988;638;0
562.0;3;45;81.33048;-;+;+;90.0;-;+;+;629;-;male;+;3;-;+;+;205;193;1435;1256;1
624.0;3;35;70.5;-;+;+;90.0;-;-;+;0;-;male;-;1;-;+;+;273;216;2263;1529;1
1088.0;2;27;74.844;-;-;-;;-;+;+;90;-;male;+;2;-;+;-;441;404;1415;1102;0
1068.0;2;51;102.3;-;+;-;90.0;-;-;+;0;-;male;-;1;-;+;-;409;459;563;422;0
314.0;0;25;58.7;-;+;-;70.0;-;-;+;0;-;male;-;1;-;-;+;155;174;1041;857;0
978.0;2;54;75.5;-;-;-;100.0;-;-;+;0;-;female;-;1;+;+;-;418;323;1426;1083;1
231.0;0;28;83.0088;-;+;-;;-;-;+;0;-;male;-;1;-;-;+;304;251;1040;1317;1
974.0;0;40;70.4;-;+;-;90.0;-;-;+;0;-;male;-;1;-;-;+;238;248;666;690;0
1041.0;3;60;65.8;-;+;-;90.0;-;-;+;0;-;male;-;1;-;+;-;326;283;405;557;0
806.0;2;32;64.1844;-;+;-;90.0;-;-;+;0;-;male;-;1;-;+;-;573;466;764;583;1
939.0;1;41;63.5;-;+;-;90.0;-;-;+;0;-;male;-;1;-;+;+;375;955;1774;1910;0
904.0;3;33;75.5;-;+;-;90.0;-;-;+;0;-;male;-;1;-;+;+;112;348;291;541;1
797.0;0;39;74.43576;-;+;-;90.0;-;-;+;0;-;male;-;1;-;-;+;406;551;624;992;1
896.0;3;31;72.8;-;-;-;90.0;-;-;+;0;-;female;-;1;-;+;+;314;615;572;846;0
1006.0;2;34;66.4;-;+;-;100.0;-;-;+;0;+;male;-;1;+;+;-;307;344;970;935;0
1032.0;0;33;74.4;-;+;-;;-;-;+;0;-;male;-;1;-;-;-;212;369;575;1574;0
1007.0;3;36;77.0;-;+;-;100.0;-;-;+;0;-;male;-;1;+;+;+;232;449;986;1853;0
855.0;1;32;84.1;-;+;-;90.0;-;-;+;0;-;male;-;1;-;+;+;553;515;2029;1803;0
989.0;1;28;67.6;-;+;-;;-;-;+;0;-;male;-;1;-;+;-;378;457;972;1054;0
886.0;0;32;78.0192;-;+;-;;-;-;+;0;-;male;-;1;-;-;+;274;279;712;750;0
989.0;3;28;88.9;-;+;+;90.0;-;-;+;0;-;male;-;1;-;+;-;322;251;1041;529;0
844.0;0;31;71.8;-;+;-;90.0;-;-;+;0;-;male;-;1;-;-;-;461;485;1318;1617;1
;2;30;36.78696;-;+;-;90.0;-;-;+;0;-;male;-;1;-;+;+;222;189;666;544;0
613.0;3;47;69.5;-;+;-;90.0;-;+;+;492;-;male;+;3;-;+;+;350;271;1440;942;1
;0;40;85.5;-;+;-;100.0;-;+;+;217;+;male;+;2;+;-;-;430;440;1260;1480;1
287.0;2;28;61.0;-;-;-;100.0;-;-;+;0;+;male;-;1;-;+;+;360;300;410;400;0
;1;35;55.5;-;-;-;90.0;-;-;+;0;+;female;-;1;+;+;+;300;240;790;520;0
1053.0;3;27;96.1;-;+;-;100.0;-;-;+;0;+;male;-;1;-;+;-;590;840;1330;1300;0
392.0;0;28;73.5;-;-;-;;-;-;+;0;+;female;-;1;-;-;+;381;340;4255;2690;1
1048.0;1;39;83.9;-;+;-;100.0;-;-;+;0;-;male;-;1;-;+;-;370;460;630;490;0
220.0;0;37;72.5;-;-;-;100.0;-;+;+;852;-;female;+;3;-;-;+;390;190;2840;1980;1
1012.0;0;36;69.5;-;+;-;100.0;-;-;+;0;+;male;-;1;-;-;-;190;300;340;510;0
1045.0;2;33;67.4;-;+;-;100.0;-;-;+;0;-;male;-;1;-;+;-;422;320;1040;690;0
412.0;1;30;75.9;-;+;-;100.0;-;-;+;0;-;male;-;1;-;+;+;580;343;950;874;1
306.0;0;39;112.5;-;-;+;100.0;-;+;+;383;+;female;+;3;+;-;+;360;320;550;590;0
894.0;1;45;78.0;-;-;+;100.0;-;-;+;0;+;male;-;1;-;+;+;380;326;490;535;0
963.0;2;37;87.0;-;+;-;100.0;-;-;+;0;-;male;-;1;-;+;+;480;550;1550;1910;0
874.0;0;39;71.3;-;-;+;100.0;-;-;+;0;+;male;-;1;-;-;+;490;430;1030;1040;0
1010.0;3;21;77.0;-;+;-;100.0;-;-;+;0;+;male;-;1;+;+;-;410;420;1270;1430;0
1014.0;1;36;57.5;-;+;-;90.0;-;-;+;0;+;male;-;1;-;+;-;160;220;1390;980;0
1010.0;1;42;49.5;-;+;-;100.0;-;-;+;0;-;male;-;1;-;+;-;260;550;1340;1280;0
1011.0;2;35;64.2;-;+;-;100.0;-;-;+;0;-;male;-;1;+;+;-;260;500;1010;1590;0
741.0;3;31;45.0;-;-;-;100.0;-;-;+;0;+;female;-;1;-;+;+;530;420;1210;1030;1
229.0;0;45;84.3;-;+;-;100.0;-;-;+;0;-;male;-;1;-;-;+;420;400;1110;1070;0
423.0;1;31;80.5;-;+;-;;-;-;+;0;+;male;-;1;-;+;-;170;160;570;350;1
986.0;3;37;89.7;-;+;-;100.0;-;-;+;0;-;male;-;1;-;+;-;390;290;1090;910;0
813.0;3;29;54.0;-;-;-;100.0;-;+;+;1201;-;female;+;3;+;+;+;182;218;606;764;1
1052.0;2;23;60.5;-;-;-;100.0;-;+;+;994;+;female;+;3;-;+;-;311;334;246;195;0
134.0;3;51;55.3;-;-;-;80.0;-;+;+;129;-;female;+;2;+;+;+;277;381;768;1224;0
221.0;0;29;64.2;-;+;-;100.0;-;-;+;0;+;male;-;1;+;-;+;175;109;905;876;1
775.0;1;29;67.7;-;+;-;100.0;-;-;+;0;-;male;-;1;-;+;-;489;207;1050;519;1
;0;38;94.5;-;-;+;100.0;-;-;+;0;-;male;-;1;+;-;+;242;142;418;343;1
224.0;3;39;63.1;-;-;-;100.0;-;-;+;0;+;male;-;1;+;+;+;247;169;364;266;1
190.0;1;51;119.2968;-;+;-;100.0;-;-;+;0;-;male;-;1;-;+;+;231;194;492;605;1
;1;49;55.7;-;-;-;100.0;-;+;+;607;-;female;+;3;-;+;-;200;352;500;649;0
301.0;2;38;84.91392;-;+;+;100.0;-;-;+;0;-;male;-;1;-;+;-;450;343;954;730;1
1061.0;3;31;77.5656;-;+;-;100.0;-;-;+;0;+;male;-;1;-;+;-;432;432;846;882;0
383.0;0;32;64.4112;-;-;+;100.0;-;+;+;863;-;female;+;3;-;-;+;234;189;225;294;1
357.0;1;39;85.7304;-;+;-;100.0;-;-;+;0;+;male;-;1;-;+;+;550;248;594;574;0
392.0;0;26;86.184;-;-;+;90.0;-;-;+;0;-;male;-;1;-;-;+;342;179;1098;650;1
730.0;2;33;65.0;-;+;-;100.0;-;-;+;0;+;male;-;1;-;+;+;165;158;900;1000;1
1048.0;3;51;68.4936;-;-;-;100.0;-;+;+;1034;-;female;+;3;-;+;-;297;303;504;450;0
231.0;0;41;80.2872;-;-;-;100.0;-;-;+;0;+;male;-;1;-;-;-;300;219;795;564;1
1042.0;2;41;60.0;-;-;+;100.0;-;+;+;343;-;female;+;2;-;+;-;324;275;588;506;0
1041.0;3;43;62.5;-;+;-;100.0;-;-;+;0;-;male;-;1;-;+;-;252;357;252;238;0
623.0;0;29;88.17984;-;-;+;100.0;-;-;+;0;+;male;-;1;+;-;+;378;530;864;545;1
298.0;1;25;74.9;-;-;-;90.0;-;-;+;0;-;female;-;1;-;+;+;418;645;1064;1198;0
1027.0;2;34;70.1;-;+;-;100.0;-;-;+;0;-;male;-;1;-;+;-;380;459;988;1201;0
1020.0;3;40;87.0;-;+;-;100.0;-;-;+;0;-;male;-;1;-;+;-;412;707;804;1003;0
182.0;0;27;90.08496;-;-;+;100.0;-;-;+;0;+;male;-;1;-;-;+;462;595;1034;938;0
889.0;2;31;81.1944;-;-;+;100.0;-;+;+;516;-;female;+;3;-;+;-;403;670;689;882;0
1014.0;1;30;71.3;-;-;-;100.0;-;-;+;0;-;female;-;1;-;+;-;520;673;772;1061;0
;2;29;67.5864;-;-;-;100.0;-;-;+;0;+;male;-;1;-;+;-;429;440;759;653;0
868.0;0;47;53.9784;-;-;-;100.0;-;-;+;0;-;female;-;1;-;-;-;534;403;675;446;0
1005.0;3;35;85.7304;-;-;+;100.0;-;-;+;0;+;male;-;1;-;+;-;434;330;636;438;0
875.0;2;27;70.7616;-;+;+;100.0;-;-;+;0;+;male;-;1;-;+;+;347;426;419;608;0
997.0;0;31;76.11408;-;+;-;100.0;-;-;+;0;-;male;-;1;-;-;-;420;468;706;916;0
990.0;1;27;72.5;-;+;-;100.0;-;-;+;0;+;male;-;1;-;+;-;328;418;218;220;0
743.0;2;45;71.3;-;+;-;100.0;-;-;+;0;-;male;-;1;-;+;-;335;258;567;408;1
1033.0;0;52;91.1736;-;-;-;90.0;-;-;+;0;+;female;-;1;-;-;-;238;260;792;730;0
552.0;2;29;68.9;-;-;+;80.0;-;-;+;0;+;female;-;1;-;+;+;321;330;1606;830;0
916.0;2;37;86.184;-;-;+;90.0;-;-;+;0;+;male;-;1;-;+;-;560;290;1780;910;0
1018.0;1;32;63.6;-;-;+;90.0;-;+;+;719;-;female;+;3;-;+;-;340;240;570;330;0
1014.0;3;40;78.9264;-;-;-;90.0;-;-;+;0;+;female;-;1;-;+;-;330;380;920;1010;0
885.0;3;47;62.5968;-;-;-;90.0;-;+;+;385;-;female;+;3;-;+;+;110;80;230;140;1
913.0;2;39;62.5968;-;-;-;90.0;-;+;+;269;-;female;+;2;-;+;+;280;180;440;200;0
993.0;1;62;98.8848;-;+;-;90.0;-;-;+;0;-;male;-;1;-;+;-;430;380;1040;570;0
957.0;1;34;72.1224;-;-;+;90.0;-;+;+;1035;-;female;+;3;-;+;-;350;810;720;1270;0
491.0;0;40;62.5968;-;-;-;90.0;-;+;+;514;-;female;+;3;-;-;+;410;450;1760;3130;1
678.0;3;36;83.916;-;+;+;70.0;-;-;+;0;+;male;-;1;+;+;+;300;310;550;560;0
891.0;2;23;93.8952;-;-;-;;-;-;+;0;+;female;-;1;-;+;+;400;510;730;860;0
947.0;1;44;53.5248;-;-;+;90.0;-;+;+;101;-;female;+;2;-;+;-;310;340;1020;720;0
158.0;0;43;59.0;-;-;+;90.0;-;-;+;0;+;female;-;1;-;-;+;290;420;870;990;0
948.0;3;34;96.6168;-;+;-;90.0;-;-;+;0;-;male;-;1;-;+;-;420;470;1170;1540;0
672.0;1;44;77.112;-;-;+;100.0;-;-;+;0;+;male;-;1;-;+;+;349;390;424;450;0
310.0;0;39;72.3;+;+;-;90.0;-;+;+;986;-;male;+;3;-;-;+;319;323;839;857;0
1154.0;2;21;68.0;+;-;-;100.0;-;-;+;0;-;male;-;1;+;+;-;417;426;659;564;0
372.0;2;27;70.2;+;-;-;90.0;-;-;+;0;-;male;-;1;-;+;+;302;362;626;710;0
474.0;0;29;62.5;+;-;-;90.0;-;-;+;221;-;male;+;2;+;-;+;406;314;649;487;0
355.0;3;32;75.0;+;-;-;90.0;+;+;+;174;-;male;+;2;-;+;+;537;495;427;417;0
644.0;1;38;74.1636;+;-;-;100.0;-;+;+;448;-;male;+;3;+;+;+;267;226;956;785;1
1140.0;3;16;58.0608;+;-;-;100.0;-;+;+;333;-;male;+;2;-;+;+;369;325;906;1044;0
1106.0;3;24;80.7408;+;-;-;100.0;-;+;+;872;+;female;+;3;-;+;+;271;222;829;838;0
1106.0;1;22;52.75368;-;-;-;100.0;-;+;+;565;-;female;+;3;-;+;+;214;204;844;911;0
1173.0;2;44;81.1944;+;+;-;100.0;-;+;+;411;-;male;+;3;-;+;-;477;454;1286;937;0
1121.0;2;13;32.6592;+;-;-;100.0;-;+;+;553;-;male;+;3;+;+;+;265;434;434;993;0
624.0;3;17;83.916;+;-;-;90.0;-;+;+;501;-;male;+;3;-;+;+;388;296;1143;971;0
211.0;2;24;90.0;+;-;-;100.0;-;+;+;881;-;male;+;3;-;+;+;208;274;578;497;0
133.0;0;30;57.834;+;-;-;90.0;-;+;+;865;-;male;+;3;-;-;+;239;53;532;279;0
1143.0;1;35;85.7304;+;-;-;100.0;-;+;+;136;-;male;+;2;-;+;-;282;396;600;669;0
1002.0;0;23;63.1;+;-;-;100.0;-;+;+;344;-;male;+;2;-;-;-;309;248;540;397;0
427.0;0;20;77.112;+;-;-;;-;-;+;0;-;male;-;1;-;-;-;248;334;413;484;1
196.0;2;33;84.7;-;-;-;100.0;-;+;+;177;-;female;+;2;-;+;+;294;120;2418;1406;0
1090.0;0;32;72.2;+;-;-;100.0;-;+;+;942;-;male;+;3;-;-;-;287;328;786;916;0
490.0;2;23;63.9576;+;-;-;100.0;-;+;+;693;-;male;+;3;-;+;+;258;255;499;720;0
1012.0;3;25;62.37;+;-;-;100.0;-;-;+;0;-;male;-;1;-;+;-;454;467;1483;985;0
991.0;3;33;73.0296;+;-;-;100.0;-;-;+;0;-;male;-;1;-;+;-;371;504;1398;950;0
1157.0;0;33;72.576;+;-;-;100.0;-;+;+;112;-;male;+;2;-;-;-;346;348;641;713;0
1157.0;2;23;80.7408;+;-;-;100.0;-;+;+;843;-;male;+;3;-;+;-;524;492;690;812;0
1095.0;2;62;81.648;+;-;-;100.0;-;-;+;0;-;male;-;1;-;+;+;334;277;1070;932;0
148.0;2;19;77.88312;+;-;-;90.0;-;+;+;788;-;male;+;3;-;+;+;315;237;1241;533;0
133.0;2;42;60.01128;+;-;-;90.0;-;+;+;1192;-;male;+;3;-;+;+;320;324;815;756;0
1140.0;3;30;92.5344;+;-;-;100.0;-;+;+;235;-;male;+;2;-;+;-;300;324;1047;730;0
580.0;3;28;108.4104;+;-;-;100.0;-;-;+;0;-;male;-;1;-;+;+;550;458;1377;1194;0
1140.0;1;19;70.308;+;-;-;100.0;-;+;+;667;-;male;+;3;-;+;-;410;510;913;796;0
1133.0;0;28;114.7608;+;-;-;100.0;-;-;+;0;-;male;-;1;-;-;-;396;318;990;801;0
1119.0;0;54;93.2148;+;-;-;100.0;-;-;+;0;-;male;-;1;-;-;-;400;340;333;305;0
567.0;3;48;81.1944;+;-;-;100.0;-;-;+;0;+;male;-;1;-;+;+;461;294;177;220;1
1105.0;2;44;82.1016;+;-;-;100.0;-;+;+;918;-;male;+;3;-;+;-;534;360;383;270;0
1087.0;2;24;49.896;+;-;-;100.0;-;+;+;819;+;male;+;3;-;+;-;190;260;950;1010;0
;3;14;54.2052;+;-;-;;-;+;+;610;+;male;+;3;-;+;-;290;300;1200;960;0
1077.0;1;16;54.8856;+;-;-;100.0;-;+;+;833;+;male;+;3;-;+;-;470;550;950;920;0
898.0;1;23;66.906;+;-;-;100.0;-;-;+;0;+;male;-;1;-;+;+;194;264;550;779;0
314.0;0;18;56.8;+;-;-;100.0;-;+;+;805;+;male;+;3;-;-;-;276;150;1279;805;1
1151.0;3;32;74.3;+;-;-;100.0;-;+;+;156;-;male;+;2;-;+;-;324;426;315;405;0
413.0;0;28;72.03168;+;-;-;100.0;+;-;+;88;-;male;+;2;-;-;+;348;279;528;450;1
1145.0;2;18;75.2976;+;-;-;100.0;-;-;+;0;-;male;-;1;-;+;-;439;432;760;702;0
1129.0;2;30;83.82528;+;-;+;100.0;-;-;+;0;-;male;-;1;-;+;-;248;276;538;444;0
;0;37;92.0;+;-;-;100.0;-;-;+;0;-;male;-;1;-;-;-;214;308;1000;1026;1
781.0;0;32;65.95344;+;-;-;90.0;-;+;+;421;-;male;+;3;-;-;-;416;325;816;598;1
1115.0;1;21;62.86896;+;-;-;100.0;-;+;+;181;-;male;+;2;-;+;-;229;139;1041;662;0
701.0;1;24;89.8128;+;-;-;100.0;-;-;+;0;+;male;-;1;-;+;-;322;315;1612;1496;1
1101.0;3;12;41.4;+;-;-;100.0;-;-;+;0;+;male;-;1;-;+;-;301;390;314;457;0
265.0;2;13;62.86896;+;-;-;100.0;-;-;+;366;-;male;+;2;-;+;+;445;286;810;678;0
1056.0;0;31;81.8;+;-;-;100.0;-;-;+;0;-;male;-;1;-;-;-;532;449;1719;657;0
425.0;0;21;80.514;+;-;-;100.0;-;+;+;160;-;male;+;2;-;-;-;300;273;438;701;1
1088.0;3;25;80.2872;+;-;-;100.0;-;+;+;852;-;male;+;3;-;+;-;306;417;384;395;0
588.0;3;28;76.8852;+;-;-;90.0;-;+;+;524;+;male;+;3;-;+;+;305;286;1119;778;0
109.0;3;33;115.53192;+;-;-;100.0;-;-;+;0;+;male;-;1;-;+;+;424;424;2404;1013;0
1088.0;1;32;70.2;+;-;-;100.0;-;+;+;1417;-;male;+;3;-;+;-;313;307;2784;1794;0
;3;42;74.844;+;-;-;90.0;-;+;+;1983;-;male;+;3;-;+;-;224;280;548;746;1
923.0;2;52;80.2872;+;+;-;100.0;-;+;+;816;-;male;+;3;-;+;-;186;231;568;657;1
1069.0;2;44;80.0604;+;-;-;90.0;-;+;+;723;+;male;+;3;-;+;-;324;238;1617;1146;0
1082.0;3;14;41.0508;+;-;-;100.0;-;-;+;0;-;male;-;1;-;+;-;516;734;1081;1403;0
699.0;1;20;71.9;+;-;-;100.0;-;-;+;0;-;male;-;1;-;+;-;290;176;841;897;1
999.0;0;35;80.514;+;-;-;100.0;-;-;+;0;+;male;-;1;-;-;-;490;403;1151;1008;0
993.0;0;21;64.4;-;-;-;100.0;-;+;+;667;-;male;+;3;-;-;-;579;504;1116;1197;1
1092.0;3;38;85.4;+;-;-;100.0;-;+;+;694;-;male;+;3;-;+;-;290;285;570;365;0
1145.0;1;40;86.4108;+;-;-;100.0;-;+;+;715;-;male;+;3;-;+;-;296;368;395;451;0
;0;27;60.3288;+;-;-;100.0;-;+;+;928;-;male;+;3;-;-;-;448;424;3046;2798;0
1147.0;1;12;53.1;+;-;-;100.0;-;+;+;902;-;male;+;3;-;+;-;328;826;712;1582;0
1144.0;3;27;60.6;+;-;-;100.0;-;+;+;800;-;male;+;3;-;+;-;230;265;755;530;0
506.0;0;28;68.2;+;-;-;100.0;-;+;+;832;-;male;+;3;-;-;-;278;176;324;218;1
324.0;1;12;31.0;+;-;-;100.0;-;+;+;2500;-;male;+;3;-;+;+;187;116;176;124;1
739.0;3;14;64.3;+;-;-;100.0;-;+;+;387;+;male;+;3;-;+;+;383;281;1043;1251;1
959.0;1;30;73.0296;+;-;-;100.0;-;+;+;264;-;male;+;2;-;+;+;718;596;491;398;0
1089.0;2;24;83.0;+;-;-;100.0;-;+;+;625;-;male;+;3;-;+;-;452;559;733;875;0
;2;15;46.8;+;-;-;90.0;-;+;+;481;-;male;+;3;-;+;+;311;172;699;508;1
414.0;0;21;75.4;+;-;-;100.0;-;+;+;192;+;male;+;2;-;-;-;190;148;1045;1252;1
1088.0;1;16;41.0;+;-;-;100.0;-;+;+;626;-;male;+;3;-;+;-;458;453;1861;1841;0
1088.0;2;16;60.0;+;-;-;100.0;-;+;+;844;-;male;+;3;+;+;-;440;323;451;323;0
1088.0;0;21;93.6;+;-;-;100.0;-;+;+;925;+;male;+;3;-;-;-;628;398;1167;906;0
;2;35;73.2;+;-;-;90.0;-;+;+;916;-;male;+;3;-;+;-;519;307;1016;722;0
;3;24;66.4;+;-;+;100.0;-;+;+;735;-;male;+;3;-;+;-;359;253;745;591;1
1143.0;3;27;58.0608;+;-;-;90.0;-;-;+;41;+;male;+;2;-;+;-;353;434;680;1086;0
1016.0;2;31;82.3284;+;-;-;100.0;-;+;+;459;-;male;+;3;-;+;-;323;373;1394;1021;0
601.0;0;40;85.7304;+;-;-;100.0;-;-;+;0;-;male;-;1;-;-;+;428;473;643;663;0
596.0;3;27;94.5756;+;-;-;90.0;+;-;+;481;-;male;+;3;-;+;+;323;199;1714;1360;0
696.0;2;50;97.9776;+;-;-;100.0;-;+;+;214;-;male;+;2;+;+;+;281;282;1176;873;1
400.0;0;13;48.5352;+;-;-;100.0;-;-;+;0;-;male;-;1;+;-;+;283;271;457;767;0
987.0;1;32;53.7516;+;+;-;90.0;-;-;+;56;-;male;+;2;-;+;-;383;520;405;560;0
717.0;3;36;76.6584;+;-;-;100.0;-;+;+;905;-;male;+;3;-;+;+;265;248;967;1080;0
795.0;2;25;81.1944;+;-;-;80.0;-;+;+;366;+;male;+;2;-;+;+;196;137;517;355;1
1114.0;2;47;60.64632;+;-;-;90.0;-;+;+;845;-;male;+;3;-;+;-;142;243;891;927;0
1109.0;1;18;75.7512;+;-;-;100.0;-;+;+;638;-;male;+;3;-;+;-;148;173;781;571;0
408.0;0;23;57.6072;+;-;-;100.0;-;+;+;119;-;male;+;2;-;-;+;122;96;875;840;0
;1;22;60.23808;+;-;-;90.0;-;+;+;796;+;male;+;3;-;+;-;225;382;2387;1444;0
1096.0;3;29;79.38;+;-;-;100.0;-;+;+;635;+;male;+;3;-;+;-;348;308;1501;1044;0
1021.0;3;41;56.2464;+;-;-;90.0;-;+;+;1775;-;male;+;3;-;+;-;470;377;1716;1115;1
597.0;2;25;73.4832;+;-;-;;-;+;+;683;-;male;+;3;-;+;+;380;348;1360;1012;0
1089.0;1;30;51.7104;+;-;-;90.0;-;+;+;858;-;male;+;3;+;+;-;226;300;519;500;0
658.0;1;20;55.3392;+;-;-;100.0;-;+;+;629;-;male;+;3;-;+;+;386;406;593;725;0
868.0;2;32;61.9164;-;+;-;100.0;-;-;+;0;-;male;-;1;-;+;-;646;613;463;546;0
1004.0;0;14;48.3084;+;-;-;100.0;-;-;+;0;-;male;-;1;-;-;-;481;428;1129;1240;0
795.0;3;29;57.2;-;-;-;100.0;-;+;+;108;-;female;+;2;-;+;-;230;323;546;685;0
1043.0;0;48;77.2;+;-;-;100.0;-;+;+;774;-;male;+;3;-;-;+;360;384;351;374;0
1154.0;1;37;82.7;+;-;-;100.0;-;+;+;745;-;male;+;3;-;+;-;358;481;1150;927;0
1144.0;2;27;64.5;+;-;-;100.0;-;+;+;453;-;male;+;3;-;+;-;316;465;1517;1182;0
1132.0;2;23;74.5;+;-;-;100.0;-;+;+;100;+;male;+;2;-;+;-;255;198;600;530;0
636.0;1;18;80.4;+;-;-;100.0;-;+;+;963;-;male;+;3;+;+;+;322;538;919;1355;0
487.0;3;47;84.0;+;-;-;;-;+;+;205;-;male;+;2;-;+;+;128;488;370;1343;0
841.0;1;38;82.7;+;-;-;80.0;-;+;+;731;-;male;+;3;-;+;+;260;365;818;963;1
1156.0;3;25;78.5;+;-;-;100.0;-;+;+;490;-;male;+;3;-;+;-;202;327;694;1015;0
1156.0;2;16;57.8;+;-;-;100.0;-;+;+;888;-;male;+;3;-;+;-;395;529;426;572;0
263.0;0;22;85.9;+;-;-;100.0;-;+;+;530;-;male;+;3;-;-;+;242;293;465;536;0
1152.0;3;27;85.8;+;-;-;100.0;-;-;+;0;-;male;-;1;-;+;-;176;221;960;1372;0
150.0;2;18;77.0;+;-;-;100.0;-;+;+;488;-;male;+;3;-;+;+;294;467;910;918;1
1124.0;3;23;66.2;+;-;-;100.0;-;+;+;1327;-;male;+;3;-;+;-;266;342;577;535;0
826.0;0;22;99.6;+;-;-;100.0;-;-;+;0;-;male;-;1;-;-;-;478;528;632;783;1
1081.0;0;33;73.0;+;-;-;100.0;-;+;+;868;+;male;+;3;+;-;+;190;344;713;1312;0
1083.0;1;41;55.0;+;-;-;90.0;-;+;+;866;-;male;+;3;-;+;-;429;521;2508;1463;0
664.0;1;36;60.0;+;-;-;90.0;-;-;+;0;-;male;-;1;-;+;-;739;418;795;603;1
1097.0;0;24;71.0;+;-;-;100.0;-;+;+;334;-;male;+;2;-;-;+;364;475;770;802;0
1146.0;3;23;70.9;+;-;-;90.0;-;+;+;1181;-;male;+;3;-;+;-;434;211;1018;806;0
154.0;0;21;52.3;+;-;-;90.0;-;+;+;24;-;male;+;2;-;-;-;415;181;949;666;1
1146.0;3;25;70.5;+;-;-;90.0;-;+;+;26;-;male;+;2;-;+;-;550;710;5011;6035;0
811.0;2;26;55.0;-;-;-;100.0;-;+;+;378;-;female;+;3;+;+;-;233;245;1209;1126;1
889.0;2;16;55.0;+;-;-;90.0;-;+;+;791;+;male;+;3;-;+;-;198;199;954;811;1
1069.0;2;24;66.0;+;-;-;90.0;-;+;+;769;-;male;+;3;-;+;-;312;422;352;443;1
1101.0;3;25;65.0;+;-;-;90.0;-;+;+;754;-;male;+;3;-;+;-;252;241;672;421;0
588.0;0;16;63.0;+;-;-;100.0;-;+;+;753;-;male;+;3;-;-;-;299;214;546;471;1
1087.0;2;25;78.0;+;-;-;100.0;-;+;+;905;-;male;+;3;-;+;-;468;594;636;554;0
948.0;1;20;72.4;+;-;-;100.0;-;-;+;0;-;female;-;1;-;+;+;483;641;1728;1504;0
413.0;3;27;80.2872;+;-;-;70.0;-;+;+;2078;-;male;+;3;-;+;+;321;222;910;1009;0
1041.0;2;39;64.8648;+;-;-;90.0;-;+;+;1042;-;male;+;3;-;+;+;378;401;504;367;1
1091.0;3;21;53.298;+;-;-;100.0;-;+;+;842;-;male;+;3;-;+;+;152;109;561;720;0
395.0;0;17;102.9672;+;-;-;100.0;-;+;+;417;+;male;+;3;-;-;+;373;218;1759;1030;0
1104.0;2;53;69.8544;+;+;-;90.0;-;+;+;753;+;male;+;3;-;+;-;419;364;1391;1041;0
465.0;0;14;60.0;+;-;-;;-;-;+;0;-;male;-;1;-;-;-;166;169;999;1838;1
1045.0;3;45;77.3;+;-;-;100.0;-;-;+;0;-;male;-;1;-;+;-;911;930;885;526;0
